{
  "type": "FeatureCollection",
  "properties": {
    "source": "https://elevation.nationalmap.gov/arcgis/rest/services/3DEPElevation/ImageServer",
    "source_name": "USGS 3D Elevation Program Bare Earth DEM",
    "downloaded_at": "2026-07-29T16:55:37.104664+00:00",
    "horizontal_crs": "EPSG:4326",
    "vertical_crs": "EPSG:5703",
    "vertical_datum": "NAVD88",
    "vertical_units": "meters",
    "contour_interval_m": 20,
    "index_contour_interval_m": 100,
    "dem_pixel_size_m": 5,
    "bounds": {
      "west": -72.1075,
      "east": -72.0857,
      "south": 43.7774,
      "north": 43.7908
    },
    "dem_elevation_range_m": [
      270.539,
      605.196
    ],
    "refresh_command": "pixi run openskistats download_dartmouth_contours"
  },
  "features": [
    {
      "type": "Feature",
      "id": "contour/280m",
      "properties": {
        "elevation_m": 280,
        "is_index": false
      },
      "geometry": {
        "type": "MultiLineString",
        "coordinates": [
          [
            [
              -72.0988491,
              43.7908
            ],
            [
              -72.0988599,
              43.7907776
            ],
            [
              -72.0988747,
              43.7907325
            ],
            [
              -72.0988856,
              43.7906874
            ],
            [
              -72.0988951,
              43.7906423
            ],
            [
              -72.098898,
              43.7906375
            ],
            [
              -72.098945,
              43.7905972
            ],
            [
              -72.0989602,
              43.7905815
            ],
            [
              -72.0989895,
              43.790552
            ],
            [
              -72.0990223,
              43.7905233
            ],
            [
              -72.0990433,
              43.7905069
            ],
            [
              -72.0990844,
              43.7904775
            ],
            [
              -72.0991056,
              43.7904618
            ],
            [
              -72.0991465,
              43.7904188
            ],
            [
              -72.0991476,
              43.7904167
            ],
            [
              -72.0991651,
              43.7903716
            ],
            [
              -72.0991845,
              43.7903264
            ],
            [
              -72.0992062,
              43.7902813
            ],
            [
              -72.0992086,
              43.7902789
            ],
            [
              -72.099246,
              43.7902362
            ],
            [
              -72.0992707,
              43.7902024
            ],
            [
              -72.0992836,
              43.7901911
            ],
            [
              -72.0993328,
              43.7901631
            ],
            [
              -72.0993883,
              43.790146
            ],
            [
              -72.0993949,
              43.7901448
            ],
            [
              -72.099457,
              43.7901424
            ],
            [
              -72.0995191,
              43.7901155
            ],
            [
              -72.0995342,
              43.7901009
            ],
            [
              -72.0995646,
              43.7900557
            ],
            [
              -72.0995813,
              43.7900324
            ],
            [
              -72.0996005,
              43.7900106
            ],
            [
              -72.0996434,
              43.7899696
            ],
            [
              -72.0996478,
              43.7899655
            ],
            [
              -72.0996826,
              43.7899204
            ],
            [
              -72.0996884,
              43.7898753
            ],
            [
              -72.0997055,
              43.7898461
            ],
            [
              -72.0997195,
              43.7898301
            ],
            [
              -72.0997576,
              43.789785
            ],
            [
              -72.0997676,
              43.7897744
            ],
            [
              -72.0998206,
              43.7897399
            ],
            [
              -72.0998297,
              43.7897344
            ],
            [
              -72.0998918,
              43.7897225
            ],
            [
              -72.0999539,
              43.7897003
            ],
            [
              -72.100016,
              43.7897117
            ],
            [
              -72.1000362,
              43.7896948
            ],
            [
              -72.1000781,
              43.7896789
            ],
            [
              -72.1000945,
              43.7896497
            ],
            [
              -72.1001096,
              43.7896045
            ],
            [
              -72.1001385,
              43.7895594
            ],
            [
              -72.1001402,
              43.7895576
            ],
            [
              -72.1001874,
              43.7895143
            ],
            [
              -72.1002023,
              43.7894825
            ],
            [
              -72.1002645,
              43.7894924
            ],
            [
              -72.1003266,
              43.7894926
            ],
            [
              -72.1003887,
              43.7894834
            ],
            [
              -72.1004508,
              43.7894822
            ],
            [
              -72.1004594,
              43.7894692
            ],
            [
              -72.1004935,
              43.7894241
            ],
            [
              -72.1005129,
              43.789414
            ],
            [
              -72.100537,
              43.7893789
            ],
            [
              -72.100575,
              43.7893565
            ],
            [
              -72.1006113,
              43.7893789
            ],
            [
              -72.1006335,
              43.7894241
            ],
            [
              -72.1006371,
              43.7894271
            ],
            [
              -72.1006788,
              43.7894692
            ],
            [
              -72.1006924,
              43.7895143
            ],
            [
              -72.1006992,
              43.7895332
            ],
            [
              -72.1007613,
              43.7895567
            ],
            [
              -72.1007805,
              43.7895594
            ],
            [
              -72.1008234,
              43.7895649
            ],
            [
              -72.1008856,
              43.7895663
            ],
            [
              -72.1009477,
              43.7895646
            ],
            [
              -72.1010098,
              43.7895739
            ],
            [
              -72.10103,
              43.7895594
            ],
            [
              -72.1010585,
              43.7895143
            ],
            [
              -72.1010719,
              43.7895078
            ],
            [
              -72.1010745,
              43.7895143
            ],
            [
              -72.1010846,
              43.7895594
            ],
            [
              -72.101134,
              43.7895924
            ],
            [
              -72.1011415,
              43.7896045
            ],
            [
              -72.1011609,
              43.7896497
            ],
            [
              -72.1011961,
              43.7896901
            ],
            [
              -72.1012,
              43.7896948
            ],
            [
              -72.1012212,
              43.7897399
            ],
            [
              -72.1012382,
              43.789785
            ],
            [
              -72.1012582,
              43.7898159
            ],
            [
              -72.1012789,
              43.7898301
            ],
            [
              -72.1013164,
              43.7898753
            ],
            [
              -72.1013203,
              43.7898869
            ],
            [
              -72.1013783,
              43.7899204
            ],
            [
              -72.1013824,
              43.7899566
            ],
            [
              -72.1013829,
              43.7899655
            ],
            [
              -72.1014074,
              43.7900106
            ],
            [
              -72.1014445,
              43.7900314
            ],
            [
              -72.1014759,
              43.7900557
            ],
            [
              -72.1015066,
              43.7900952
            ],
            [
              -72.1015104,
              43.7901009
            ],
            [
              -72.1015216,
              43.790146
            ],
            [
              -72.1015499,
              43.7901911
            ],
            [
              -72.1015688,
              43.7902203
            ],
            [
              -72.1015789,
              43.7902362
            ],
            [
              -72.1016085,
              43.7902813
            ],
            [
              -72.1016309,
              43.7903044
            ],
            [
              -72.1016445,
              43.7903264
            ],
            [
              -72.1016565,
              43.7903716
            ],
            [
              -72.1016735,
              43.7904167
            ],
            [
              -72.101693,
              43.7904488
            ],
            [
              -72.1017031,
              43.7904618
            ],
            [
              -72.1017354,
              43.7905069
            ],
            [
              -72.1017551,
              43.7905402
            ],
            [
              -72.1017601,
              43.790552
            ],
            [
              -72.1018018,
              43.7905972
            ],
            [
              -72.1018172,
              43.7906126
            ],
            [
              -72.1018421,
              43.7906423
            ],
            [
              -72.101851,
              43.7906874
            ],
            [
              -72.1018659,
              43.7907325
            ],
            [
              -72.1018793,
              43.7907585
            ],
            [
              -72.1018894,
              43.7907776
            ],
            [
              -72.1019051,
              43.7908
            ]
          ]
        ]
      }
    },
    {
      "type": "Feature",
      "id": "contour/300m",
      "properties": {
        "elevation_m": 300,
        "is_index": true
      },
      "geometry": {
        "type": "MultiLineString",
        "coordinates": [
          [
            [
              -72.0978872,
              43.7908
            ],
            [
              -72.0979027,
              43.7907776
            ],
            [
              -72.0979043,
              43.790775
            ],
            [
              -72.0979291,
              43.7907325
            ],
            [
              -72.0979577,
              43.7906874
            ],
            [
              -72.0979664,
              43.7906749
            ],
            [
              -72.0980068,
              43.7906423
            ],
            [
              -72.0980285,
              43.7906242
            ],
            [
              -72.0980547,
              43.7905972
            ],
            [
              -72.0980906,
              43.7905606
            ],
            [
              -72.0980976,
              43.790552
            ],
            [
              -72.098124,
              43.7905069
            ],
            [
              -72.0981476,
              43.7904618
            ],
            [
              -72.0981527,
              43.7904536
            ],
            [
              -72.0981827,
              43.7904167
            ],
            [
              -72.0981962,
              43.7903716
            ],
            [
              -72.0982148,
              43.7903299
            ],
            [
              -72.0982168,
              43.7903264
            ],
            [
              -72.0982384,
              43.7902813
            ],
            [
              -72.098253,
              43.7902362
            ],
            [
              -72.0982738,
              43.7901911
            ],
            [
              -72.098277,
              43.7901856
            ],
            [
              -72.0983128,
              43.790146
            ],
            [
              -72.0983391,
              43.7901059
            ],
            [
              -72.0983428,
              43.7901009
            ],
            [
              -72.0983681,
              43.7900557
            ],
            [
              -72.0983979,
              43.7900106
            ],
            [
              -72.0983967,
              43.7899655
            ],
            [
              -72.0983516,
              43.7899204
            ],
            [
              -72.0983391,
              43.7898972
            ],
            [
              -72.098325,
              43.7898753
            ],
            [
              -72.0983391,
              43.7898491
            ],
            [
              -72.0983523,
              43.7898301
            ],
            [
              -72.0983815,
              43.789785
            ],
            [
              -72.0984012,
              43.7897482
            ],
            [
              -72.0984073,
              43.7897399
            ],
            [
              -72.0984499,
              43.7896948
            ],
            [
              -72.0984633,
              43.7896803
            ],
            [
              -72.0984927,
              43.7896497
            ],
            [
              -72.0985103,
              43.7896045
            ],
            [
              -72.0985212,
              43.7895594
            ],
            [
              -72.0985254,
              43.789553
            ],
            [
              -72.0985486,
              43.7895143
            ],
            [
              -72.0985703,
              43.7894692
            ],
            [
              -72.0985813,
              43.7894241
            ],
            [
              -72.0985774,
              43.7893789
            ],
            [
              -72.0985875,
              43.7893612
            ],
            [
              -72.098603,
              43.7893338
            ],
            [
              -72.0986496,
              43.7893007
            ],
            [
              -72.0986676,
              43.7892887
            ],
            [
              -72.0987117,
              43.7892637
            ],
            [
              -72.098755,
              43.7892436
            ],
            [
              -72.0987738,
              43.7892161
            ],
            [
              -72.0987792,
              43.7891985
            ],
            [
              -72.0987953,
              43.7891533
            ],
            [
              -72.0988211,
              43.7891082
            ],
            [
              -72.0988359,
              43.7890969
            ],
            [
              -72.0988721,
              43.7890631
            ],
            [
              -72.098898,
              43.789029
            ],
            [
              -72.0989101,
              43.789018
            ],
            [
              -72.0989602,
              43.7889775
            ],
            [
              -72.0989691,
              43.7889729
            ],
            [
              -72.0990223,
              43.7889489
            ],
            [
              -72.0990543,
              43.7889278
            ],
            [
              -72.0990343,
              43.7888826
            ],
            [
              -72.0990223,
              43.7888658
            ],
            [
              -72.0990062,
              43.7888375
            ],
            [
              -72.0989816,
              43.7887924
            ],
            [
              -72.098971,
              43.7887473
            ],
            [
              -72.0989602,
              43.7887358
            ],
            [
              -72.0989148,
              43.7887022
            ],
            [
              -72.098898,
              43.7886722
            ],
            [
              -72.0988882,
              43.788657
            ],
            [
              -72.098898,
              43.7886422
            ],
            [
              -72.098919,
              43.7886119
            ],
            [
              -72.0989436,
              43.7885668
            ],
            [
              -72.0989602,
              43.7885435
            ],
            [
              -72.0989728,
              43.7885217
            ],
            [
              -72.0990098,
              43.7884766
            ],
            [
              -72.0990118,
              43.7884314
            ],
            [
              -72.0990223,
              43.7884264
            ],
            [
              -72.0990844,
              43.788406
            ],
            [
              -72.0991148,
              43.7883863
            ],
            [
              -72.0991397,
              43.7883412
            ],
            [
              -72.0991395,
              43.7882961
            ],
            [
              -72.0991465,
              43.7882755
            ],
            [
              -72.099163,
              43.788251
            ],
            [
              -72.0991641,
              43.7882058
            ],
            [
              -72.0991733,
              43.7881607
            ],
            [
              -72.0991973,
              43.7881156
            ],
            [
              -72.0992086,
              43.7880937
            ],
            [
              -72.0992265,
              43.7880705
            ],
            [
              -72.0992707,
              43.7880407
            ],
            [
              -72.0993018,
              43.7880254
            ],
            [
              -72.0993171,
              43.7879802
            ],
            [
              -72.0993117,
              43.7879351
            ],
            [
              -72.0992951,
              43.78789
            ],
            [
              -72.0992796,
              43.7878449
            ],
            [
              -72.0992707,
              43.7878185
            ],
            [
              -72.0992651,
              43.7877998
            ],
            [
              -72.0992585,
              43.7877547
            ],
            [
              -72.0992671,
              43.7877095
            ],
            [
              -72.0992707,
              43.7876985
            ],
            [
              -72.099279,
              43.7876644
            ],
            [
              -72.0992857,
              43.7876193
            ],
            [
              -72.0992799,
              43.7875742
            ],
            [
              -72.0992843,
              43.7875291
            ],
            [
              -72.0993118,
              43.7874839
            ],
            [
              -72.099273,
              43.7874388
            ],
            [
              -72.0992707,
              43.7874371
            ],
            [
              -72.0992408,
              43.7873937
            ],
            [
              -72.0992539,
              43.7873486
            ],
            [
              -72.0992375,
              43.7873035
            ],
            [
              -72.0992215,
              43.7872583
            ],
            [
              -72.0992093,
              43.7872132
            ],
            [
              -72.0992086,
              43.7872067
            ],
            [
              -72.0992008,
              43.7871681
            ],
            [
              -72.0991684,
              43.787123
            ],
            [
              -72.0991465,
              43.7870888
            ],
            [
              -72.0991395,
              43.7870779
            ],
            [
              -72.0991324,
              43.7870327
            ],
            [
              -72.099134,
              43.7869876
            ],
            [
              -72.0991154,
              43.7869425
            ],
            [
              -72.0991073,
              43.7868974
            ],
            [
              -72.0990844,
              43.7868553
            ],
            [
              -72.099083,
              43.7868523
            ],
            [
              -72.0990753,
              43.7868072
            ],
            [
              -72.0990707,
              43.786762
            ],
            [
              -72.0990477,
              43.7867169
            ],
            [
              -72.0990223,
              43.786686
            ],
            [
              -72.0990103,
              43.7866718
            ],
            [
              -72.0989602,
              43.7866336
            ],
            [
              -72.0989518,
              43.7866267
            ],
            [
              -72.098898,
              43.7865942
            ],
            [
              -72.0988855,
              43.7865816
            ],
            [
              -72.0988531,
              43.7865364
            ],
            [
              -72.0988359,
              43.7865215
            ],
            [
              -72.0987809,
              43.7864913
            ],
            [
              -72.0987738,
              43.7864893
            ],
            [
              -72.0987117,
              43.7864588
            ],
            [
              -72.0986944,
              43.7864462
            ],
            [
              -72.0986675,
              43.7864011
            ],
            [
              -72.0986496,
              43.7863722
            ],
            [
              -72.0986404,
              43.786356
            ],
            [
              -72.0985875,
              43.7863262
            ],
            [
              -72.0985699,
              43.7863108
            ],
            [
              -72.0985254,
              43.7862792
            ],
            [
              -72.0985121,
              43.7862657
            ],
            [
              -72.0984913,
              43.7862206
            ],
            [
              -72.0984786,
              43.7861755
            ],
            [
              -72.0985042,
              43.7861304
            ],
            [
              -72.0985254,
              43.786114
            ],
            [
              -72.0985363,
              43.7861304
            ],
            [
              -72.0985875,
              43.7861722
            ],
            [
              -72.0986496,
              43.7861715
            ],
            [
              -72.0986689,
              43.7861755
            ],
            [
              -72.0987117,
              43.7861955
            ],
            [
              -72.0987738,
              43.7862185
            ],
            [
              -72.0987779,
              43.7862206
            ],
            [
              -72.0988359,
              43.7862325
            ],
            [
              -72.098898,
              43.7862392
            ],
            [
              -72.0989602,
              43.7862501
            ],
            [
              -72.0990023,
              43.7862657
            ],
            [
              -72.0990223,
              43.7862715
            ],
            [
              -72.0990844,
              43.7862981
            ],
            [
              -72.0991205,
              43.7863108
            ],
            [
              -72.0991465,
              43.7863284
            ],
            [
              -72.0992086,
              43.7863154
            ],
            [
              -72.0992707,
              43.7863111
            ],
            [
              -72.0992726,
              43.7863108
            ],
            [
              -72.0993328,
              43.7863013
            ],
            [
              -72.0993949,
              43.7862993
            ],
            [
              -72.099457,
              43.7862917
            ],
            [
              -72.0995191,
              43.7862823
            ],
            [
              -72.0995813,
              43.7862714
            ],
            [
              -72.0996028,
              43.7862657
            ],
            [
              -72.0996434,
              43.7862593
            ],
            [
              -72.0996812,
              43.7862657
            ],
            [
              -72.0997055,
              43.7862703
            ],
            [
              -72.0997676,
              43.7862872
            ],
            [
              -72.0998273,
              43.7863108
            ],
            [
              -72.0998297,
              43.7863117
            ],
            [
              -72.0998918,
              43.7863315
            ],
            [
              -72.0999539,
              43.7863537
            ],
            [
              -72.0999593,
              43.786356
            ],
            [
              -72.100016,
              43.7863759
            ],
            [
              -72.1000781,
              43.7863976
            ],
            [
              -72.1000998,
              43.7864011
            ],
            [
              -72.1001402,
              43.7864139
            ],
            [
              -72.1001636,
              43.7864462
            ],
            [
              -72.1002023,
              43.7864859
            ],
            [
              -72.1002056,
              43.7864913
            ],
            [
              -72.1002144,
              43.7865364
            ],
            [
              -72.1002179,
              43.7865816
            ],
            [
              -72.1002266,
              43.7866267
            ],
            [
              -72.1002528,
              43.7866718
            ],
            [
              -72.1002645,
              43.7867077
            ],
            [
              -72.1002709,
              43.7867169
            ],
            [
              -72.1003123,
              43.786762
            ],
            [
              -72.1003266,
              43.7867722
            ],
            [
              -72.1003463,
              43.7868072
            ],
            [
              -72.1003737,
              43.7868523
            ],
            [
              -72.1003882,
              43.7868974
            ],
            [
              -72.1003887,
              43.7868984
            ],
            [
              -72.1004111,
              43.7869425
            ],
            [
              -72.1004377,
              43.7869876
            ],
            [
              -72.1004508,
              43.7870053
            ],
            [
              -72.100469,
              43.7870327
            ],
            [
              -72.1004866,
              43.7870779
            ],
            [
              -72.1005021,
              43.787123
            ],
            [
              -72.1005129,
              43.7871476
            ],
            [
              -72.100523,
              43.7871681
            ],
            [
              -72.1005522,
              43.7872132
            ],
            [
              -72.100575,
              43.7872406
            ],
            [
              -72.10059,
              43.7872583
            ],
            [
              -72.1006314,
              43.7873035
            ],
            [
              -72.1006371,
              43.7873091
            ],
            [
              -72.1006652,
              43.7873486
            ],
            [
              -72.1006881,
              43.7873937
            ],
            [
              -72.1006992,
              43.7874148
            ],
            [
              -72.1007116,
              43.7874388
            ],
            [
              -72.1007242,
              43.7874839
            ],
            [
              -72.1007339,
              43.7875291
            ],
            [
              -72.1007613,
              43.7875676
            ],
            [
              -72.1007664,
              43.7875742
            ],
            [
              -72.1008031,
              43.7876193
            ],
            [
              -72.1008234,
              43.787634
            ],
            [
              -72.1008616,
              43.7876644
            ],
            [
              -72.1008856,
              43.7876802
            ],
            [
              -72.1009261,
              43.7877095
            ],
            [
              -72.1009477,
              43.787737
            ],
            [
              -72.1009593,
              43.7877547
            ],
            [
              -72.1009849,
              43.7877998
            ],
            [
              -72.1010056,
              43.7878449
            ],
            [
              -72.1010098,
              43.7878514
            ],
            [
              -72.1010358,
              43.78789
            ],
            [
              -72.1010592,
              43.7879351
            ],
            [
              -72.1010703,
              43.7879802
            ],
            [
              -72.1010719,
              43.7879827
            ],
            [
              -72.1011046,
              43.7880254
            ],
            [
              -72.1011234,
              43.7880705
            ],
            [
              -72.1011036,
              43.7881156
            ],
            [
              -72.1010945,
              43.7881607
            ],
            [
              -72.1010719,
              43.7881977
            ],
            [
              -72.1010665,
              43.7882058
            ],
            [
              -72.1010719,
              43.7882133
            ],
            [
              -72.1010888,
              43.788251
            ],
            [
              -72.101134,
              43.7882838
            ],
            [
              -72.1011542,
              43.7882961
            ],
            [
              -72.1011805,
              43.7883412
            ],
            [
              -72.1011929,
              43.7883863
            ],
            [
              -72.1011905,
              43.7884314
            ],
            [
              -72.1011961,
              43.7884577
            ],
            [
              -72.1012,
              43.7884766
            ],
            [
              -72.1012117,
              43.7885217
            ],
            [
              -72.1012078,
              43.7885668
            ],
            [
              -72.1011961,
              43.7885842
            ],
            [
              -72.10117,
              43.7886119
            ],
            [
              -72.1011814,
              43.788657
            ],
            [
              -72.1011961,
              43.7886763
            ],
            [
              -72.1012173,
              43.7887022
            ],
            [
              -72.1012427,
              43.7887473
            ],
            [
              -72.1012582,
              43.7887669
            ],
            [
              -72.1012797,
              43.7887924
            ],
            [
              -72.1013108,
              43.7888375
            ],
            [
              -72.1013203,
              43.7888532
            ],
            [
              -72.1013435,
              43.7888826
            ],
            [
              -72.101367,
              43.7889278
            ],
            [
              -72.1013824,
              43.7889504
            ],
            [
              -72.1014069,
              43.7889729
            ],
            [
              -72.1014445,
              43.7890055
            ],
            [
              -72.101454,
              43.789018
            ],
            [
              -72.1014675,
              43.7890631
            ],
            [
              -72.1014755,
              43.7891082
            ],
            [
              -72.1014765,
              43.7891533
            ],
            [
              -72.1014776,
              43.7891985
            ],
            [
              -72.1014945,
              43.7892436
            ],
            [
              -72.1015066,
              43.7892669
            ],
            [
              -72.1015168,
              43.7892887
            ],
            [
              -72.1015366,
              43.7893338
            ],
            [
              -72.1015575,
              43.7893789
            ],
            [
              -72.1015688,
              43.7893982
            ],
            [
              -72.1016309,
              43.7893832
            ],
            [
              -72.1016373,
              43.7893789
            ],
            [
              -72.101693,
              43.7893422
            ],
            [
              -72.1017551,
              43.7893491
            ],
            [
              -72.1017912,
              43.7893789
            ],
            [
              -72.1018172,
              43.7894041
            ],
            [
              -72.1018326,
              43.7894241
            ],
            [
              -72.1018776,
              43.7894692
            ],
            [
              -72.1018793,
              43.7894725
            ],
            [
              -72.1019038,
              43.7895143
            ],
            [
              -72.1019299,
              43.7895594
            ],
            [
              -72.1019414,
              43.7895742
            ],
            [
              -72.1019847,
              43.7896045
            ],
            [
              -72.1020035,
              43.7896135
            ],
            [
              -72.1020335,
              43.7896497
            ],
            [
              -72.1020566,
              43.7896948
            ],
            [
              -72.1020656,
              43.7897121
            ],
            [
              -72.1020755,
              43.7897399
            ],
            [
              -72.1020759,
              43.789785
            ],
            [
              -72.1020819,
              43.7898301
            ],
            [
              -72.1020893,
              43.7898753
            ],
            [
              -72.1020998,
              43.7899204
            ],
            [
              -72.1021213,
              43.7899655
            ],
            [
              -72.1021277,
              43.7899893
            ],
            [
              -72.1021343,
              43.7900106
            ],
            [
              -72.1021495,
              43.7900557
            ],
            [
              -72.1021656,
              43.7901009
            ],
            [
              -72.1021796,
              43.790146
            ],
            [
              -72.1021899,
              43.7901634
            ],
            [
              -72.1022157,
              43.7901911
            ],
            [
              -72.102252,
              43.7902196
            ],
            [
              -72.102265,
              43.7902362
            ],
            [
              -72.1022867,
              43.7902813
            ],
            [
              -72.1022908,
              43.7903264
            ],
            [
              -72.1022872,
              43.7903716
            ],
            [
              -72.1022924,
              43.7904167
            ],
            [
              -72.1022725,
              43.7904618
            ],
            [
              -72.102252,
              43.7905014
            ],
            [
              -72.1022493,
              43.7905069
            ],
            [
              -72.1022416,
              43.790552
            ],
            [
              -72.102252,
              43.7905876
            ],
            [
              -72.1022651,
              43.7905972
            ],
            [
              -72.1023141,
              43.7906127
            ],
            [
              -72.1023501,
              43.7906423
            ],
            [
              -72.1023445,
              43.7906874
            ],
            [
              -72.1023569,
              43.7907325
            ],
            [
              -72.1023631,
              43.7907776
            ],
            [
              -72.1023726,
              43.7908
            ]
          ]
        ]
      }
    },
    {
      "type": "Feature",
      "id": "contour/320m",
      "properties": {
        "elevation_m": 320,
        "is_index": false
      },
      "geometry": {
        "type": "MultiLineString",
        "coordinates": [
          [
            [
              -72.0966008,
              43.7908
            ],
            [
              -72.0966136,
              43.7907776
            ],
            [
              -72.0966277,
              43.7907325
            ],
            [
              -72.0966621,
              43.7906921
            ],
            [
              -72.096667,
              43.7906874
            ],
            [
              -72.0967214,
              43.7906423
            ],
            [
              -72.0967242,
              43.7906409
            ],
            [
              -72.0967805,
              43.7905972
            ],
            [
              -72.0967863,
              43.7905927
            ],
            [
              -72.0968351,
              43.790552
            ],
            [
              -72.0968484,
              43.7905402
            ],
            [
              -72.0969105,
              43.7905179
            ],
            [
              -72.0969369,
              43.7905069
            ],
            [
              -72.0969727,
              43.7904832
            ],
            [
              -72.0969996,
              43.7904618
            ],
            [
              -72.0970348,
              43.7904231
            ],
            [
              -72.0970407,
              43.7904167
            ],
            [
              -72.0970874,
              43.7903716
            ],
            [
              -72.0970969,
              43.7903625
            ],
            [
              -72.0971383,
              43.7903264
            ],
            [
              -72.097159,
              43.7903104
            ],
            [
              -72.0972015,
              43.7902813
            ],
            [
              -72.0972211,
              43.7902698
            ],
            [
              -72.0972643,
              43.7902362
            ],
            [
              -72.0972832,
              43.7902145
            ],
            [
              -72.0973121,
              43.7901911
            ],
            [
              -72.0973453,
              43.7901665
            ],
            [
              -72.0973682,
              43.790146
            ],
            [
              -72.0974074,
              43.7901075
            ],
            [
              -72.097414,
              43.7901009
            ],
            [
              -72.0974524,
              43.7900557
            ],
            [
              -72.0974695,
              43.7900299
            ],
            [
              -72.0974808,
              43.7900106
            ],
            [
              -72.0975106,
              43.7899655
            ],
            [
              -72.0975316,
              43.7899329
            ],
            [
              -72.0975387,
              43.7899204
            ],
            [
              -72.0975637,
              43.7898753
            ],
            [
              -72.0975797,
              43.7898301
            ],
            [
              -72.0975938,
              43.789801
            ],
            [
              -72.0976042,
              43.789785
            ],
            [
              -72.0976206,
              43.7897399
            ],
            [
              -72.0976183,
              43.7896948
            ],
            [
              -72.0976354,
              43.7896497
            ],
            [
              -72.0976545,
              43.7896045
            ],
            [
              -72.0976559,
              43.7896019
            ],
            [
              -72.097677,
              43.7895594
            ],
            [
              -72.097708,
              43.7895143
            ],
            [
              -72.097718,
              43.7894977
            ],
            [
              -72.0977358,
              43.7894692
            ],
            [
              -72.097737,
              43.7894241
            ],
            [
              -72.0977326,
              43.7893789
            ],
            [
              -72.0977399,
              43.7893338
            ],
            [
              -72.0977546,
              43.7892887
            ],
            [
              -72.0977801,
              43.7892517
            ],
            [
              -72.0977853,
              43.7892436
            ],
            [
              -72.0978179,
              43.7891985
            ],
            [
              -72.0978329,
              43.7891533
            ],
            [
              -72.0978422,
              43.789123
            ],
            [
              -72.0978455,
              43.7891082
            ],
            [
              -72.0978519,
              43.7890631
            ],
            [
              -72.0978652,
              43.789018
            ],
            [
              -72.0978772,
              43.7889729
            ],
            [
              -72.0978778,
              43.7889278
            ],
            [
              -72.0978872,
              43.7888826
            ],
            [
              -72.0979043,
              43.7888524
            ],
            [
              -72.0979117,
              43.7888375
            ],
            [
              -72.0979229,
              43.7887924
            ],
            [
              -72.0979357,
              43.7887473
            ],
            [
              -72.097951,
              43.7887022
            ],
            [
              -72.0979647,
              43.788657
            ],
            [
              -72.0979664,
              43.7886455
            ],
            [
              -72.0979725,
              43.7886119
            ],
            [
              -72.0979725,
              43.7885668
            ],
            [
              -72.097978,
              43.7885217
            ],
            [
              -72.0980012,
              43.7884766
            ],
            [
              -72.0980137,
              43.7884314
            ],
            [
              -72.0980202,
              43.7883863
            ],
            [
              -72.0979993,
              43.7883412
            ],
            [
              -72.097981,
              43.7882961
            ],
            [
              -72.0979783,
              43.788251
            ],
            [
              -72.0979923,
              43.7882058
            ],
            [
              -72.0979931,
              43.7881607
            ],
            [
              -72.0980174,
              43.7881156
            ],
            [
              -72.0980285,
              43.7881087
            ],
            [
              -72.0980863,
              43.7880705
            ],
            [
              -72.0980869,
              43.7880254
            ],
            [
              -72.0980615,
              43.7879802
            ],
            [
              -72.0980285,
              43.7879446
            ],
            [
              -72.0980212,
              43.7879351
            ],
            [
              -72.0980285,
              43.7879148
            ],
            [
              -72.0980421,
              43.78789
            ],
            [
              -72.0980677,
              43.7878449
            ],
            [
              -72.0980906,
              43.7878137
            ],
            [
              -72.0981009,
              43.7877998
            ],
            [
              -72.0981474,
              43.7877547
            ],
            [
              -72.0981527,
              43.7877494
            ],
            [
              -72.0981765,
              43.7877095
            ],
            [
              -72.098199,
              43.7876644
            ],
            [
              -72.0982148,
              43.787639
            ],
            [
              -72.0982303,
              43.7876193
            ],
            [
              -72.0982483,
              43.7875742
            ],
            [
              -72.0982217,
              43.7875291
            ],
            [
              -72.0982148,
              43.7875203
            ],
            [
              -72.0981866,
              43.7874839
            ],
            [
              -72.0981736,
              43.7874388
            ],
            [
              -72.0982148,
              43.7873972
            ],
            [
              -72.0982184,
              43.7873937
            ],
            [
              -72.0982247,
              43.7873486
            ],
            [
              -72.0982267,
              43.7873035
            ],
            [
              -72.0982553,
              43.7872583
            ],
            [
              -72.0982756,
              43.7872132
            ],
            [
              -72.098277,
              43.787212
            ],
            [
              -72.0983065,
              43.7871681
            ],
            [
              -72.0983145,
              43.787123
            ],
            [
              -72.0983114,
              43.7870779
            ],
            [
              -72.0982934,
              43.7870327
            ],
            [
              -72.0982813,
              43.7869876
            ],
            [
              -72.098277,
              43.7869786
            ],
            [
              -72.0982572,
              43.7869425
            ],
            [
              -72.0982337,
              43.7868974
            ],
            [
              -72.0982148,
              43.7868566
            ],
            [
              -72.098213,
              43.7868523
            ],
            [
              -72.0981987,
              43.7868072
            ],
            [
              -72.0981847,
              43.786762
            ],
            [
              -72.0981733,
              43.7867169
            ],
            [
              -72.0981618,
              43.7866718
            ],
            [
              -72.098168,
              43.7866267
            ],
            [
              -72.0981797,
              43.7865816
            ],
            [
              -72.0981613,
              43.7865364
            ],
            [
              -72.0981527,
              43.7864961
            ],
            [
              -72.0981515,
              43.7864913
            ],
            [
              -72.0981348,
              43.7864462
            ],
            [
              -72.0981276,
              43.7864011
            ],
            [
              -72.0980995,
              43.786356
            ],
            [
              -72.0980906,
              43.7863491
            ],
            [
              -72.0980345,
              43.7863108
            ],
            [
              -72.0980285,
              43.7863065
            ],
            [
              -72.0979864,
              43.7862657
            ],
            [
              -72.0979664,
              43.7862412
            ],
            [
              -72.0979427,
              43.7862206
            ],
            [
              -72.0979043,
              43.7861923
            ],
            [
              -72.0978899,
              43.7861755
            ],
            [
              -72.0978661,
              43.7861304
            ],
            [
              -72.0978422,
              43.7861027
            ],
            [
              -72.0978267,
              43.7860852
            ],
            [
              -72.0977933,
              43.7860401
            ],
            [
              -72.0977801,
              43.786022
            ],
            [
              -72.0977614,
              43.785995
            ],
            [
              -72.097746,
              43.7859499
            ],
            [
              -72.0977334,
              43.7859048
            ],
            [
              -72.0977297,
              43.7858596
            ],
            [
              -72.0977336,
              43.7858145
            ],
            [
              -72.0977751,
              43.7857694
            ],
            [
              -72.0977801,
              43.7857611
            ],
            [
              -72.0978024,
              43.7857243
            ],
            [
              -72.0978175,
              43.7856792
            ],
            [
              -72.0978106,
              43.7856341
            ],
            [
              -72.0977801,
              43.7856093
            ],
            [
              -72.0977247,
              43.7855889
            ],
            [
              -72.097718,
              43.7855872
            ],
            [
              -72.0976559,
              43.7855811
            ],
            [
              -72.0975962,
              43.7855438
            ],
            [
              -72.0975938,
              43.7855409
            ],
            [
              -72.0975682,
              43.7854987
            ],
            [
              -72.0975851,
              43.7854536
            ],
            [
              -72.0975786,
              43.7854085
            ],
            [
              -72.0975575,
              43.7853633
            ],
            [
              -72.0975316,
              43.7853205
            ],
            [
              -72.0975303,
              43.7853182
            ],
            [
              -72.0974904,
              43.7852731
            ],
            [
              -72.0974695,
              43.785243
            ],
            [
              -72.0974622,
              43.785228
            ],
            [
              -72.0974388,
              43.7851829
            ],
            [
              -72.0974074,
              43.7851496
            ],
            [
              -72.0973966,
              43.7851377
            ],
            [
              -72.0973545,
              43.7850926
            ],
            [
              -72.0973453,
              43.7850707
            ],
            [
              -72.0973334,
              43.7850475
            ],
            [
              -72.0973182,
              43.7850024
            ],
            [
              -72.0972927,
              43.7849573
            ],
            [
              -72.0972832,
              43.7849487
            ],
            [
              -72.0972314,
              43.7849121
            ],
            [
              -72.0972211,
              43.7848944
            ],
            [
              -72.097206,
              43.784867
            ],
            [
              -72.097159,
              43.784826
            ],
            [
              -72.097154,
              43.7848219
            ],
            [
              -72.0971292,
              43.7847768
            ],
            [
              -72.0971308,
              43.7847317
            ],
            [
              -72.0971375,
              43.7846865
            ],
            [
              -72.0971108,
              43.7846414
            ],
            [
              -72.097125,
              43.7845963
            ],
            [
              -72.0971377,
              43.7845512
            ],
            [
              -72.097159,
              43.7845172
            ],
            [
              -72.0971667,
              43.7845061
            ],
            [
              -72.0971972,
              43.784461
            ],
            [
              -72.0972211,
              43.7844224
            ],
            [
              -72.0972275,
              43.7844158
            ],
            [
              -72.0972511,
              43.7843707
            ],
            [
              -72.0972625,
              43.7843256
            ],
            [
              -72.0972763,
              43.7842805
            ],
            [
              -72.0972822,
              43.7842354
            ],
            [
              -72.0972832,
              43.7842325
            ],
            [
              -72.0973035,
              43.7841902
            ],
            [
              -72.0973157,
              43.7841451
            ],
            [
              -72.0973064,
              43.7841
            ],
            [
              -72.0973062,
              43.7840549
            ],
            [
              -72.097304,
              43.7840098
            ],
            [
              -72.0972832,
              43.7839861
            ],
            [
              -72.0972708,
              43.7839646
            ],
            [
              -72.0972832,
              43.7839459
            ],
            [
              -72.0973059,
              43.7839195
            ],
            [
              -72.097306,
              43.7838744
            ],
            [
              -72.0972832,
              43.783842
            ],
            [
              -72.0972755,
              43.7838293
            ],
            [
              -72.0972697,
              43.7837842
            ],
            [
              -72.0972624,
              43.783739
            ],
            [
              -72.0972525,
              43.7836939
            ],
            [
              -72.0972211,
              43.7836505
            ],
            [
              -72.0972192,
              43.7836488
            ],
            [
              -72.0972014,
              43.7836037
            ],
            [
              -72.0971659,
              43.7835586
            ],
            [
              -72.097159,
              43.7835555
            ],
            [
              -72.0970969,
              43.7835177
            ],
            [
              -72.0970925,
              43.7835135
            ],
            [
              -72.0970969,
              43.7835082
            ],
            [
              -72.097159,
              43.7834915
            ],
            [
              -72.0972211,
              43.7834971
            ],
            [
              -72.0972464,
              43.7835135
            ],
            [
              -72.0972832,
              43.7835334
            ],
            [
              -72.097332,
              43.7835586
            ],
            [
              -72.0973453,
              43.7835724
            ],
            [
              -72.0973588,
              43.7836037
            ],
            [
              -72.0973943,
              43.7836488
            ],
            [
              -72.0974074,
              43.7836617
            ],
            [
              -72.0974366,
              43.7836939
            ],
            [
              -72.0974695,
              43.7837332
            ],
            [
              -72.0974792,
              43.783739
            ],
            [
              -72.0975256,
              43.7837842
            ],
            [
              -72.0975316,
              43.7837882
            ],
            [
              -72.0975938,
              43.7838241
            ],
            [
              -72.0976161,
              43.7838293
            ],
            [
              -72.0976559,
              43.783846
            ],
            [
              -72.097718,
              43.7838489
            ],
            [
              -72.0977748,
              43.7838744
            ],
            [
              -72.0977801,
              43.7838781
            ],
            [
              -72.0978422,
              43.7839093
            ],
            [
              -72.0978665,
              43.7839195
            ],
            [
              -72.0979043,
              43.7839324
            ],
            [
              -72.0979326,
              43.7839646
            ],
            [
              -72.0979661,
              43.7840098
            ],
            [
              -72.0979594,
              43.7840549
            ],
            [
              -72.0979492,
              43.7841
            ],
            [
              -72.0979377,
              43.7841451
            ],
            [
              -72.0979254,
              43.7841902
            ],
            [
              -72.0979116,
              43.7842354
            ],
            [
              -72.0979144,
              43.7842805
            ],
            [
              -72.0979244,
              43.7843256
            ],
            [
              -72.0979329,
              43.7843707
            ],
            [
              -72.0979448,
              43.7844158
            ],
            [
              -72.0979527,
              43.784461
            ],
            [
              -72.0979664,
              43.7844778
            ],
            [
              -72.0980285,
              43.7845032
            ],
            [
              -72.0980316,
              43.7845061
            ],
            [
              -72.0980731,
              43.7845512
            ],
            [
              -72.0980906,
              43.7845655
            ],
            [
              -72.0981302,
              43.7845963
            ],
            [
              -72.0981527,
              43.7846145
            ],
            [
              -72.0981868,
              43.7846414
            ],
            [
              -72.0982148,
              43.7846783
            ],
            [
              -72.0982207,
              43.7846865
            ],
            [
              -72.098232,
              43.7847317
            ],
            [
              -72.0982693,
              43.7847768
            ],
            [
              -72.098277,
              43.7847845
            ],
            [
              -72.0983258,
              43.7848219
            ],
            [
              -72.0983391,
              43.7848263
            ],
            [
              -72.0984012,
              43.7848551
            ],
            [
              -72.0984295,
              43.784867
            ],
            [
              -72.0984633,
              43.7848784
            ],
            [
              -72.0985178,
              43.7849121
            ],
            [
              -72.0985254,
              43.7849158
            ],
            [
              -72.0985827,
              43.7849121
            ],
            [
              -72.0985875,
              43.7849119
            ],
            [
              -72.0985881,
              43.7849121
            ],
            [
              -72.09862,
              43.7849573
            ],
            [
              -72.0986298,
              43.7850024
            ],
            [
              -72.0986496,
              43.7850278
            ],
            [
              -72.0986669,
              43.7850475
            ],
            [
              -72.0987043,
              43.7850926
            ],
            [
              -72.0987117,
              43.785117
            ],
            [
              -72.0987197,
              43.7851377
            ],
            [
              -72.0987355,
              43.7851829
            ],
            [
              -72.0987738,
              43.7852162
            ],
            [
              -72.098784,
              43.785228
            ],
            [
              -72.0987927,
              43.7852731
            ],
            [
              -72.0987957,
              43.7853182
            ],
            [
              -72.098814,
              43.7853633
            ],
            [
              -72.0988181,
              43.7854085
            ],
            [
              -72.0988359,
              43.7854525
            ],
            [
              -72.0988374,
              43.7854536
            ],
            [
              -72.098898,
              43.7854888
            ],
            [
              -72.0989602,
              43.7854856
            ],
            [
              -72.0990223,
              43.7854812
            ],
            [
              -72.0990844,
              43.7854779
            ],
            [
              -72.0991465,
              43.7854741
            ],
            [
              -72.0992086,
              43.7854654
            ],
            [
              -72.0992551,
              43.7854536
            ],
            [
              -72.0992707,
              43.7854496
            ],
            [
              -72.0993328,
              43.7854369
            ],
            [
              -72.0993949,
              43.7854288
            ],
            [
              -72.099457,
              43.7854123
            ],
            [
              -72.0994855,
              43.7854085
            ],
            [
              -72.0995191,
              43.7854046
            ],
            [
              -72.0995813,
              43.7853858
            ],
            [
              -72.0996434,
              43.7854049
            ],
            [
              -72.0996558,
              43.7854085
            ],
            [
              -72.0997055,
              43.7854222
            ],
            [
              -72.0997676,
              43.785451
            ],
            [
              -72.0997787,
              43.7854536
            ],
            [
              -72.0998297,
              43.7854639
            ],
            [
              -72.0998918,
              43.7854985
            ],
            [
              -72.099892,
              43.7854987
            ],
            [
              -72.0999253,
              43.7855438
            ],
            [
              -72.0999539,
              43.7855692
            ],
            [
              -72.0999664,
              43.7855889
            ],
            [
              -72.0999854,
              43.7856341
            ],
            [
              -72.100016,
              43.7856711
            ],
            [
              -72.1000266,
              43.7856792
            ],
            [
              -72.1000781,
              43.7857177
            ],
            [
              -72.1000882,
              43.7857243
            ],
            [
              -72.1001402,
              43.7857547
            ],
            [
              -72.10018,
              43.7857694
            ],
            [
              -72.1002023,
              43.7857818
            ],
            [
              -72.1002645,
              43.7857797
            ],
            [
              -72.1003266,
              43.7857742
            ],
            [
              -72.1003887,
              43.7857993
            ],
            [
              -72.1004185,
              43.7858145
            ],
            [
              -72.1004508,
              43.7858296
            ],
            [
              -72.1005129,
              43.7858487
            ],
            [
              -72.100575,
              43.7858577
            ],
            [
              -72.1005776,
              43.7858596
            ],
            [
              -72.100601,
              43.7859048
            ],
            [
              -72.1006341,
              43.7859499
            ],
            [
              -72.1006371,
              43.7859545
            ],
            [
              -72.1006992,
              43.785989
            ],
            [
              -72.1007112,
              43.785995
            ],
            [
              -72.1007613,
              43.7860373
            ],
            [
              -72.1007627,
              43.7860401
            ],
            [
              -72.1008145,
              43.7860852
            ],
            [
              -72.1008234,
              43.7860905
            ],
            [
              -72.1008519,
              43.7861304
            ],
            [
              -72.1008765,
              43.7861755
            ],
            [
              -72.1008856,
              43.7861854
            ],
            [
              -72.1009108,
              43.7862206
            ],
            [
              -72.100936,
              43.7862657
            ],
            [
              -72.1009477,
              43.7862852
            ],
            [
              -72.1009726,
              43.7863108
            ],
            [
              -72.1010098,
              43.7863485
            ],
            [
              -72.1010176,
              43.786356
            ],
            [
              -72.101051,
              43.7864011
            ],
            [
              -72.1010719,
              43.7864326
            ],
            [
              -72.1010795,
              43.7864462
            ],
            [
              -72.1011063,
              43.7864913
            ],
            [
              -72.1011306,
              43.7865364
            ],
            [
              -72.101134,
              43.7865455
            ],
            [
              -72.1011417,
              43.7865816
            ],
            [
              -72.1011389,
              43.7866267
            ],
            [
              -72.1011373,
              43.7866718
            ],
            [
              -72.1011416,
              43.7867169
            ],
            [
              -72.1011456,
              43.786762
            ],
            [
              -72.1011464,
              43.7868072
            ],
            [
              -72.1011544,
              43.7868523
            ],
            [
              -72.1011504,
              43.7868974
            ],
            [
              -72.1011666,
              43.7869425
            ],
            [
              -72.1011879,
              43.7869876
            ],
            [
              -72.1011961,
              43.7870017
            ],
            [
              -72.1012133,
              43.7870327
            ],
            [
              -72.10124,
              43.7870779
            ],
            [
              -72.1012582,
              43.7871063
            ],
            [
              -72.1012685,
              43.787123
            ],
            [
              -72.1012924,
              43.7871681
            ],
            [
              -72.101318,
              43.7872132
            ],
            [
              -72.1013203,
              43.787217
            ],
            [
              -72.1013416,
              43.7872583
            ],
            [
              -72.1013585,
              43.7873035
            ],
            [
              -72.1013824,
              43.7873471
            ],
            [
              -72.1013835,
              43.7873486
            ],
            [
              -72.1014135,
              43.7873937
            ],
            [
              -72.1014416,
              43.7874388
            ],
            [
              -72.1014445,
              43.787445
            ],
            [
              -72.1014592,
              43.7874839
            ],
            [
              -72.1014679,
              43.7875291
            ],
            [
              -72.1014813,
              43.7875742
            ],
            [
              -72.1015001,
              43.7876193
            ],
            [
              -72.1015056,
              43.7876644
            ],
            [
              -72.1015066,
              43.7876755
            ],
            [
              -72.1015137,
              43.7877095
            ],
            [
              -72.1015688,
              43.7877538
            ],
            [
              -72.1016309,
              43.7877483
            ],
            [
              -72.1016704,
              43.7877547
            ],
            [
              -72.101693,
              43.7877654
            ],
            [
              -72.1017116,
              43.7877998
            ],
            [
              -72.1017551,
              43.7878409
            ],
            [
              -72.1017594,
              43.7878449
            ],
            [
              -72.1017629,
              43.78789
            ],
            [
              -72.1017551,
              43.7879038
            ],
            [
              -72.1017376,
              43.7879351
            ],
            [
              -72.1017103,
              43.7879802
            ],
            [
              -72.101693,
              43.7880113
            ],
            [
              -72.1016852,
              43.7880254
            ],
            [
              -72.1016851,
              43.7880705
            ],
            [
              -72.1016853,
              43.7881156
            ],
            [
              -72.1016896,
              43.7881607
            ],
            [
              -72.101693,
              43.7881764
            ],
            [
              -72.1016984,
              43.7882058
            ],
            [
              -72.1017021,
              43.788251
            ],
            [
              -72.1017143,
              43.7882961
            ],
            [
              -72.1017416,
              43.7883412
            ],
            [
              -72.1017551,
              43.788362
            ],
            [
              -72.1017683,
              43.7883863
            ],
            [
              -72.101791,
              43.7884314
            ],
            [
              -72.1018172,
              43.7884642
            ],
            [
              -72.1018393,
              43.7884766
            ],
            [
              -72.1018793,
              43.788496
            ],
            [
              -72.1019236,
              43.7885217
            ],
            [
              -72.1019414,
              43.7885324
            ],
            [
              -72.1020016,
              43.7885668
            ],
            [
              -72.1020035,
              43.7885678
            ],
            [
              -72.1020656,
              43.7886034
            ],
            [
              -72.1020924,
              43.7886119
            ],
            [
              -72.1021277,
              43.78863
            ],
            [
              -72.1021537,
              43.788657
            ],
            [
              -72.1021899,
              43.7886802
            ],
            [
              -72.1022083,
              43.7887022
            ],
            [
              -72.102252,
              43.7887449
            ],
            [
              -72.1022542,
              43.7887473
            ],
            [
              -72.1022857,
              43.7887924
            ],
            [
              -72.1023141,
              43.788819
            ],
            [
              -72.1023291,
              43.7888375
            ],
            [
              -72.102364,
              43.7888826
            ],
            [
              -72.1023762,
              43.7888942
            ],
            [
              -72.1024006,
              43.7889278
            ],
            [
              -72.102432,
              43.7889729
            ],
            [
              -72.1024383,
              43.7889819
            ],
            [
              -72.1024618,
              43.789018
            ],
            [
              -72.1024618,
              43.7890631
            ],
            [
              -72.1024605,
              43.7891082
            ],
            [
              -72.1024544,
              43.7891533
            ],
            [
              -72.1024383,
              43.7891905
            ],
            [
              -72.1024345,
              43.7891985
            ],
            [
              -72.1024383,
              43.7892083
            ],
            [
              -72.1024627,
              43.7892436
            ],
            [
              -72.1024832,
              43.7892887
            ],
            [
              -72.1025004,
              43.7893156
            ],
            [
              -72.102513,
              43.7893338
            ],
            [
              -72.1025512,
              43.7893789
            ],
            [
              -72.1025625,
              43.7893978
            ],
            [
              -72.1025771,
              43.7894241
            ],
            [
              -72.1025957,
              43.7894692
            ],
            [
              -72.1026195,
              43.7895143
            ],
            [
              -72.1026246,
              43.7895236
            ],
            [
              -72.1026401,
              43.7895594
            ],
            [
              -72.1026444,
              43.7896045
            ],
            [
              -72.1026246,
              43.7896407
            ],
            [
              -72.1026206,
              43.7896497
            ],
            [
              -72.1026246,
              43.7896621
            ],
            [
              -72.1026343,
              43.7896948
            ],
            [
              -72.1026635,
              43.7897399
            ],
            [
              -72.1026867,
              43.7897702
            ],
            [
              -72.1026987,
              43.789785
            ],
            [
              -72.1027308,
              43.7898301
            ],
            [
              -72.1027488,
              43.7898636
            ],
            [
              -72.1027589,
              43.7898753
            ],
            [
              -72.1028016,
              43.7899204
            ],
            [
              -72.1028109,
              43.7899301
            ],
            [
              -72.1028443,
              43.7899655
            ],
            [
              -72.102868,
              43.7900106
            ],
            [
              -72.1028731,
              43.7900214
            ],
            [
              -72.1028927,
              43.7900557
            ],
            [
              -72.1029226,
              43.7901009
            ],
            [
              -72.1029352,
              43.790124
            ],
            [
              -72.1029973,
              43.7901407
            ],
            [
              -72.1030094,
              43.790146
            ],
            [
              -72.1030594,
              43.7901633
            ],
            [
              -72.1031215,
              43.7901805
            ],
            [
              -72.10315,
              43.7901911
            ],
            [
              -72.1031836,
              43.7902033
            ],
            [
              -72.1032383,
              43.7902362
            ],
            [
              -72.1032457,
              43.7902424
            ],
            [
              -72.1032888,
              43.7902813
            ],
            [
              -72.1033078,
              43.7902972
            ],
            [
              -72.1033511,
              43.7903264
            ],
            [
              -72.1033699,
              43.7903406
            ],
            [
              -72.1034127,
              43.7903716
            ],
            [
              -72.103432,
              43.7903856
            ],
            [
              -72.1034634,
              43.7904167
            ],
            [
              -72.1034941,
              43.7904393
            ],
            [
              -72.1035287,
              43.7904618
            ],
            [
              -72.1035563,
              43.7904806
            ],
            [
              -72.1035833,
              43.7905069
            ],
            [
              -72.1036184,
              43.7905382
            ],
            [
              -72.1036449,
              43.790552
            ],
            [
              -72.1036805,
              43.7905708
            ],
            [
              -72.1037191,
              43.7905972
            ],
            [
              -72.1037426,
              43.7906114
            ],
            [
              -72.1038041,
              43.7906423
            ],
            [
              -72.1038047,
              43.7906426
            ],
            [
              -72.1038668,
              43.7906756
            ],
            [
              -72.1038884,
              43.7906874
            ],
            [
              -72.1039289,
              43.7907175
            ],
            [
              -72.1039557,
              43.7907325
            ],
            [
              -72.103991,
              43.7907562
            ],
            [
              -72.1040175,
              43.7907776
            ],
            [
              -72.1040458,
              43.7908
            ]
          ]
        ]
      }
    },
    {
      "type": "Feature",
      "id": "contour/340m",
      "properties": {
        "elevation_m": 340,
        "is_index": false
      },
      "geometry": {
        "type": "MultiLineString",
        "coordinates": [
          [
            [
              -72.0933152,
              43.7908
            ],
            [
              -72.0933527,
              43.7907776
            ],
            [
              -72.0933703,
              43.7907675
            ],
            [
              -72.0934324,
              43.7907424
            ],
            [
              -72.0934758,
              43.7907325
            ],
            [
              -72.0934945,
              43.7907289
            ],
            [
              -72.0935566,
              43.7907196
            ],
            [
              -72.0936187,
              43.7907169
            ],
            [
              -72.0936809,
              43.7907051
            ],
            [
              -72.093743,
              43.7907202
            ],
            [
              -72.0938051,
              43.7907182
            ],
            [
              -72.0938672,
              43.7907119
            ],
            [
              -72.0939293,
              43.7906966
            ],
            [
              -72.0939914,
              43.7906881
            ],
            [
              -72.0940063,
              43.7906874
            ],
            [
              -72.0940535,
              43.790684
            ],
            [
              -72.0941156,
              43.7906658
            ],
            [
              -72.094175,
              43.7906423
            ],
            [
              -72.0941777,
              43.7906412
            ],
            [
              -72.0942398,
              43.7906249
            ],
            [
              -72.094302,
              43.7906056
            ],
            [
              -72.0943152,
              43.7905972
            ],
            [
              -72.0943641,
              43.7905687
            ],
            [
              -72.0944255,
              43.790552
            ],
            [
              -72.0944262,
              43.7905519
            ],
            [
              -72.0944267,
              43.790552
            ],
            [
              -72.0944883,
              43.7905636
            ],
            [
              -72.0945504,
              43.7905639
            ],
            [
              -72.0946125,
              43.7905742
            ],
            [
              -72.0946746,
              43.7905771
            ],
            [
              -72.0947367,
              43.790576
            ],
            [
              -72.0947988,
              43.7905709
            ],
            [
              -72.0948609,
              43.7905617
            ],
            [
              -72.0949016,
              43.790552
            ],
            [
              -72.094923,
              43.7905469
            ],
            [
              -72.0949852,
              43.7905204
            ],
            [
              -72.095016,
              43.7905069
            ],
            [
              -72.0950473,
              43.7904868
            ],
            [
              -72.0951094,
              43.7904977
            ],
            [
              -72.0951715,
              43.7905001
            ],
            [
              -72.0952336,
              43.7904991
            ],
            [
              -72.0952957,
              43.7904739
            ],
            [
              -72.0953439,
              43.7904618
            ],
            [
              -72.0953578,
              43.7904596
            ],
            [
              -72.0954199,
              43.7904455
            ],
            [
              -72.095482,
              43.7904377
            ],
            [
              -72.0955441,
              43.7904184
            ],
            [
              -72.0955487,
              43.7904167
            ],
            [
              -72.0956062,
              43.7903936
            ],
            [
              -72.0956684,
              43.7903764
            ],
            [
              -72.0956871,
              43.7903716
            ],
            [
              -72.0957305,
              43.7903577
            ],
            [
              -72.0957926,
              43.7903432
            ],
            [
              -72.0958379,
              43.7903264
            ],
            [
              -72.0958547,
              43.7903179
            ],
            [
              -72.0959051,
              43.7902813
            ],
            [
              -72.0959168,
              43.790273
            ],
            [
              -72.0959663,
              43.7902362
            ],
            [
              -72.0959789,
              43.7902268
            ],
            [
              -72.0960265,
              43.7901911
            ],
            [
              -72.096041,
              43.7901772
            ],
            [
              -72.096067,
              43.790146
            ],
            [
              -72.0961018,
              43.7901009
            ],
            [
              -72.0961031,
              43.7900977
            ],
            [
              -72.0961152,
              43.7900557
            ],
            [
              -72.0961186,
              43.7900106
            ],
            [
              -72.0961292,
              43.7899655
            ],
            [
              -72.0961652,
              43.7899411
            ],
            [
              -72.0961945,
              43.7899204
            ],
            [
              -72.0962273,
              43.7899013
            ],
            [
              -72.0962703,
              43.7898753
            ],
            [
              -72.0962895,
              43.7898602
            ],
            [
              -72.0963249,
              43.7898301
            ],
            [
              -72.0963408,
              43.789785
            ],
            [
              -72.0963516,
              43.7897718
            ],
            [
              -72.096376,
              43.7897399
            ],
            [
              -72.0964137,
              43.7897058
            ],
            [
              -72.0964322,
              43.7896948
            ],
            [
              -72.0964758,
              43.7896627
            ],
            [
              -72.0964914,
              43.7896497
            ],
            [
              -72.0965379,
              43.7896249
            ],
            [
              -72.0965627,
              43.7896045
            ],
            [
              -72.0966,
              43.7895748
            ],
            [
              -72.096624,
              43.7895594
            ],
            [
              -72.0966621,
              43.789528
            ],
            [
              -72.0966827,
              43.7895143
            ],
            [
              -72.0967242,
              43.7894895
            ],
            [
              -72.0967502,
              43.7894692
            ],
            [
              -72.0967863,
              43.7894522
            ],
            [
              -72.0968292,
              43.7894241
            ],
            [
              -72.0968484,
              43.7893939
            ],
            [
              -72.096859,
              43.7893789
            ],
            [
              -72.0968821,
              43.7893338
            ],
            [
              -72.096907,
              43.7892887
            ],
            [
              -72.0969105,
              43.7892835
            ],
            [
              -72.0969373,
              43.7892436
            ],
            [
              -72.0969714,
              43.7891985
            ],
            [
              -72.0969727,
              43.7891966
            ],
            [
              -72.0970006,
              43.7891533
            ],
            [
              -72.0970225,
              43.7891082
            ],
            [
              -72.0970348,
              43.789098
            ],
            [
              -72.0970764,
              43.7890631
            ],
            [
              -72.0970821,
              43.789018
            ],
            [
              -72.0970854,
              43.7889729
            ],
            [
              -72.0970921,
              43.7889278
            ],
            [
              -72.0970969,
              43.788907
            ],
            [
              -72.0971027,
              43.7888826
            ],
            [
              -72.0970969,
              43.7888499
            ],
            [
              -72.097095,
              43.7888375
            ],
            [
              -72.0970918,
              43.7887924
            ],
            [
              -72.0970969,
              43.7887609
            ],
            [
              -72.0970999,
              43.7887473
            ],
            [
              -72.0970975,
              43.7887022
            ],
            [
              -72.0971375,
              43.788657
            ],
            [
              -72.097159,
              43.7886272
            ],
            [
              -72.0971674,
              43.7886119
            ],
            [
              -72.0971701,
              43.7885668
            ],
            [
              -72.0971693,
              43.7885217
            ],
            [
              -72.0971775,
              43.7884766
            ],
            [
              -72.0971907,
              43.7884314
            ],
            [
              -72.0972125,
              43.7883863
            ],
            [
              -72.0972211,
              43.7883732
            ],
            [
              -72.0972375,
              43.7883412
            ],
            [
              -72.0972335,
              43.7882961
            ],
            [
              -72.0972243,
              43.788251
            ],
            [
              -72.0972295,
              43.7882058
            ],
            [
              -72.0972399,
              43.7881607
            ],
            [
              -72.0972633,
              43.7881156
            ],
            [
              -72.0972774,
              43.7880705
            ],
            [
              -72.0972605,
              43.7880254
            ],
            [
              -72.0972511,
              43.7879802
            ],
            [
              -72.0972545,
              43.7879351
            ],
            [
              -72.0972742,
              43.78789
            ],
            [
              -72.0972832,
              43.7878803
            ],
            [
              -72.0973136,
              43.7878449
            ],
            [
              -72.0973389,
              43.7877998
            ],
            [
              -72.0973063,
              43.7877547
            ],
            [
              -72.0972832,
              43.7877117
            ],
            [
              -72.0972809,
              43.7877095
            ],
            [
              -72.0972832,
              43.7877057
            ],
            [
              -72.0973166,
              43.7876644
            ],
            [
              -72.0973339,
              43.7876193
            ],
            [
              -72.0973193,
              43.7875742
            ],
            [
              -72.0973074,
              43.7875291
            ],
            [
              -72.097303,
              43.7874839
            ],
            [
              -72.0973229,
              43.7874388
            ],
            [
              -72.0973453,
              43.7874163
            ],
            [
              -72.0973626,
              43.7873937
            ],
            [
              -72.0973939,
              43.7873486
            ],
            [
              -72.0973751,
              43.7873035
            ],
            [
              -72.0973571,
              43.7872583
            ],
            [
              -72.0973602,
              43.7872132
            ],
            [
              -72.097384,
              43.7871681
            ],
            [
              -72.0973957,
              43.787123
            ],
            [
              -72.0974074,
              43.7870961
            ],
            [
              -72.0974133,
              43.7870779
            ],
            [
              -72.0974258,
              43.7870327
            ],
            [
              -72.0974096,
              43.7869876
            ],
            [
              -72.0974074,
              43.7869821
            ],
            [
              -72.0973884,
              43.7869425
            ],
            [
              -72.0974059,
              43.7868974
            ],
            [
              -72.0973974,
              43.7868523
            ],
            [
              -72.0974032,
              43.7868072
            ],
            [
              -72.0974074,
              43.786762
            ],
            [
              -72.0974074,
              43.7867615
            ],
            [
              -72.0974121,
              43.7867169
            ],
            [
              -72.0974138,
              43.7866718
            ],
            [
              -72.0974196,
              43.7866267
            ],
            [
              -72.0974236,
              43.7865816
            ],
            [
              -72.0974328,
              43.7865364
            ],
            [
              -72.0974147,
              43.7864913
            ],
            [
              -72.0974146,
              43.7864462
            ],
            [
              -72.0974074,
              43.7864352
            ],
            [
              -72.0973871,
              43.7864011
            ],
            [
              -72.0973453,
              43.7863584
            ],
            [
              -72.0973431,
              43.786356
            ],
            [
              -72.0973154,
              43.7863108
            ],
            [
              -72.0972877,
              43.7862657
            ],
            [
              -72.0972832,
              43.7862521
            ],
            [
              -72.0972719,
              43.7862206
            ],
            [
              -72.0972459,
              43.7861755
            ],
            [
              -72.0972211,
              43.7861404
            ],
            [
              -72.0972143,
              43.7861304
            ],
            [
              -72.0971928,
              43.7860852
            ],
            [
              -72.0972106,
              43.7860401
            ],
            [
              -72.0972211,
              43.7860289
            ],
            [
              -72.0972353,
              43.785995
            ],
            [
              -72.0972211,
              43.7859651
            ],
            [
              -72.0972113,
              43.7859499
            ],
            [
              -72.0971739,
              43.7859048
            ],
            [
              -72.097159,
              43.7858882
            ],
            [
              -72.0971413,
              43.7858596
            ],
            [
              -72.0971074,
              43.7858145
            ],
            [
              -72.0970969,
              43.7858078
            ],
            [
              -72.0970375,
              43.7857694
            ],
            [
              -72.0970348,
              43.7857668
            ],
            [
              -72.0969824,
              43.7857243
            ],
            [
              -72.0969727,
              43.7857141
            ],
            [
              -72.096945,
              43.7856792
            ],
            [
              -72.0969105,
              43.7856455
            ],
            [
              -72.0968997,
              43.7856341
            ],
            [
              -72.0968536,
              43.7855889
            ],
            [
              -72.0968484,
              43.7855821
            ],
            [
              -72.0968211,
              43.7855438
            ],
            [
              -72.0967866,
              43.7854987
            ],
            [
              -72.0967863,
              43.7854984
            ],
            [
              -72.0967349,
              43.7854536
            ],
            [
              -72.0967242,
              43.785443
            ],
            [
              -72.0966752,
              43.7854085
            ],
            [
              -72.0966621,
              43.785396
            ],
            [
              -72.0966283,
              43.7853633
            ],
            [
              -72.0966,
              43.7853249
            ],
            [
              -72.0965938,
              43.7853182
            ],
            [
              -72.0965726,
              43.7852731
            ],
            [
              -72.0965423,
              43.785228
            ],
            [
              -72.0965379,
              43.7852218
            ],
            [
              -72.0965093,
              43.7851829
            ],
            [
              -72.0964864,
              43.7851377
            ],
            [
              -72.0964758,
              43.785105
            ],
            [
              -72.096472,
              43.7850926
            ],
            [
              -72.0964758,
              43.7850802
            ],
            [
              -72.0964875,
              43.7850475
            ],
            [
              -72.0965379,
              43.7850048
            ],
            [
              -72.0965403,
              43.7850024
            ],
            [
              -72.0965945,
              43.7849573
            ],
            [
              -72.0966,
              43.7849446
            ],
            [
              -72.0966143,
              43.7849121
            ],
            [
              -72.0966032,
              43.784867
            ],
            [
              -72.0966,
              43.7848588
            ],
            [
              -72.0965865,
              43.7848219
            ],
            [
              -72.0965593,
              43.7847768
            ],
            [
              -72.0965379,
              43.7847565
            ],
            [
              -72.0965042,
              43.7847317
            ],
            [
              -72.0964758,
              43.7847169
            ],
            [
              -72.0964137,
              43.7846957
            ],
            [
              -72.0963859,
              43.7846865
            ],
            [
              -72.0963516,
              43.7846623
            ],
            [
              -72.0963305,
              43.7846414
            ],
            [
              -72.0963068,
              43.7845963
            ],
            [
              -72.096346,
              43.7845512
            ],
            [
              -72.0963516,
              43.784544
            ],
            [
              -72.0963748,
              43.7845061
            ],
            [
              -72.0963911,
              43.784461
            ],
            [
              -72.0964021,
              43.7844158
            ],
            [
              -72.0964137,
              43.7843804
            ],
            [
              -72.0964179,
              43.7843707
            ],
            [
              -72.0964402,
              43.7843256
            ],
            [
              -72.096471,
              43.7842805
            ],
            [
              -72.0964758,
              43.7842594
            ],
            [
              -72.0964826,
              43.7842354
            ],
            [
              -72.0964758,
              43.7842156
            ],
            [
              -72.0964681,
              43.7841902
            ],
            [
              -72.0964507,
              43.7841451
            ],
            [
              -72.0964137,
              43.7841006
            ],
            [
              -72.096413,
              43.7841
            ],
            [
              -72.0963516,
              43.7840763
            ],
            [
              -72.0962977,
              43.7840549
            ],
            [
              -72.0962895,
              43.7840518
            ],
            [
              -72.0962273,
              43.7840273
            ],
            [
              -72.096186,
              43.7840098
            ],
            [
              -72.0961652,
              43.7839989
            ],
            [
              -72.0961371,
              43.7839646
            ],
            [
              -72.0961652,
              43.7839224
            ],
            [
              -72.0961671,
              43.7839195
            ],
            [
              -72.0962202,
              43.7838744
            ],
            [
              -72.0962273,
              43.783843
            ],
            [
              -72.0962311,
              43.7838293
            ],
            [
              -72.0962622,
              43.7837842
            ],
            [
              -72.0962371,
              43.783739
            ],
            [
              -72.0962273,
              43.7837254
            ],
            [
              -72.0961652,
              43.7837002
            ],
            [
              -72.0961572,
              43.7836939
            ],
            [
              -72.0961652,
              43.7836783
            ],
            [
              -72.0961785,
              43.7836488
            ],
            [
              -72.096184,
              43.7836037
            ],
            [
              -72.0961652,
              43.7835792
            ],
            [
              -72.0961306,
              43.7835586
            ],
            [
              -72.0961031,
              43.7835525
            ],
            [
              -72.096041,
              43.7835374
            ],
            [
              -72.0959789,
              43.7835189
            ],
            [
              -72.0959725,
              43.7835135
            ],
            [
              -72.0959789,
              43.7835079
            ],
            [
              -72.096029,
              43.7834683
            ],
            [
              -72.096041,
              43.7834507
            ],
            [
              -72.0960667,
              43.7834232
            ],
            [
              -72.0960732,
              43.7833781
            ],
            [
              -72.0960714,
              43.783333
            ],
            [
              -72.0960663,
              43.7832879
            ],
            [
              -72.0960643,
              43.7832427
            ],
            [
              -72.0960649,
              43.7831976
            ],
            [
              -72.096041,
              43.7831662
            ],
            [
              -72.0960157,
              43.7831525
            ],
            [
              -72.0959789,
              43.7831458
            ],
            [
              -72.0959168,
              43.7831411
            ],
            [
              -72.0958547,
              43.7831292
            ],
            [
              -72.095802,
              43.7831074
            ],
            [
              -72.0957926,
              43.7831045
            ],
            [
              -72.0957305,
              43.7830849
            ],
            [
              -72.0957095,
              43.7830623
            ],
            [
              -72.0957305,
              43.7830479
            ],
            [
              -72.0957805,
              43.7830171
            ],
            [
              -72.0957926,
              43.7830063
            ],
            [
              -72.0958392,
              43.782972
            ],
            [
              -72.0958194,
              43.7829269
            ],
            [
              -72.0957926,
              43.7828998
            ],
            [
              -72.0957721,
              43.7828818
            ],
            [
              -72.095754,
              43.7828367
            ],
            [
              -72.0957638,
              43.7827915
            ],
            [
              -72.0957926,
              43.782769
            ],
            [
              -72.0958534,
              43.7827464
            ],
            [
              -72.0958547,
              43.7827462
            ],
            [
              -72.0959168,
              43.7827456
            ],
            [
              -72.0959789,
              43.7827112
            ],
            [
              -72.0959893,
              43.7827013
            ],
            [
              -72.0960109,
              43.7826562
            ],
            [
              -72.0960126,
              43.7826111
            ],
            [
              -72.0959789,
              43.7825843
            ],
            [
              -72.0959453,
              43.7825659
            ],
            [
              -72.0959435,
              43.7825208
            ],
            [
              -72.0959178,
              43.7824757
            ],
            [
              -72.0959642,
              43.7824306
            ],
            [
              -72.0959789,
              43.7824136
            ],
            [
              -72.0960109,
              43.7823855
            ],
            [
              -72.096039,
              43.7823404
            ],
            [
              -72.096028,
              43.7822952
            ],
            [
              -72.0960135,
              43.7822501
            ],
            [
              -72.0960164,
              43.782205
            ],
            [
              -72.0960274,
              43.7821599
            ],
            [
              -72.0960314,
              43.7821148
            ],
            [
              -72.0960247,
              43.7820696
            ],
            [
              -72.0960323,
              43.7820245
            ],
            [
              -72.0960343,
              43.7819794
            ],
            [
              -72.0960289,
              43.7819343
            ],
            [
              -72.0960262,
              43.7818892
            ],
            [
              -72.0960158,
              43.781844
            ],
            [
              -72.0960156,
              43.7817989
            ],
            [
              -72.0960171,
              43.7817538
            ],
            [
              -72.0960131,
              43.7817087
            ],
            [
              -72.0960069,
              43.7816636
            ],
            [
              -72.0960118,
              43.7816184
            ],
            [
              -72.0960062,
              43.7815733
            ],
            [
              -72.0960029,
              43.7815282
            ],
            [
              -72.0959843,
              43.7814831
            ],
            [
              -72.0959789,
              43.7814724
            ],
            [
              -72.0959554,
              43.781438
            ],
            [
              -72.0959168,
              43.7814151
            ],
            [
              -72.0958864,
              43.7813928
            ],
            [
              -72.0958547,
              43.7813787
            ],
            [
              -72.0957926,
              43.7813501
            ],
            [
              -72.0957892,
              43.7813477
            ],
            [
              -72.0957305,
              43.7813275
            ],
            [
              -72.0956684,
              43.781315
            ],
            [
              -72.0956145,
              43.7813026
            ],
            [
              -72.0956062,
              43.7812955
            ],
            [
              -72.0955769,
              43.7812575
            ],
            [
              -72.0955441,
              43.7812213
            ],
            [
              -72.0955358,
              43.7812124
            ],
            [
              -72.0955254,
              43.7811673
            ],
            [
              -72.095482,
              43.7811315
            ],
            [
              -72.0954787,
              43.7811221
            ],
            [
              -72.095477,
              43.781077
            ],
            [
              -72.095482,
              43.7810548
            ],
            [
              -72.0955441,
              43.7810447
            ],
            [
              -72.0955561,
              43.7810319
            ],
            [
              -72.0955703,
              43.7809868
            ],
            [
              -72.0956062,
              43.7809677
            ],
            [
              -72.0956343,
              43.7809868
            ],
            [
              -72.0956477,
              43.7810319
            ],
            [
              -72.0956481,
              43.781077
            ],
            [
              -72.0956684,
              43.7811002
            ],
            [
              -72.0957065,
              43.781077
            ],
            [
              -72.0957305,
              43.7810574
            ],
            [
              -72.09575,
              43.7810319
            ],
            [
              -72.0957487,
              43.7809868
            ],
            [
              -72.0957926,
              43.7809581
            ],
            [
              -72.0958547,
              43.7809815
            ],
            [
              -72.0958619,
              43.7809868
            ],
            [
              -72.0959168,
              43.7810226
            ],
            [
              -72.0959322,
              43.7810319
            ],
            [
              -72.0959789,
              43.7810545
            ],
            [
              -72.0960052,
              43.781077
            ],
            [
              -72.096041,
              43.7811123
            ],
            [
              -72.0960525,
              43.7811221
            ],
            [
              -72.0961031,
              43.7811569
            ],
            [
              -72.0961198,
              43.7811673
            ],
            [
              -72.0961652,
              43.7811914
            ],
            [
              -72.0962089,
              43.7812124
            ],
            [
              -72.0962273,
              43.78122
            ],
            [
              -72.0962857,
              43.7812575
            ],
            [
              -72.0962895,
              43.7812599
            ],
            [
              -72.0963443,
              43.7813026
            ],
            [
              -72.0963516,
              43.7813112
            ],
            [
              -72.0963772,
              43.7813477
            ],
            [
              -72.0964082,
              43.7813928
            ],
            [
              -72.0964137,
              43.7813979
            ],
            [
              -72.0964492,
              43.781438
            ],
            [
              -72.0964758,
              43.7814757
            ],
            [
              -72.09648,
              43.7814831
            ],
            [
              -72.0965112,
              43.7815282
            ],
            [
              -72.0965379,
              43.7815636
            ],
            [
              -72.096551,
              43.7815733
            ],
            [
              -72.0966,
              43.7816148
            ],
            [
              -72.096642,
              43.7816184
            ],
            [
              -72.0966621,
              43.7816205
            ],
            [
              -72.0967015,
              43.7816184
            ],
            [
              -72.0967242,
              43.7816175
            ],
            [
              -72.0967261,
              43.7816184
            ],
            [
              -72.0967863,
              43.7816381
            ],
            [
              -72.0968108,
              43.7816636
            ],
            [
              -72.0968484,
              43.7816979
            ],
            [
              -72.0968608,
              43.7817087
            ],
            [
              -72.0969044,
              43.7817538
            ],
            [
              -72.0969105,
              43.7817582
            ],
            [
              -72.0969727,
              43.7817784
            ],
            [
              -72.0970228,
              43.7817989
            ],
            [
              -72.0970348,
              43.781805
            ],
            [
              -72.0970969,
              43.7818199
            ],
            [
              -72.097159,
              43.7818339
            ],
            [
              -72.0972211,
              43.7818329
            ],
            [
              -72.0972832,
              43.7818419
            ],
            [
              -72.0973453,
              43.7818372
            ],
            [
              -72.0974074,
              43.7818303
            ],
            [
              -72.0974695,
              43.7818142
            ],
            [
              -72.0975316,
              43.7818066
            ],
            [
              -72.0975643,
              43.7817989
            ],
            [
              -72.0975938,
              43.7817932
            ],
            [
              -72.0976559,
              43.7817737
            ],
            [
              -72.097718,
              43.781794
            ],
            [
              -72.0977208,
              43.7817989
            ],
            [
              -72.097718,
              43.7818057
            ],
            [
              -72.0977098,
              43.781844
            ],
            [
              -72.0977044,
              43.7818892
            ],
            [
              -72.0977053,
              43.7819343
            ],
            [
              -72.097718,
              43.7819794
            ],
            [
              -72.097718,
              43.7819794
            ],
            [
              -72.0977601,
              43.7820245
            ],
            [
              -72.0977732,
              43.7820696
            ],
            [
              -72.097718,
              43.7821067
            ],
            [
              -72.0977082,
              43.7821148
            ],
            [
              -72.0976955,
              43.7821599
            ],
            [
              -72.097718,
              43.782186
            ],
            [
              -72.0977273,
              43.782205
            ],
            [
              -72.097725,
              43.7822501
            ],
            [
              -72.0977195,
              43.7822952
            ],
            [
              -72.097718,
              43.7823006
            ],
            [
              -72.0977053,
              43.7823404
            ],
            [
              -72.0976913,
              43.7823855
            ],
            [
              -72.097675,
              43.7824306
            ],
            [
              -72.0976645,
              43.7824757
            ],
            [
              -72.0976559,
              43.7824963
            ],
            [
              -72.0976368,
              43.7825208
            ],
            [
              -72.0976043,
              43.7825659
            ],
            [
              -72.0975984,
              43.7826111
            ],
            [
              -72.0976107,
              43.7826562
            ],
            [
              -72.0976559,
              43.7826802
            ],
            [
              -72.0976702,
              43.7827013
            ],
            [
              -72.0977098,
              43.7827464
            ],
            [
              -72.097718,
              43.7827534
            ],
            [
              -72.0977576,
              43.7827915
            ],
            [
              -72.0977801,
              43.782808
            ],
            [
              -72.0978256,
              43.7828367
            ],
            [
              -72.0978422,
              43.7828448
            ],
            [
              -72.0979043,
              43.7828723
            ],
            [
              -72.0979326,
              43.7828818
            ],
            [
              -72.0979664,
              43.7829199
            ],
            [
              -72.0979684,
              43.7829269
            ],
            [
              -72.0980032,
              43.782972
            ],
            [
              -72.0980285,
              43.7829864
            ],
            [
              -72.0980697,
              43.7830171
            ],
            [
              -72.0980906,
              43.7830296
            ],
            [
              -72.0981527,
              43.7830508
            ],
            [
              -72.0981694,
              43.7830623
            ],
            [
              -72.0982148,
              43.7830865
            ],
            [
              -72.0982507,
              43.7831074
            ],
            [
              -72.098277,
              43.7831228
            ],
            [
              -72.0983391,
              43.7831293
            ],
            [
              -72.0984012,
              43.7831266
            ],
            [
              -72.0984633,
              43.7831403
            ],
            [
              -72.0985236,
              43.7831525
            ],
            [
              -72.0985254,
              43.783153
            ],
            [
              -72.0985875,
              43.7831727
            ],
            [
              -72.0986496,
              43.7831646
            ],
            [
              -72.0987117,
              43.7831661
            ],
            [
              -72.0987738,
              43.7831731
            ],
            [
              -72.0988359,
              43.7831762
            ],
            [
              -72.098867,
              43.7831976
            ],
            [
              -72.098898,
              43.7832282
            ],
            [
              -72.0989209,
              43.7832427
            ],
            [
              -72.0989233,
              43.7832879
            ],
            [
              -72.0989053,
              43.783333
            ],
            [
              -72.098898,
              43.7833366
            ],
            [
              -72.098846,
              43.7833781
            ],
            [
              -72.0988359,
              43.7833935
            ],
            [
              -72.0988156,
              43.7834232
            ],
            [
              -72.0987975,
              43.7834683
            ],
            [
              -72.0987738,
              43.7834974
            ],
            [
              -72.0987649,
              43.7835135
            ],
            [
              -72.0987117,
              43.7835338
            ],
            [
              -72.0986754,
              43.7835586
            ],
            [
              -72.0986496,
              43.7835806
            ],
            [
              -72.098618,
              43.7836037
            ],
            [
              -72.0985875,
              43.7836367
            ],
            [
              -72.0985771,
              43.7836488
            ],
            [
              -72.0985537,
              43.7836939
            ],
            [
              -72.0985254,
              43.7837385
            ],
            [
              -72.098525,
              43.783739
            ],
            [
              -72.098523,
              43.7837842
            ],
            [
              -72.0984894,
              43.7838293
            ],
            [
              -72.0984633,
              43.7838626
            ],
            [
              -72.0984574,
              43.7838744
            ],
            [
              -72.0984561,
              43.7839195
            ],
            [
              -72.0984489,
              43.7839646
            ],
            [
              -72.0984462,
              43.7840098
            ],
            [
              -72.0984615,
              43.7840549
            ],
            [
              -72.0984633,
              43.7840588
            ],
            [
              -72.0984887,
              43.7841
            ],
            [
              -72.0985254,
              43.784143
            ],
            [
              -72.0985274,
              43.7841451
            ],
            [
              -72.0985817,
              43.7841902
            ],
            [
              -72.0985875,
              43.7841952
            ],
            [
              -72.0986413,
              43.7842354
            ],
            [
              -72.0986496,
              43.7842412
            ],
            [
              -72.0987015,
              43.7842805
            ],
            [
              -72.0987117,
              43.7842863
            ],
            [
              -72.0987738,
              43.7843161
            ],
            [
              -72.0988013,
              43.7843256
            ],
            [
              -72.0988359,
              43.784337
            ],
            [
              -72.098898,
              43.7843576
            ],
            [
              -72.0989577,
              43.7843707
            ],
            [
              -72.0989602,
              43.7843713
            ],
            [
              -72.0990177,
              43.7844158
            ],
            [
              -72.0990223,
              43.7844199
            ],
            [
              -72.0990844,
              43.7844376
            ],
            [
              -72.0991465,
              43.7844516
            ],
            [
              -72.0991843,
              43.784461
            ],
            [
              -72.0992086,
              43.784468
            ],
            [
              -72.0992707,
              43.7844868
            ],
            [
              -72.0993328,
              43.7845032
            ],
            [
              -72.0993424,
              43.7845061
            ],
            [
              -72.0993949,
              43.784527
            ],
            [
              -72.0994552,
              43.7845512
            ],
            [
              -72.099457,
              43.7845518
            ],
            [
              -72.0995191,
              43.7845709
            ],
            [
              -72.0995813,
              43.7845806
            ],
            [
              -72.0996434,
              43.7845961
            ],
            [
              -72.0996442,
              43.7845963
            ],
            [
              -72.0997055,
              43.7846138
            ],
            [
              -72.0997676,
              43.784616
            ],
            [
              -72.0998174,
              43.7845963
            ],
            [
              -72.0998297,
              43.7845913
            ],
            [
              -72.0998918,
              43.7845931
            ],
            [
              -72.0998966,
              43.7845963
            ],
            [
              -72.0999539,
              43.7846367
            ],
            [
              -72.0999628,
              43.7846414
            ],
            [
              -72.100016,
              43.7846705
            ],
            [
              -72.1000399,
              43.7846865
            ],
            [
              -72.1000713,
              43.7847317
            ],
            [
              -72.1000781,
              43.7847486
            ],
            [
              -72.1000832,
              43.7847768
            ],
            [
              -72.1000952,
              43.7848219
            ],
            [
              -72.1001387,
              43.784867
            ],
            [
              -72.1001402,
              43.7848679
            ],
            [
              -72.1002023,
              43.7848849
            ],
            [
              -72.1002645,
              43.784893
            ],
            [
              -72.1003266,
              43.7849097
            ],
            [
              -72.1003346,
              43.7849121
            ],
            [
              -72.1003887,
              43.7849309
            ],
            [
              -72.1004341,
              43.7849573
            ],
            [
              -72.1004508,
              43.7849729
            ],
            [
              -72.1004653,
              43.7850024
            ],
            [
              -72.1004854,
              43.7850475
            ],
            [
              -72.1005083,
              43.7850926
            ],
            [
              -72.1005129,
              43.7851003
            ],
            [
              -72.1005344,
              43.7851377
            ],
            [
              -72.1005592,
              43.7851829
            ],
            [
              -72.1005647,
              43.785228
            ],
            [
              -72.100575,
              43.785237
            ],
            [
              -72.1006174,
              43.7852731
            ],
            [
              -72.1006371,
              43.7852997
            ],
            [
              -72.1006484,
              43.7853182
            ],
            [
              -72.1006768,
              43.7853633
            ],
            [
              -72.1006992,
              43.7853876
            ],
            [
              -72.1007182,
              43.7854085
            ],
            [
              -72.1007613,
              43.7854493
            ],
            [
              -72.1007663,
              43.7854536
            ],
            [
              -72.100812,
              43.7854987
            ],
            [
              -72.1008234,
              43.7855116
            ],
            [
              -72.1008476,
              43.7855438
            ],
            [
              -72.1008856,
              43.7855888
            ],
            [
              -72.1008857,
              43.7855889
            ],
            [
              -72.1009477,
              43.785619
            ],
            [
              -72.1009662,
              43.7856341
            ],
            [
              -72.1010034,
              43.7856792
            ],
            [
              -72.1010098,
              43.7856946
            ],
            [
              -72.1010219,
              43.7857243
            ],
            [
              -72.1010385,
              43.7857694
            ],
            [
              -72.1010471,
              43.7858145
            ],
            [
              -72.1010656,
              43.7858596
            ],
            [
              -72.1010719,
              43.7858728
            ],
            [
              -72.101092,
              43.7859048
            ],
            [
              -72.101134,
              43.7859494
            ],
            [
              -72.1011347,
              43.7859499
            ],
            [
              -72.1011806,
              43.785995
            ],
            [
              -72.1011961,
              43.7860061
            ],
            [
              -72.1012392,
              43.7860401
            ],
            [
              -72.1012582,
              43.7860539
            ],
            [
              -72.1013024,
              43.7860852
            ],
            [
              -72.1013203,
              43.7860975
            ],
            [
              -72.1013564,
              43.7861304
            ],
            [
              -72.1013824,
              43.7861609
            ],
            [
              -72.1013938,
              43.7861755
            ],
            [
              -72.1014229,
              43.7862206
            ],
            [
              -72.1014445,
              43.7862522
            ],
            [
              -72.1014526,
              43.7862657
            ],
            [
              -72.1014674,
              43.7863108
            ],
            [
              -72.1014751,
              43.786356
            ],
            [
              -72.101477,
              43.7864011
            ],
            [
              -72.1014765,
              43.7864462
            ],
            [
              -72.1014725,
              43.7864913
            ],
            [
              -72.1014719,
              43.7865364
            ],
            [
              -72.1014546,
              43.7865816
            ],
            [
              -72.1014676,
              43.7866267
            ],
            [
              -72.1014695,
              43.7866718
            ],
            [
              -72.1014821,
              43.7867169
            ],
            [
              -72.1014957,
              43.786762
            ],
            [
              -72.1015066,
              43.7867776
            ],
            [
              -72.1015369,
              43.7868072
            ],
            [
              -72.1015688,
              43.7868449
            ],
            [
              -72.101578,
              43.7868523
            ],
            [
              -72.1016309,
              43.786892
            ],
            [
              -72.1016392,
              43.7868974
            ],
            [
              -72.101693,
              43.786928
            ],
            [
              -72.1017287,
              43.7869425
            ],
            [
              -72.1017551,
              43.7869533
            ],
            [
              -72.101809,
              43.7869876
            ],
            [
              -72.1018172,
              43.7869938
            ],
            [
              -72.1018548,
              43.7870327
            ],
            [
              -72.1018793,
              43.7870756
            ],
            [
              -72.1018808,
              43.7870779
            ],
            [
              -72.1019291,
              43.787123
            ],
            [
              -72.1019414,
              43.7871304
            ],
            [
              -72.1020035,
              43.7871446
            ],
            [
              -72.1020656,
              43.7871582
            ],
            [
              -72.1021075,
              43.7871681
            ],
            [
              -72.1021277,
              43.7871741
            ],
            [
              -72.1021899,
              43.7871973
            ],
            [
              -72.1022167,
              43.7872132
            ],
            [
              -72.102252,
              43.78724
            ],
            [
              -72.1022699,
              43.7872583
            ],
            [
              -72.1023118,
              43.7873035
            ],
            [
              -72.1023141,
              43.787309
            ],
            [
              -72.1023215,
              43.7873486
            ],
            [
              -72.1023259,
              43.7873937
            ],
            [
              -72.1023252,
              43.7874388
            ],
            [
              -72.1023147,
              43.7874839
            ],
            [
              -72.1023213,
              43.7875291
            ],
            [
              -72.1023141,
              43.7875402
            ],
            [
              -72.1022765,
              43.7875742
            ],
            [
              -72.102252,
              43.7876109
            ],
            [
              -72.102247,
              43.7876193
            ],
            [
              -72.1022093,
              43.7876644
            ],
            [
              -72.1022124,
              43.7877095
            ],
            [
              -72.1022035,
              43.7877547
            ],
            [
              -72.1021899,
              43.7877882
            ],
            [
              -72.1021859,
              43.7877998
            ],
            [
              -72.1021816,
              43.7878449
            ],
            [
              -72.1021899,
              43.7878826
            ],
            [
              -72.1021925,
              43.78789
            ],
            [
              -72.1022048,
              43.7879351
            ],
            [
              -72.102225,
              43.7879802
            ],
            [
              -72.1022339,
              43.7880254
            ],
            [
              -72.102252,
              43.7880694
            ],
            [
              -72.1022527,
              43.7880705
            ],
            [
              -72.1022879,
              43.7881156
            ],
            [
              -72.1023079,
              43.7881607
            ],
            [
              -72.1023141,
              43.7881666
            ],
            [
              -72.1023403,
              43.7882058
            ],
            [
              -72.1023505,
              43.788251
            ],
            [
              -72.1023563,
              43.7882961
            ],
            [
              -72.1023727,
              43.7883412
            ],
            [
              -72.1023762,
              43.7883502
            ],
            [
              -72.1023923,
              43.7883863
            ],
            [
              -72.1024204,
              43.7884314
            ],
            [
              -72.1024383,
              43.7884606
            ],
            [
              -72.1024494,
              43.7884766
            ],
            [
              -72.1024803,
              43.7885217
            ],
            [
              -72.1025004,
              43.7885553
            ],
            [
              -72.1025085,
              43.7885668
            ],
            [
              -72.1025549,
              43.7886119
            ],
            [
              -72.1025625,
              43.7886191
            ],
            [
              -72.1025954,
              43.788657
            ],
            [
              -72.1026235,
              43.7887022
            ],
            [
              -72.1026246,
              43.7887046
            ],
            [
              -72.1026515,
              43.7887473
            ],
            [
              -72.1026783,
              43.7887924
            ],
            [
              -72.1026867,
              43.7888013
            ],
            [
              -72.1027364,
              43.7888375
            ],
            [
              -72.1027488,
              43.7888473
            ],
            [
              -72.1028109,
              43.7888756
            ],
            [
              -72.1028348,
              43.7888826
            ],
            [
              -72.1028731,
              43.7888975
            ],
            [
              -72.1029014,
              43.7889278
            ],
            [
              -72.102917,
              43.7889729
            ],
            [
              -72.1029242,
              43.789018
            ],
            [
              -72.1029231,
              43.7890631
            ],
            [
              -72.1029229,
              43.7891082
            ],
            [
              -72.1029346,
              43.7891533
            ],
            [
              -72.1029352,
              43.7891582
            ],
            [
              -72.1029393,
              43.7891985
            ],
            [
              -72.1029438,
              43.7892436
            ],
            [
              -72.1029591,
              43.7892887
            ],
            [
              -72.1029693,
              43.7893338
            ],
            [
              -72.1029944,
              43.7893789
            ],
            [
              -72.1029973,
              43.7893837
            ],
            [
              -72.103047,
              43.7894241
            ],
            [
              -72.1030594,
              43.7894325
            ],
            [
              -72.1031215,
              43.7894658
            ],
            [
              -72.1031285,
              43.7894692
            ],
            [
              -72.1031836,
              43.7894939
            ],
            [
              -72.1032457,
              43.7895121
            ],
            [
              -72.103251,
              43.7895143
            ],
            [
              -72.1033078,
              43.7895441
            ],
            [
              -72.1033388,
              43.7895594
            ],
            [
              -72.1033699,
              43.7895747
            ],
            [
              -72.103432,
              43.7896001
            ],
            [
              -72.1034538,
              43.7896045
            ],
            [
              -72.1034941,
              43.7896128
            ],
            [
              -72.1035563,
              43.789634
            ],
            [
              -72.1035761,
              43.7896497
            ],
            [
              -72.1036184,
              43.7896828
            ],
            [
              -72.1036368,
              43.7896948
            ],
            [
              -72.1036805,
              43.7897271
            ],
            [
              -72.1037426,
              43.7897324
            ],
            [
              -72.1037969,
              43.7897399
            ],
            [
              -72.1038047,
              43.7897407
            ],
            [
              -72.1038564,
              43.789785
            ],
            [
              -72.1038668,
              43.789799
            ],
            [
              -72.1039289,
              43.7898234
            ],
            [
              -72.103948,
              43.7898301
            ],
            [
              -72.103991,
              43.7898419
            ],
            [
              -72.1040531,
              43.7898571
            ],
            [
              -72.1041152,
              43.7898611
            ],
            [
              -72.1041774,
              43.7898627
            ],
            [
              -72.1042117,
              43.7898753
            ],
            [
              -72.1042395,
              43.7898843
            ],
            [
              -72.1043016,
              43.7899112
            ],
            [
              -72.1043112,
              43.7899204
            ],
            [
              -72.1043504,
              43.7899655
            ],
            [
              -72.1043637,
              43.7899784
            ],
            [
              -72.1044005,
              43.7900106
            ],
            [
              -72.1044258,
              43.7900325
            ],
            [
              -72.1044879,
              43.7900553
            ],
            [
              -72.1044905,
              43.7900557
            ],
            [
              -72.10455,
              43.7900667
            ],
            [
              -72.1046121,
              43.7900671
            ],
            [
              -72.1046742,
              43.790084
            ],
            [
              -72.104723,
              43.7901009
            ],
            [
              -72.1047363,
              43.7901053
            ],
            [
              -72.1047984,
              43.7901158
            ],
            [
              -72.1048606,
              43.7901201
            ],
            [
              -72.1049227,
              43.7901205
            ],
            [
              -72.1049848,
              43.7901212
            ],
            [
              -72.1050469,
              43.7901232
            ],
            [
              -72.105109,
              43.7901204
            ],
            [
              -72.1051711,
              43.7901383
            ],
            [
              -72.105191,
              43.790146
            ],
            [
              -72.1052332,
              43.7901628
            ],
            [
              -72.1052953,
              43.7901874
            ],
            [
              -72.1052994,
              43.7901911
            ],
            [
              -72.1053451,
              43.7902362
            ],
            [
              -72.1053574,
              43.7902479
            ],
            [
              -72.1053937,
              43.7902813
            ],
            [
              -72.1054195,
              43.790297
            ],
            [
              -72.1054817,
              43.7903109
            ],
            [
              -72.1055438,
              43.7903206
            ],
            [
              -72.1056059,
              43.7903132
            ],
            [
              -72.105668,
              43.7903124
            ],
            [
              -72.1057301,
              43.7903184
            ],
            [
              -72.1057681,
              43.7903264
            ],
            [
              -72.1057922,
              43.7903325
            ],
            [
              -72.1058543,
              43.7903543
            ],
            [
              -72.1059083,
              43.7903716
            ],
            [
              -72.1059164,
              43.7903746
            ],
            [
              -72.1059785,
              43.7903785
            ],
            [
              -72.1060406,
              43.7903794
            ],
            [
              -72.1061027,
              43.7903775
            ],
            [
              -72.1061627,
              43.7903716
            ],
            [
              -72.1061649,
              43.7903713
            ],
            [
              -72.1061662,
              43.7903716
            ],
            [
              -72.106227,
              43.7903812
            ],
            [
              -72.1062891,
              43.7903814
            ],
            [
              -72.1063512,
              43.7903905
            ],
            [
              -72.1064133,
              43.7903933
            ],
            [
              -72.1064754,
              43.7903983
            ],
            [
              -72.1065375,
              43.7903942
            ],
            [
              -72.1065996,
              43.7903898
            ],
            [
              -72.1066617,
              43.7903876
            ],
            [
              -72.106715,
              43.7903716
            ],
            [
              -72.1067238,
              43.7903686
            ],
            [
              -72.1067317,
              43.7903716
            ],
            [
              -72.106786,
              43.7903908
            ],
            [
              -72.1068481,
              43.7903783
            ],
            [
              -72.1068602,
              43.7903716
            ],
            [
              -72.1069022,
              43.7903264
            ],
            [
              -72.1069102,
              43.7903146
            ],
            [
              -72.1069412,
              43.7902813
            ],
            [
              -72.1069723,
              43.7902691
            ],
            [
              -72.1070344,
              43.7902449
            ],
            [
              -72.1070965,
              43.7902434
            ],
            [
              -72.1071439,
              43.7902362
            ],
            [
              -72.1071586,
              43.790234
            ],
            [
              -72.1072172,
              43.7902362
            ],
            [
              -72.1072207,
              43.7902363
            ],
            [
              -72.1072208,
              43.7902362
            ],
            [
              -72.1072676,
              43.7901911
            ],
            [
              -72.1072828,
              43.7901836
            ],
            [
              -72.1073449,
              43.7901721
            ],
            [
              -72.107407,
              43.7901879
            ],
            [
              -72.1074584,
              43.7901911
            ],
            [
              -72.1074692,
              43.7901917
            ],
            [
              -72.1075,
              43.7902088
            ]
          ],
          [
            [
              -72.0955441,
              43.7809281
            ],
            [
              -72.0955622,
              43.7809417
            ],
            [
              -72.0955441,
              43.7809612
            ],
            [
              -72.0955315,
              43.7809417
            ],
            [
              -72.0955441,
              43.7809281
            ]
          ]
        ]
      }
    },
    {
      "type": "Feature",
      "id": "contour/360m",
      "properties": {
        "elevation_m": 360,
        "is_index": false
      },
      "geometry": {
        "type": "MultiLineString",
        "coordinates": [
          [
            [
              -72.0910849,
              43.7908
            ],
            [
              -72.0911022,
              43.7907776
            ],
            [
              -72.0911344,
              43.7907472
            ],
            [
              -72.0911481,
              43.7907325
            ],
            [
              -72.0911939,
              43.7906874
            ],
            [
              -72.0911965,
              43.7906849
            ],
            [
              -72.0912586,
              43.7906499
            ],
            [
              -72.0912693,
              43.7906423
            ],
            [
              -72.0912948,
              43.7905972
            ],
            [
              -72.0913207,
              43.7905793
            ],
            [
              -72.0913801,
              43.790552
            ],
            [
              -72.0913828,
              43.7905508
            ],
            [
              -72.0914323,
              43.7905069
            ],
            [
              -72.0914449,
              43.7904996
            ],
            [
              -72.0915062,
              43.7904618
            ],
            [
              -72.091507,
              43.7904613
            ],
            [
              -72.0915691,
              43.7904413
            ],
            [
              -72.0916312,
              43.7904244
            ],
            [
              -72.0916741,
              43.7904167
            ],
            [
              -72.0916934,
              43.7904141
            ],
            [
              -72.0917555,
              43.7904156
            ],
            [
              -72.0917698,
              43.7904167
            ],
            [
              -72.0918176,
              43.7904236
            ],
            [
              -72.0918797,
              43.7904324
            ],
            [
              -72.0919418,
              43.7904615
            ],
            [
              -72.0919423,
              43.7904618
            ],
            [
              -72.0920039,
              43.7904774
            ],
            [
              -72.092066,
              43.7904922
            ],
            [
              -72.0921281,
              43.7905025
            ],
            [
              -72.0921661,
              43.7905069
            ],
            [
              -72.0921902,
              43.7905113
            ],
            [
              -72.0922523,
              43.7905166
            ],
            [
              -72.0923144,
              43.790518
            ],
            [
              -72.0923766,
              43.7905212
            ],
            [
              -72.0924387,
              43.7905131
            ],
            [
              -72.0924759,
              43.7905069
            ],
            [
              -72.0925008,
              43.7905034
            ],
            [
              -72.0925629,
              43.7904835
            ],
            [
              -72.092613,
              43.7904618
            ],
            [
              -72.092625,
              43.7904569
            ],
            [
              -72.0926871,
              43.7904178
            ],
            [
              -72.0926881,
              43.7904167
            ],
            [
              -72.0927271,
              43.7903716
            ],
            [
              -72.0927492,
              43.7903544
            ],
            [
              -72.0927961,
              43.7903264
            ],
            [
              -72.0928113,
              43.7903158
            ],
            [
              -72.0928553,
              43.7902813
            ],
            [
              -72.0928734,
              43.7902651
            ],
            [
              -72.0928965,
              43.7902362
            ],
            [
              -72.0929355,
              43.7901993
            ],
            [
              -72.0929435,
              43.7901911
            ],
            [
              -72.0929898,
              43.790146
            ],
            [
              -72.0929977,
              43.7901355
            ],
            [
              -72.0930365,
              43.7901009
            ],
            [
              -72.0930598,
              43.7900813
            ],
            [
              -72.0931018,
              43.7900557
            ],
            [
              -72.0931219,
              43.7900461
            ],
            [
              -72.093184,
              43.7900267
            ],
            [
              -72.0932295,
              43.7900106
            ],
            [
              -72.0932461,
              43.7900049
            ],
            [
              -72.0933082,
              43.7899911
            ],
            [
              -72.0933703,
              43.7899787
            ],
            [
              -72.0934324,
              43.7899668
            ],
            [
              -72.0934396,
              43.7899655
            ],
            [
              -72.0934945,
              43.7899542
            ],
            [
              -72.0935536,
              43.7899204
            ],
            [
              -72.0935566,
              43.7899194
            ],
            [
              -72.0936187,
              43.7899015
            ],
            [
              -72.0936809,
              43.7898874
            ],
            [
              -72.0937206,
              43.7898753
            ],
            [
              -72.093743,
              43.7898618
            ],
            [
              -72.0938051,
              43.7898487
            ],
            [
              -72.0938672,
              43.7898438
            ],
            [
              -72.0939293,
              43.7898349
            ],
            [
              -72.0939549,
              43.7898301
            ],
            [
              -72.0939914,
              43.7898232
            ],
            [
              -72.0940535,
              43.7898275
            ],
            [
              -72.0940682,
              43.7898301
            ],
            [
              -72.0941156,
              43.7898407
            ],
            [
              -72.0941777,
              43.789848
            ],
            [
              -72.0942398,
              43.7898464
            ],
            [
              -72.094302,
              43.789834
            ],
            [
              -72.0943203,
              43.7898301
            ],
            [
              -72.0943641,
              43.7898133
            ],
            [
              -72.0944105,
              43.789785
            ],
            [
              -72.0944262,
              43.78977
            ],
            [
              -72.0944499,
              43.7897399
            ],
            [
              -72.0944883,
              43.7897223
            ],
            [
              -72.0945504,
              43.7897268
            ],
            [
              -72.0946125,
              43.7897194
            ],
            [
              -72.0946746,
              43.7896981
            ],
            [
              -72.0946869,
              43.7896948
            ],
            [
              -72.0947367,
              43.7896798
            ],
            [
              -72.0947988,
              43.7896579
            ],
            [
              -72.0948173,
              43.7896497
            ],
            [
              -72.0948609,
              43.7896325
            ],
            [
              -72.094923,
              43.7896441
            ],
            [
              -72.0949492,
              43.7896497
            ],
            [
              -72.0949852,
              43.7896553
            ],
            [
              -72.0950341,
              43.7896497
            ],
            [
              -72.0950473,
              43.7896464
            ],
            [
              -72.0951094,
              43.7896157
            ],
            [
              -72.0951254,
              43.7896045
            ],
            [
              -72.0951455,
              43.7895594
            ],
            [
              -72.0951715,
              43.7895248
            ],
            [
              -72.0951788,
              43.7895143
            ],
            [
              -72.0952336,
              43.7894785
            ],
            [
              -72.0952558,
              43.7894692
            ],
            [
              -72.0952957,
              43.7894524
            ],
            [
              -72.0953578,
              43.7894262
            ],
            [
              -72.0953606,
              43.7894241
            ],
            [
              -72.0954199,
              43.7893895
            ],
            [
              -72.0954406,
              43.7893789
            ],
            [
              -72.095482,
              43.7893684
            ],
            [
              -72.0955441,
              43.7893547
            ],
            [
              -72.0955682,
              43.7893338
            ],
            [
              -72.0956062,
              43.789306
            ],
            [
              -72.0956254,
              43.7892887
            ],
            [
              -72.095643,
              43.7892436
            ],
            [
              -72.0956576,
              43.7891985
            ],
            [
              -72.0956684,
              43.7891798
            ],
            [
              -72.095705,
              43.7891533
            ],
            [
              -72.0957305,
              43.7891415
            ],
            [
              -72.0957926,
              43.7891348
            ],
            [
              -72.0958441,
              43.7891082
            ],
            [
              -72.0958547,
              43.7890927
            ],
            [
              -72.0958703,
              43.7890631
            ],
            [
              -72.0958907,
              43.789018
            ],
            [
              -72.0959168,
              43.789003
            ],
            [
              -72.0959789,
              43.7889742
            ],
            [
              -72.0959812,
              43.7889729
            ],
            [
              -72.0960408,
              43.7889278
            ],
            [
              -72.096041,
              43.7889275
            ],
            [
              -72.0961012,
              43.7888826
            ],
            [
              -72.0961031,
              43.7888805
            ],
            [
              -72.0961578,
              43.7888375
            ],
            [
              -72.0961652,
              43.7888328
            ],
            [
              -72.0962273,
              43.7887945
            ],
            [
              -72.0962302,
              43.7887924
            ],
            [
              -72.096251,
              43.7887473
            ],
            [
              -72.0962764,
              43.7887022
            ],
            [
              -72.0962895,
              43.7886868
            ],
            [
              -72.0963015,
              43.788657
            ],
            [
              -72.0963125,
              43.7886119
            ],
            [
              -72.0963177,
              43.7885668
            ],
            [
              -72.0963224,
              43.7885217
            ],
            [
              -72.0963344,
              43.7884766
            ],
            [
              -72.0963516,
              43.7884578
            ],
            [
              -72.0963774,
              43.7884314
            ],
            [
              -72.0964119,
              43.7883863
            ],
            [
              -72.0964137,
              43.7883846
            ],
            [
              -72.0964733,
              43.7883412
            ],
            [
              -72.0964758,
              43.7883397
            ],
            [
              -72.0965176,
              43.7882961
            ],
            [
              -72.0965186,
              43.788251
            ],
            [
              -72.0965118,
              43.7882058
            ],
            [
              -72.0965103,
              43.7881607
            ],
            [
              -72.0965113,
              43.7881156
            ],
            [
              -72.0965084,
              43.7880705
            ],
            [
              -72.0965101,
              43.7880254
            ],
            [
              -72.0965069,
              43.7879802
            ],
            [
              -72.0965047,
              43.7879351
            ],
            [
              -72.0965079,
              43.78789
            ],
            [
              -72.0965153,
              43.7878449
            ],
            [
              -72.0965134,
              43.7877998
            ],
            [
              -72.0964864,
              43.7877547
            ],
            [
              -72.0964943,
              43.7877095
            ],
            [
              -72.0965102,
              43.7876644
            ],
            [
              -72.0965279,
              43.7876193
            ],
            [
              -72.0965379,
              43.7875931
            ],
            [
              -72.0965439,
              43.7875742
            ],
            [
              -72.0965678,
              43.7875291
            ],
            [
              -72.0965942,
              43.7874839
            ],
            [
              -72.0965557,
              43.7874388
            ],
            [
              -72.0965379,
              43.7874075
            ],
            [
              -72.0965304,
              43.7873937
            ],
            [
              -72.0965134,
              43.7873486
            ],
            [
              -72.0964933,
              43.7873035
            ],
            [
              -72.0964758,
              43.7872823
            ],
            [
              -72.0964618,
              43.7872583
            ],
            [
              -72.0964677,
              43.7872132
            ],
            [
              -72.0964758,
              43.7871942
            ],
            [
              -72.0964889,
              43.7871681
            ],
            [
              -72.0965057,
              43.787123
            ],
            [
              -72.0965154,
              43.7870779
            ],
            [
              -72.096483,
              43.7870327
            ],
            [
              -72.0964758,
              43.7870147
            ],
            [
              -72.0964611,
              43.7869876
            ],
            [
              -72.0964622,
              43.7869425
            ],
            [
              -72.0964758,
              43.7868996
            ],
            [
              -72.0964769,
              43.7868974
            ],
            [
              -72.0965066,
              43.7868523
            ],
            [
              -72.0965379,
              43.786838
            ],
            [
              -72.0965834,
              43.7868072
            ],
            [
              -72.0966,
              43.7867887
            ],
            [
              -72.0966178,
              43.786762
            ],
            [
              -72.0966466,
              43.7867169
            ],
            [
              -72.0966593,
              43.7866718
            ],
            [
              -72.0966621,
              43.7866539
            ],
            [
              -72.0966662,
              43.7866267
            ],
            [
              -72.0966779,
              43.7865816
            ],
            [
              -72.0966869,
              43.7865364
            ],
            [
              -72.0966923,
              43.7864913
            ],
            [
              -72.0966974,
              43.7864462
            ],
            [
              -72.0966988,
              43.7864011
            ],
            [
              -72.0967033,
              43.786356
            ],
            [
              -72.0967029,
              43.7863108
            ],
            [
              -72.0967242,
              43.7862703
            ],
            [
              -72.0967278,
              43.7862657
            ],
            [
              -72.0967362,
              43.7862206
            ],
            [
              -72.0967242,
              43.7861992
            ],
            [
              -72.0967016,
              43.7861755
            ],
            [
              -72.0966621,
              43.7861349
            ],
            [
              -72.0966586,
              43.7861304
            ],
            [
              -72.0966171,
              43.7860852
            ],
            [
              -72.0966,
              43.7860446
            ],
            [
              -72.0965973,
              43.7860401
            ],
            [
              -72.0965926,
              43.785995
            ],
            [
              -72.0966,
              43.7859831
            ],
            [
              -72.0966115,
              43.7859499
            ],
            [
              -72.0966113,
              43.7859048
            ],
            [
              -72.0966,
              43.7858903
            ],
            [
              -72.0965587,
              43.7858596
            ],
            [
              -72.0965379,
              43.7858177
            ],
            [
              -72.096536,
              43.7858145
            ],
            [
              -72.0964992,
              43.7857694
            ],
            [
              -72.0964758,
              43.7857387
            ],
            [
              -72.0964628,
              43.7857243
            ],
            [
              -72.0964137,
              43.7856796
            ],
            [
              -72.0964133,
              43.7856792
            ],
            [
              -72.0963713,
              43.7856341
            ],
            [
              -72.0963536,
              43.7855889
            ],
            [
              -72.0963516,
              43.7855855
            ],
            [
              -72.0963303,
              43.7855438
            ],
            [
              -72.0963059,
              43.7854987
            ],
            [
              -72.0962895,
              43.785475
            ],
            [
              -72.0962735,
              43.7854536
            ],
            [
              -72.0962273,
              43.7854178
            ],
            [
              -72.0962174,
              43.7854085
            ],
            [
              -72.0961694,
              43.7853633
            ],
            [
              -72.0961652,
              43.7853577
            ],
            [
              -72.0961313,
              43.7853182
            ],
            [
              -72.0961031,
              43.7852891
            ],
            [
              -72.0960826,
              43.7852731
            ],
            [
              -72.096041,
              43.7852465
            ],
            [
              -72.0960207,
              43.785228
            ],
            [
              -72.0959841,
              43.7851829
            ],
            [
              -72.0959789,
              43.7851778
            ],
            [
              -72.0959331,
              43.7851377
            ],
            [
              -72.0959168,
              43.785121
            ],
            [
              -72.0958871,
              43.7850926
            ],
            [
              -72.0958547,
              43.7850616
            ],
            [
              -72.0958388,
              43.7850475
            ],
            [
              -72.095807,
              43.7850024
            ],
            [
              -72.0957926,
              43.7849734
            ],
            [
              -72.0957859,
              43.7849573
            ],
            [
              -72.0957591,
              43.7849121
            ],
            [
              -72.0957305,
              43.7848741
            ],
            [
              -72.0957256,
              43.784867
            ],
            [
              -72.0957002,
              43.7848219
            ],
            [
              -72.0956684,
              43.7847786
            ],
            [
              -72.0956669,
              43.7847768
            ],
            [
              -72.0956212,
              43.7847317
            ],
            [
              -72.0956062,
              43.7847181
            ],
            [
              -72.0955692,
              43.7846865
            ],
            [
              -72.0955441,
              43.7846595
            ],
            [
              -72.0955284,
              43.7846414
            ],
            [
              -72.0955111,
              43.7845963
            ],
            [
              -72.0955024,
              43.7845512
            ],
            [
              -72.0955043,
              43.7845061
            ],
            [
              -72.0955235,
              43.784461
            ],
            [
              -72.0955441,
              43.7844335
            ],
            [
              -72.0955568,
              43.7844158
            ],
            [
              -72.0955494,
              43.7843707
            ],
            [
              -72.0955441,
              43.7843642
            ],
            [
              -72.095482,
              43.7843266
            ],
            [
              -72.0954798,
              43.7843256
            ],
            [
              -72.0954199,
              43.7842946
            ],
            [
              -72.0954101,
              43.7842805
            ],
            [
              -72.0953865,
              43.7842354
            ],
            [
              -72.0953753,
              43.7841902
            ],
            [
              -72.0953607,
              43.7841451
            ],
            [
              -72.0953578,
              43.7841316
            ],
            [
              -72.0953523,
              43.7841
            ],
            [
              -72.0953449,
              43.7840549
            ],
            [
              -72.0953224,
              43.7840098
            ],
            [
              -72.0952957,
              43.7839674
            ],
            [
              -72.0952938,
              43.7839646
            ],
            [
              -72.0952443,
              43.7839195
            ],
            [
              -72.0952336,
              43.7839091
            ],
            [
              -72.0952083,
              43.7838744
            ],
            [
              -72.0951793,
              43.7838293
            ],
            [
              -72.0951715,
              43.7838173
            ],
            [
              -72.0951528,
              43.7837842
            ],
            [
              -72.0951388,
              43.783739
            ],
            [
              -72.0951225,
              43.7836939
            ],
            [
              -72.0951218,
              43.7836488
            ],
            [
              -72.0951198,
              43.7836037
            ],
            [
              -72.0951098,
              43.7835586
            ],
            [
              -72.0951094,
              43.7835567
            ],
            [
              -72.0950969,
              43.7835135
            ],
            [
              -72.0950805,
              43.7834683
            ],
            [
              -72.0950473,
              43.7834438
            ],
            [
              -72.0950133,
              43.7834232
            ],
            [
              -72.0949852,
              43.7834179
            ],
            [
              -72.094923,
              43.7834077
            ],
            [
              -72.0948775,
              43.7833781
            ],
            [
              -72.0948609,
              43.7833426
            ],
            [
              -72.094857,
              43.783333
            ],
            [
              -72.0948609,
              43.7832879
            ],
            [
              -72.0948609,
              43.7832873
            ],
            [
              -72.0948646,
              43.7832427
            ],
            [
              -72.0948698,
              43.7831976
            ],
            [
              -72.0948609,
              43.7831765
            ],
            [
              -72.094852,
              43.7831525
            ],
            [
              -72.0948538,
              43.7831074
            ],
            [
              -72.0948593,
              43.7830623
            ],
            [
              -72.0948432,
              43.7830171
            ],
            [
              -72.0948446,
              43.782972
            ],
            [
              -72.0948555,
              43.7829269
            ],
            [
              -72.0948589,
              43.7828818
            ],
            [
              -72.094851,
              43.7828367
            ],
            [
              -72.0948234,
              43.7827915
            ],
            [
              -72.0948209,
              43.7827464
            ],
            [
              -72.094811,
              43.7827013
            ],
            [
              -72.094819,
              43.7826562
            ],
            [
              -72.0948215,
              43.7826111
            ],
            [
              -72.0948286,
              43.7825659
            ],
            [
              -72.0948326,
              43.7825208
            ],
            [
              -72.0948351,
              43.7824757
            ],
            [
              -72.0948354,
              43.7824306
            ],
            [
              -72.0948379,
              43.7823855
            ],
            [
              -72.094832,
              43.7823404
            ],
            [
              -72.0948291,
              43.7822952
            ],
            [
              -72.0948359,
              43.7822501
            ],
            [
              -72.0948462,
              43.782205
            ],
            [
              -72.0948609,
              43.7821832
            ],
            [
              -72.094923,
              43.7821691
            ],
            [
              -72.0949317,
              43.7821599
            ],
            [
              -72.0949249,
              43.7821148
            ],
            [
              -72.094923,
              43.7821115
            ],
            [
              -72.0948971,
              43.7820696
            ],
            [
              -72.0948714,
              43.7820245
            ],
            [
              -72.0948609,
              43.7819999
            ],
            [
              -72.0948503,
              43.7819794
            ],
            [
              -72.0948361,
              43.7819343
            ],
            [
              -72.0948609,
              43.781906
            ],
            [
              -72.0948726,
              43.7818892
            ],
            [
              -72.0948929,
              43.781844
            ],
            [
              -72.0948755,
              43.7817989
            ],
            [
              -72.0948611,
              43.7817538
            ],
            [
              -72.0948609,
              43.7817528
            ],
            [
              -72.0948534,
              43.7817087
            ],
            [
              -72.0948591,
              43.7816636
            ],
            [
              -72.0948609,
              43.7816549
            ],
            [
              -72.0948669,
              43.7816184
            ],
            [
              -72.0948609,
              43.7815736
            ],
            [
              -72.0948609,
              43.7815733
            ],
            [
              -72.0948543,
              43.7815282
            ],
            [
              -72.0948335,
              43.7814831
            ],
            [
              -72.0948323,
              43.781438
            ],
            [
              -72.0948275,
              43.7813928
            ],
            [
              -72.0948177,
              43.7813477
            ],
            [
              -72.0947988,
              43.7813106
            ],
            [
              -72.0947953,
              43.7813026
            ],
            [
              -72.0947805,
              43.7812575
            ],
            [
              -72.0947824,
              43.7812124
            ],
            [
              -72.0947897,
              43.7811673
            ],
            [
              -72.0947822,
              43.7811221
            ],
            [
              -72.0947449,
              43.781077
            ],
            [
              -72.0947367,
              43.7810728
            ],
            [
              -72.0946746,
              43.7810407
            ],
            [
              -72.094663,
              43.7810319
            ],
            [
              -72.0946181,
              43.7809868
            ],
            [
              -72.0946125,
              43.7809806
            ],
            [
              -72.0945912,
              43.7809417
            ],
            [
              -72.0945587,
              43.7808965
            ],
            [
              -72.0945504,
              43.7808721
            ],
            [
              -72.094544,
              43.7808514
            ],
            [
              -72.094544,
              43.7808063
            ],
            [
              -72.0945164,
              43.7807612
            ],
            [
              -72.0944883,
              43.7807464
            ],
            [
              -72.094464,
              43.7807161
            ],
            [
              -72.0944359,
              43.7806709
            ],
            [
              -72.0944262,
              43.7806643
            ],
            [
              -72.0943822,
              43.7806258
            ],
            [
              -72.0943641,
              43.7806068
            ],
            [
              -72.094302,
              43.7805808
            ],
            [
              -72.0943018,
              43.7805807
            ],
            [
              -72.094302,
              43.7805773
            ],
            [
              -72.0943081,
              43.7805356
            ],
            [
              -72.0943142,
              43.7804905
            ],
            [
              -72.0943382,
              43.7804453
            ],
            [
              -72.0943605,
              43.7804002
            ],
            [
              -72.0943635,
              43.7803551
            ],
            [
              -72.0943641,
              43.7803502
            ],
            [
              -72.0943719,
              43.78031
            ],
            [
              -72.0943724,
              43.7802649
            ],
            [
              -72.0943672,
              43.7802198
            ],
            [
              -72.0943766,
              43.7801746
            ],
            [
              -72.0943641,
              43.7801324
            ],
            [
              -72.0943625,
              43.7801295
            ],
            [
              -72.0943226,
              43.7800844
            ],
            [
              -72.094302,
              43.780049
            ],
            [
              -72.0942975,
              43.7800393
            ],
            [
              -72.094288,
              43.7799942
            ],
            [
              -72.0942854,
              43.779949
            ],
            [
              -72.0942796,
              43.7799039
            ],
            [
              -72.0942398,
              43.7798598
            ],
            [
              -72.094239,
              43.7798588
            ],
            [
              -72.0942383,
              43.7798137
            ],
            [
              -72.0942398,
              43.7797686
            ],
            [
              -72.094238,
              43.7797234
            ],
            [
              -72.0942288,
              43.7796783
            ],
            [
              -72.0942052,
              43.7796332
            ],
            [
              -72.0941866,
              43.7795881
            ],
            [
              -72.0941777,
              43.7795798
            ],
            [
              -72.0941304,
              43.779543
            ],
            [
              -72.0941156,
              43.7795314
            ],
            [
              -72.0940743,
              43.7794978
            ],
            [
              -72.0940535,
              43.7794709
            ],
            [
              -72.0940464,
              43.7794527
            ],
            [
              -72.0940006,
              43.7794076
            ],
            [
              -72.0939914,
              43.779393
            ],
            [
              -72.0939678,
              43.7793625
            ],
            [
              -72.0939629,
              43.7793174
            ],
            [
              -72.0939469,
              43.7792722
            ],
            [
              -72.0939293,
              43.7792491
            ],
            [
              -72.0939114,
              43.7792271
            ],
            [
              -72.0938761,
              43.779182
            ],
            [
              -72.0938672,
              43.7791702
            ],
            [
              -72.0938337,
              43.7791369
            ],
            [
              -72.0938381,
              43.7790918
            ],
            [
              -72.093828,
              43.7790467
            ],
            [
              -72.0938672,
              43.7790127
            ],
            [
              -72.0938791,
              43.7790015
            ],
            [
              -72.0939103,
              43.7789564
            ],
            [
              -72.0939293,
              43.778932
            ],
            [
              -72.0939588,
              43.7789113
            ],
            [
              -72.0939914,
              43.7788762
            ],
            [
              -72.0940535,
              43.7788696
            ],
            [
              -72.0941156,
              43.7788664
            ],
            [
              -72.0941777,
              43.7788754
            ],
            [
              -72.0942398,
              43.778893
            ],
            [
              -72.0942856,
              43.7789113
            ],
            [
              -72.094302,
              43.7789158
            ],
            [
              -72.0943641,
              43.7789348
            ],
            [
              -72.0944262,
              43.7789542
            ],
            [
              -72.0944883,
              43.778954
            ],
            [
              -72.0945504,
              43.7789343
            ],
            [
              -72.0946125,
              43.7789227
            ],
            [
              -72.0946746,
              43.7789136
            ],
            [
              -72.0946845,
              43.7789113
            ],
            [
              -72.0947367,
              43.7788989
            ],
            [
              -72.0947988,
              43.7788788
            ],
            [
              -72.0948406,
              43.7788662
            ],
            [
              -72.0948609,
              43.77886
            ],
            [
              -72.0949135,
              43.7788211
            ],
            [
              -72.094923,
              43.7788123
            ],
            [
              -72.0949651,
              43.7787759
            ],
            [
              -72.0949852,
              43.7787465
            ],
            [
              -72.0949994,
              43.7787308
            ],
            [
              -72.095027,
              43.7786857
            ],
            [
              -72.0950375,
              43.7786406
            ],
            [
              -72.0950456,
              43.7785955
            ],
            [
              -72.0950473,
              43.7785897
            ],
            [
              -72.0950611,
              43.7785503
            ],
            [
              -72.0950649,
              43.7785052
            ],
            [
              -72.0950724,
              43.7784601
            ],
            [
              -72.0950894,
              43.778415
            ],
            [
              -72.0951033,
              43.7783699
            ],
            [
              -72.0950901,
              43.7783247
            ],
            [
              -72.0950702,
              43.7782796
            ],
            [
              -72.0950613,
              43.7782345
            ],
            [
              -72.0950804,
              43.7781894
            ],
            [
              -72.0951094,
              43.7781858
            ],
            [
              -72.0951365,
              43.7781894
            ],
            [
              -72.0951715,
              43.778219
            ],
            [
              -72.0952336,
              43.7781935
            ],
            [
              -72.0952759,
              43.7782345
            ],
            [
              -72.0952957,
              43.7782409
            ],
            [
              -72.0953527,
              43.7782796
            ],
            [
              -72.0953578,
              43.7782897
            ],
            [
              -72.0953708,
              43.7782796
            ],
            [
              -72.0954199,
              43.7782585
            ],
            [
              -72.095482,
              43.7782592
            ],
            [
              -72.0955441,
              43.7782579
            ],
            [
              -72.0956062,
              43.7782554
            ],
            [
              -72.0956684,
              43.7782383
            ],
            [
              -72.0957305,
              43.7782544
            ],
            [
              -72.0957857,
              43.7782796
            ],
            [
              -72.0957926,
              43.7782821
            ],
            [
              -72.0958547,
              43.778304
            ],
            [
              -72.095884,
              43.7783247
            ],
            [
              -72.0959168,
              43.7783407
            ],
            [
              -72.0959733,
              43.7783699
            ],
            [
              -72.0959789,
              43.778373
            ],
            [
              -72.096041,
              43.7784097
            ],
            [
              -72.0960465,
              43.778415
            ],
            [
              -72.0961031,
              43.7784542
            ],
            [
              -72.096122,
              43.7784601
            ],
            [
              -72.0961652,
              43.7784728
            ],
            [
              -72.0962273,
              43.7785028
            ],
            [
              -72.0962373,
              43.7785052
            ],
            [
              -72.0962895,
              43.7785205
            ],
            [
              -72.0963516,
              43.7785486
            ],
            [
              -72.0963556,
              43.7785503
            ],
            [
              -72.0964137,
              43.7785904
            ],
            [
              -72.0964181,
              43.7785955
            ],
            [
              -72.0964522,
              43.7786406
            ],
            [
              -72.0964758,
              43.7786795
            ],
            [
              -72.0964824,
              43.7786857
            ],
            [
              -72.0965375,
              43.7787308
            ],
            [
              -72.0965379,
              43.7787313
            ],
            [
              -72.0965642,
              43.7787759
            ],
            [
              -72.0966,
              43.7788086
            ],
            [
              -72.0966133,
              43.7788211
            ],
            [
              -72.0966532,
              43.7788662
            ],
            [
              -72.0966206,
              43.7789113
            ],
            [
              -72.0966547,
              43.7789564
            ],
            [
              -72.0966621,
              43.7789841
            ],
            [
              -72.0966672,
              43.7790015
            ],
            [
              -72.0967139,
              43.7790467
            ],
            [
              -72.0967242,
              43.7790553
            ],
            [
              -72.0967473,
              43.7790918
            ],
            [
              -72.0967755,
              43.7791369
            ],
            [
              -72.0967863,
              43.7791581
            ],
            [
              -72.0967974,
              43.779182
            ],
            [
              -72.0968174,
              43.7792271
            ],
            [
              -72.0968391,
              43.7792722
            ],
            [
              -72.0968484,
              43.7793018
            ],
            [
              -72.0968538,
              43.7793174
            ],
            [
              -72.0968636,
              43.7793625
            ],
            [
              -72.0968727,
              43.7794076
            ],
            [
              -72.0968908,
              43.7794527
            ],
            [
              -72.0969054,
              43.7794978
            ],
            [
              -72.0969105,
              43.7795088
            ],
            [
              -72.0969727,
              43.7795241
            ],
            [
              -72.0970348,
              43.7795191
            ],
            [
              -72.0970969,
              43.7795113
            ],
            [
              -72.097159,
              43.7795157
            ],
            [
              -72.0972211,
              43.7795243
            ],
            [
              -72.0972461,
              43.779543
            ],
            [
              -72.0972458,
              43.7795881
            ],
            [
              -72.0972424,
              43.7796332
            ],
            [
              -72.0972292,
              43.7796783
            ],
            [
              -72.0972211,
              43.7796987
            ],
            [
              -72.097209,
              43.7797234
            ],
            [
              -72.0971939,
              43.7797686
            ],
            [
              -72.0972113,
              43.7798137
            ],
            [
              -72.0972103,
              43.7798588
            ],
            [
              -72.097186,
              43.7799039
            ],
            [
              -72.0971766,
              43.779949
            ],
            [
              -72.0971958,
              43.7799942
            ],
            [
              -72.0972211,
              43.780031
            ],
            [
              -72.0972263,
              43.7800393
            ],
            [
              -72.0972595,
              43.7800844
            ],
            [
              -72.0972832,
              43.7801223
            ],
            [
              -72.097288,
              43.7801295
            ],
            [
              -72.0972877,
              43.7801746
            ],
            [
              -72.0972832,
              43.7801948
            ],
            [
              -72.0972765,
              43.7802198
            ],
            [
              -72.0972559,
              43.7802649
            ],
            [
              -72.0972659,
              43.78031
            ],
            [
              -72.0972832,
              43.7803181
            ],
            [
              -72.0973075,
              43.7803551
            ],
            [
              -72.0972832,
              43.7803833
            ],
            [
              -72.0972717,
              43.7804002
            ],
            [
              -72.0972567,
              43.7804453
            ],
            [
              -72.0972828,
              43.7804905
            ],
            [
              -72.0972832,
              43.7804908
            ],
            [
              -72.0973453,
              43.7805237
            ],
            [
              -72.0973651,
              43.7805356
            ],
            [
              -72.0974074,
              43.7805597
            ],
            [
              -72.0974695,
              43.7805779
            ],
            [
              -72.0974745,
              43.7805807
            ],
            [
              -72.0975228,
              43.7806258
            ],
            [
              -72.0975316,
              43.7806462
            ],
            [
              -72.0975412,
              43.7806709
            ],
            [
              -72.0975612,
              43.7807161
            ],
            [
              -72.0975751,
              43.7807612
            ],
            [
              -72.097579,
              43.7808063
            ],
            [
              -72.0975938,
              43.7808306
            ],
            [
              -72.0976042,
              43.7808514
            ],
            [
              -72.0976351,
              43.7808965
            ],
            [
              -72.0976559,
              43.7809209
            ],
            [
              -72.0976717,
              43.7809417
            ],
            [
              -72.0977158,
              43.7809868
            ],
            [
              -72.097718,
              43.7809891
            ],
            [
              -72.0977296,
              43.7810319
            ],
            [
              -72.0977675,
              43.781077
            ],
            [
              -72.0977801,
              43.7810849
            ],
            [
              -72.0978303,
              43.7811221
            ],
            [
              -72.0978422,
              43.7811298
            ],
            [
              -72.0978866,
              43.7811673
            ],
            [
              -72.0979043,
              43.7811828
            ],
            [
              -72.0979385,
              43.7812124
            ],
            [
              -72.0979587,
              43.7812575
            ],
            [
              -72.0979664,
              43.7812704
            ],
            [
              -72.0980285,
              43.7812829
            ],
            [
              -72.0980885,
              43.7812575
            ],
            [
              -72.0980906,
              43.7812567
            ],
            [
              -72.0981527,
              43.7812165
            ],
            [
              -72.0981602,
              43.7812124
            ],
            [
              -72.0982148,
              43.7811777
            ],
            [
              -72.098229,
              43.7811673
            ],
            [
              -72.098277,
              43.7811245
            ],
            [
              -72.0982797,
              43.7811221
            ],
            [
              -72.0983391,
              43.7810773
            ],
            [
              -72.0983395,
              43.781077
            ],
            [
              -72.0984012,
              43.781039
            ],
            [
              -72.0984126,
              43.7810319
            ],
            [
              -72.0984581,
              43.7809868
            ],
            [
              -72.0984633,
              43.7809797
            ],
            [
              -72.0984932,
              43.7809417
            ],
            [
              -72.0985254,
              43.78091
            ],
            [
              -72.098542,
              43.7808965
            ],
            [
              -72.0985875,
              43.7808579
            ],
            [
              -72.0985971,
              43.7808514
            ],
            [
              -72.09864,
              43.7808063
            ],
            [
              -72.0986496,
              43.7807963
            ],
            [
              -72.0987117,
              43.780762
            ],
            [
              -72.0987738,
              43.7807751
            ],
            [
              -72.0988127,
              43.7807612
            ],
            [
              -72.0988359,
              43.7807563
            ],
            [
              -72.098845,
              43.7807612
            ],
            [
              -72.0988933,
              43.7808063
            ],
            [
              -72.098898,
              43.7808145
            ],
            [
              -72.0989286,
              43.7808514
            ],
            [
              -72.0989433,
              43.7808965
            ],
            [
              -72.0989398,
              43.7809417
            ],
            [
              -72.0989588,
              43.7809868
            ],
            [
              -72.0989602,
              43.7809974
            ],
            [
              -72.0989628,
              43.7810319
            ],
            [
              -72.0989602,
              43.7810387
            ],
            [
              -72.0989462,
              43.781077
            ],
            [
              -72.0989486,
              43.7811221
            ],
            [
              -72.0989331,
              43.7811673
            ],
            [
              -72.0989231,
              43.7812124
            ],
            [
              -72.0989314,
              43.7812575
            ],
            [
              -72.0989453,
              43.7813026
            ],
            [
              -72.0989602,
              43.7813322
            ],
            [
              -72.0989683,
              43.7813477
            ],
            [
              -72.0989965,
              43.7813928
            ],
            [
              -72.0990212,
              43.781438
            ],
            [
              -72.0990223,
              43.7814398
            ],
            [
              -72.0990434,
              43.7814831
            ],
            [
              -72.0990623,
              43.7815282
            ],
            [
              -72.0990835,
              43.7815733
            ],
            [
              -72.0990844,
              43.7815761
            ],
            [
              -72.0991051,
              43.7816184
            ],
            [
              -72.0990844,
              43.7816403
            ],
            [
              -72.0990452,
              43.7816636
            ],
            [
              -72.0990223,
              43.78167
            ],
            [
              -72.0989602,
              43.7816873
            ],
            [
              -72.098898,
              43.7817053
            ],
            [
              -72.098887,
              43.7817087
            ],
            [
              -72.0988359,
              43.7817442
            ],
            [
              -72.0988282,
              43.7817538
            ],
            [
              -72.0988225,
              43.7817989
            ],
            [
              -72.0988322,
              43.781844
            ],
            [
              -72.0988359,
              43.7818592
            ],
            [
              -72.0988509,
              43.7818892
            ],
            [
              -72.0988778,
              43.7819343
            ],
            [
              -72.098898,
              43.7819607
            ],
            [
              -72.098913,
              43.7819794
            ],
            [
              -72.0989455,
              43.7820245
            ],
            [
              -72.0989602,
              43.7820406
            ],
            [
              -72.0989915,
              43.7820696
            ],
            [
              -72.0990223,
              43.7820962
            ],
            [
              -72.0990497,
              43.7821148
            ],
            [
              -72.0990844,
              43.7821334
            ],
            [
              -72.0991208,
              43.7821599
            ],
            [
              -72.0991465,
              43.7821693
            ],
            [
              -72.0992086,
              43.7821881
            ],
            [
              -72.0992314,
              43.782205
            ],
            [
              -72.0992707,
              43.7822283
            ],
            [
              -72.0993073,
              43.7822501
            ],
            [
              -72.0993328,
              43.7822588
            ],
            [
              -72.0993949,
              43.7822693
            ],
            [
              -72.099457,
              43.7822668
            ],
            [
              -72.0995191,
              43.7822578
            ],
            [
              -72.0995709,
              43.7822501
            ],
            [
              -72.0995813,
              43.7822486
            ],
            [
              -72.0996434,
              43.782245
            ],
            [
              -72.0996696,
              43.7822501
            ],
            [
              -72.0997055,
              43.782264
            ],
            [
              -72.0997219,
              43.7822952
            ],
            [
              -72.0997108,
              43.7823404
            ],
            [
              -72.0997055,
              43.7823708
            ],
            [
              -72.0997025,
              43.7823855
            ],
            [
              -72.099689,
              43.7824306
            ],
            [
              -72.0996618,
              43.7824757
            ],
            [
              -72.0996449,
              43.7825208
            ],
            [
              -72.0996434,
              43.7825312
            ],
            [
              -72.0996398,
              43.7825659
            ],
            [
              -72.0996272,
              43.7826111
            ],
            [
              -72.0996158,
              43.7826562
            ],
            [
              -72.0996067,
              43.7827013
            ],
            [
              -72.0996134,
              43.7827464
            ],
            [
              -72.0996079,
              43.7827915
            ],
            [
              -72.0996007,
              43.7828367
            ],
            [
              -72.0995892,
              43.7828818
            ],
            [
              -72.0995813,
              43.7829021
            ],
            [
              -72.0995623,
              43.7829269
            ],
            [
              -72.0995486,
              43.782972
            ],
            [
              -72.0995319,
              43.7830171
            ],
            [
              -72.0995194,
              43.7830623
            ],
            [
              -72.0995191,
              43.7830628
            ],
            [
              -72.099495,
              43.7831074
            ],
            [
              -72.0994619,
              43.7831525
            ],
            [
              -72.099457,
              43.7831642
            ],
            [
              -72.0994422,
              43.7831976
            ],
            [
              -72.0994093,
              43.7832427
            ],
            [
              -72.0993949,
              43.783258
            ],
            [
              -72.0993663,
              43.7832879
            ],
            [
              -72.0993493,
              43.783333
            ],
            [
              -72.0993525,
              43.7833781
            ],
            [
              -72.0993922,
              43.7834232
            ],
            [
              -72.0993949,
              43.7834301
            ],
            [
              -72.0994047,
              43.7834683
            ],
            [
              -72.0994175,
              43.7835135
            ],
            [
              -72.0994208,
              43.7835586
            ],
            [
              -72.099457,
              43.7835922
            ],
            [
              -72.0994791,
              43.7836037
            ],
            [
              -72.0995191,
              43.7836214
            ],
            [
              -72.0995789,
              43.7836488
            ],
            [
              -72.0995813,
              43.7836498
            ],
            [
              -72.0996434,
              43.783678
            ],
            [
              -72.099665,
              43.7836939
            ],
            [
              -72.0997055,
              43.7837174
            ],
            [
              -72.0997349,
              43.783739
            ],
            [
              -72.0997676,
              43.7837623
            ],
            [
              -72.0997955,
              43.7837842
            ],
            [
              -72.0998297,
              43.7838125
            ],
            [
              -72.0998807,
              43.7838293
            ],
            [
              -72.0998918,
              43.7838333
            ],
            [
              -72.0999539,
              43.78386
            ],
            [
              -72.0999931,
              43.7838744
            ],
            [
              -72.100016,
              43.7838815
            ],
            [
              -72.1000781,
              43.7839008
            ],
            [
              -72.1001055,
              43.7839195
            ],
            [
              -72.1001402,
              43.7839407
            ],
            [
              -72.1001973,
              43.7839646
            ],
            [
              -72.1002023,
              43.7839666
            ],
            [
              -72.1002645,
              43.7839729
            ],
            [
              -72.1003266,
              43.7839991
            ],
            [
              -72.1003319,
              43.7840098
            ],
            [
              -72.1003466,
              43.7840549
            ],
            [
              -72.100348,
              43.7841
            ],
            [
              -72.1003419,
              43.7841451
            ],
            [
              -72.1003291,
              43.7841902
            ],
            [
              -72.1003501,
              43.7842354
            ],
            [
              -72.1003786,
              43.7842805
            ],
            [
              -72.1003887,
              43.7842961
            ],
            [
              -72.1004508,
              43.7843208
            ],
            [
              -72.1004675,
              43.7843256
            ],
            [
              -72.1005129,
              43.7843348
            ],
            [
              -72.100575,
              43.7843619
            ],
            [
              -72.1005906,
              43.7843707
            ],
            [
              -72.1006371,
              43.7843975
            ],
            [
              -72.1006698,
              43.7844158
            ],
            [
              -72.1006922,
              43.784461
            ],
            [
              -72.1006992,
              43.7844661
            ],
            [
              -72.1007464,
              43.7845061
            ],
            [
              -72.1007613,
              43.7845211
            ],
            [
              -72.1007837,
              43.7845512
            ],
            [
              -72.1007956,
              43.7845963
            ],
            [
              -72.1007799,
              43.7846414
            ],
            [
              -72.1007613,
              43.7846765
            ],
            [
              -72.1007576,
              43.7846865
            ],
            [
              -72.1007317,
              43.7847317
            ],
            [
              -72.1007294,
              43.7847768
            ],
            [
              -72.1007588,
              43.7848219
            ],
            [
              -72.1007569,
              43.784867
            ],
            [
              -72.1007613,
              43.7848903
            ],
            [
              -72.1007675,
              43.7849121
            ],
            [
              -72.1007613,
              43.7849461
            ],
            [
              -72.1007605,
              43.7849573
            ],
            [
              -72.1007613,
              43.7849629
            ],
            [
              -72.1007885,
              43.7850024
            ],
            [
              -72.1008234,
              43.7850436
            ],
            [
              -72.100825,
              43.7850475
            ],
            [
              -72.1008512,
              43.7850926
            ],
            [
              -72.1008856,
              43.7851324
            ],
            [
              -72.1008917,
              43.7851377
            ],
            [
              -72.1009368,
              43.7851829
            ],
            [
              -72.1009477,
              43.7851926
            ],
            [
              -72.1010098,
              43.7851904
            ],
            [
              -72.1010414,
              43.785228
            ],
            [
              -72.1010719,
              43.7852425
            ],
            [
              -72.101134,
              43.785271
            ],
            [
              -72.1011365,
              43.7852731
            ],
            [
              -72.1011857,
              43.7853182
            ],
            [
              -72.1011961,
              43.7853298
            ],
            [
              -72.1012251,
              43.7853633
            ],
            [
              -72.1012538,
              43.7854085
            ],
            [
              -72.1012582,
              43.7854141
            ],
            [
              -72.1012848,
              43.7854536
            ],
            [
              -72.1012986,
              43.7854987
            ],
            [
              -72.1013062,
              43.7855438
            ],
            [
              -72.1013111,
              43.7855889
            ],
            [
              -72.1013203,
              43.785614
            ],
            [
              -72.101329,
              43.7856341
            ],
            [
              -72.1013562,
              43.7856792
            ],
            [
              -72.1013734,
              43.7857243
            ],
            [
              -72.1013824,
              43.7857398
            ],
            [
              -72.1014176,
              43.7857694
            ],
            [
              -72.1014445,
              43.78579
            ],
            [
              -72.1015066,
              43.7858092
            ],
            [
              -72.1015284,
              43.7858145
            ],
            [
              -72.1015688,
              43.7858231
            ],
            [
              -72.101614,
              43.7858596
            ],
            [
              -72.1016309,
              43.7858814
            ],
            [
              -72.1016449,
              43.7859048
            ],
            [
              -72.1016716,
              43.7859499
            ],
            [
              -72.101693,
              43.7859892
            ],
            [
              -72.1016955,
              43.785995
            ],
            [
              -72.1017073,
              43.7860401
            ],
            [
              -72.1017234,
              43.7860852
            ],
            [
              -72.1017401,
              43.7861304
            ],
            [
              -72.1017506,
              43.7861755
            ],
            [
              -72.1017451,
              43.7862206
            ],
            [
              -72.1017431,
              43.7862657
            ],
            [
              -72.1017496,
              43.7863108
            ],
            [
              -72.1017551,
              43.7863434
            ],
            [
              -72.1017579,
              43.786356
            ],
            [
              -72.1017712,
              43.7864011
            ],
            [
              -72.1018172,
              43.7864268
            ],
            [
              -72.1018607,
              43.7864462
            ],
            [
              -72.1018793,
              43.786455
            ],
            [
              -72.1019276,
              43.7864913
            ],
            [
              -72.1019414,
              43.7865027
            ],
            [
              -72.1020035,
              43.7865285
            ],
            [
              -72.1020314,
              43.7865364
            ],
            [
              -72.1020656,
              43.7865478
            ],
            [
              -72.1021277,
              43.78657
            ],
            [
              -72.1021636,
              43.7865816
            ],
            [
              -72.1021899,
              43.7865941
            ],
            [
              -72.102252,
              43.7865887
            ],
            [
              -72.1022928,
              43.7866267
            ],
            [
              -72.1023141,
              43.7866517
            ],
            [
              -72.1023612,
              43.7866718
            ],
            [
              -72.1023762,
              43.7866772
            ],
            [
              -72.1024383,
              43.7867162
            ],
            [
              -72.1024393,
              43.7867169
            ],
            [
              -72.1024968,
              43.786762
            ],
            [
              -72.1025004,
              43.7867643
            ],
            [
              -72.1025518,
              43.7868072
            ],
            [
              -72.1025625,
              43.7868179
            ],
            [
              -72.1025948,
              43.7868523
            ],
            [
              -72.1026246,
              43.7868836
            ],
            [
              -72.1026333,
              43.7868974
            ],
            [
              -72.10265,
              43.7869425
            ],
            [
              -72.10266,
              43.7869876
            ],
            [
              -72.1026736,
              43.7870327
            ],
            [
              -72.1026847,
              43.7870779
            ],
            [
              -72.1026867,
              43.7870882
            ],
            [
              -72.1026924,
              43.787123
            ],
            [
              -72.102697,
              43.7871681
            ],
            [
              -72.1026867,
              43.7872022
            ],
            [
              -72.1026835,
              43.7872132
            ],
            [
              -72.1026867,
              43.7872293
            ],
            [
              -72.1026924,
              43.7872583
            ],
            [
              -72.1026867,
              43.7872921
            ],
            [
              -72.1026843,
              43.7873035
            ],
            [
              -72.1026732,
              43.7873486
            ],
            [
              -72.1026681,
              43.7873937
            ],
            [
              -72.1026597,
              43.7874388
            ],
            [
              -72.1026547,
              43.7874839
            ],
            [
              -72.1026686,
              43.7875291
            ],
            [
              -72.1026856,
              43.7875742
            ],
            [
              -72.1026867,
              43.7875844
            ],
            [
              -72.1026903,
              43.7876193
            ],
            [
              -72.1026971,
              43.7876644
            ],
            [
              -72.1027069,
              43.7877095
            ],
            [
              -72.1027178,
              43.7877547
            ],
            [
              -72.1027279,
              43.7877998
            ],
            [
              -72.1027385,
              43.7878449
            ],
            [
              -72.102745,
              43.78789
            ],
            [
              -72.1027488,
              43.787907
            ],
            [
              -72.1027551,
              43.7879351
            ],
            [
              -72.1027681,
              43.7879802
            ],
            [
              -72.102783,
              43.7880254
            ],
            [
              -72.102795,
              43.7880705
            ],
            [
              -72.1028109,
              43.7881116
            ],
            [
              -72.1028124,
              43.7881156
            ],
            [
              -72.1028245,
              43.7881607
            ],
            [
              -72.1028448,
              43.7882058
            ],
            [
              -72.1028731,
              43.7882489
            ],
            [
              -72.1028743,
              43.788251
            ],
            [
              -72.1029064,
              43.7882961
            ],
            [
              -72.1029352,
              43.7883348
            ],
            [
              -72.1029394,
              43.7883412
            ],
            [
              -72.1029597,
              43.7883863
            ],
            [
              -72.1029973,
              43.7884303
            ],
            [
              -72.1029994,
              43.7884314
            ],
            [
              -72.1030592,
              43.7884766
            ],
            [
              -72.1030594,
              43.7884768
            ],
            [
              -72.103077,
              43.7885217
            ],
            [
              -72.103104,
              43.7885668
            ],
            [
              -72.1031215,
              43.7886015
            ],
            [
              -72.1031602,
              43.7886119
            ],
            [
              -72.1031836,
              43.7886188
            ],
            [
              -72.1032445,
              43.788657
            ],
            [
              -72.1032457,
              43.7886576
            ],
            [
              -72.103299,
              43.7887022
            ],
            [
              -72.1033078,
              43.788714
            ],
            [
              -72.1033308,
              43.7887473
            ],
            [
              -72.103368,
              43.7887924
            ],
            [
              -72.1033699,
              43.7887939
            ],
            [
              -72.103432,
              43.7888174
            ],
            [
              -72.1034941,
              43.7888343
            ],
            [
              -72.1035031,
              43.7888375
            ],
            [
              -72.1035563,
              43.7888591
            ],
            [
              -72.1036184,
              43.7888755
            ],
            [
              -72.1036805,
              43.7888491
            ],
            [
              -72.1037426,
              43.7888446
            ],
            [
              -72.1038047,
              43.7888592
            ],
            [
              -72.1038668,
              43.7888712
            ],
            [
              -72.1039035,
              43.7888826
            ],
            [
              -72.1039289,
              43.7888897
            ],
            [
              -72.103991,
              43.7889159
            ],
            [
              -72.1040074,
              43.7889278
            ],
            [
              -72.1040531,
              43.7889639
            ],
            [
              -72.1040619,
              43.7889729
            ],
            [
              -72.1041152,
              43.7890043
            ],
            [
              -72.1041774,
              43.7889859
            ],
            [
              -72.1042395,
              43.7889731
            ],
            [
              -72.1042844,
              43.789018
            ],
            [
              -72.1043016,
              43.7890409
            ],
            [
              -72.1043637,
              43.7890506
            ],
            [
              -72.1044258,
              43.789049
            ],
            [
              -72.1044879,
              43.7890498
            ],
            [
              -72.1045368,
              43.7890631
            ],
            [
              -72.10455,
              43.789067
            ],
            [
              -72.1046121,
              43.7890948
            ],
            [
              -72.1046655,
              43.7891082
            ],
            [
              -72.1046742,
              43.7891108
            ],
            [
              -72.1047363,
              43.7891311
            ],
            [
              -72.1047984,
              43.7891465
            ],
            [
              -72.1048606,
              43.7891466
            ],
            [
              -72.1049227,
              43.7891398
            ],
            [
              -72.1049848,
              43.7891461
            ],
            [
              -72.1050469,
              43.7891521
            ],
            [
              -72.1050537,
              43.7891533
            ],
            [
              -72.105109,
              43.7891654
            ],
            [
              -72.1051592,
              43.7891533
            ],
            [
              -72.1051711,
              43.7891503
            ],
            [
              -72.1052332,
              43.7891294
            ],
            [
              -72.1052953,
              43.7891149
            ],
            [
              -72.1053574,
              43.7891378
            ],
            [
              -72.1054195,
              43.789142
            ],
            [
              -72.1054817,
              43.7891499
            ],
            [
              -72.1054986,
              43.7891533
            ],
            [
              -72.1055438,
              43.789162
            ],
            [
              -72.1056059,
              43.7891677
            ],
            [
              -72.105668,
              43.7891839
            ],
            [
              -72.1057301,
              43.7891902
            ],
            [
              -72.1057922,
              43.7891969
            ],
            [
              -72.1058543,
              43.7891868
            ],
            [
              -72.1059164,
              43.7891905
            ],
            [
              -72.1059785,
              43.7891918
            ],
            [
              -72.1060406,
              43.7891947
            ],
            [
              -72.1060947,
              43.7891985
            ],
            [
              -72.1061027,
              43.7891991
            ],
            [
              -72.1061123,
              43.7891985
            ],
            [
              -72.1061649,
              43.7891944
            ],
            [
              -72.106227,
              43.7891797
            ],
            [
              -72.1062756,
              43.7891533
            ],
            [
              -72.1062891,
              43.7891433
            ],
            [
              -72.1063512,
              43.7891464
            ],
            [
              -72.1064133,
              43.7891101
            ],
            [
              -72.1064193,
              43.7891082
            ],
            [
              -72.1064754,
              43.7890955
            ],
            [
              -72.1065375,
              43.7890859
            ],
            [
              -72.1065996,
              43.7890777
            ],
            [
              -72.1066617,
              43.7890659
            ],
            [
              -72.1067188,
              43.7890631
            ],
            [
              -72.1067238,
              43.7890629
            ],
            [
              -72.106786,
              43.7890629
            ],
            [
              -72.1067869,
              43.7890631
            ],
            [
              -72.1068481,
              43.7890798
            ],
            [
              -72.1069102,
              43.7890997
            ],
            [
              -72.1069723,
              43.789102
            ],
            [
              -72.1070344,
              43.7891063
            ],
            [
              -72.1070965,
              43.7891031
            ],
            [
              -72.1071586,
              43.7890894
            ],
            [
              -72.1072207,
              43.7890741
            ],
            [
              -72.1072828,
              43.7890668
            ],
            [
              -72.107302,
              43.7890631
            ],
            [
              -72.1073449,
              43.7890442
            ],
            [
              -72.107407,
              43.7890348
            ],
            [
              -72.1074692,
              43.7890279
            ],
            [
              -72.1075,
              43.7890343
            ]
          ]
        ]
      }
    },
    {
      "type": "Feature",
      "id": "contour/380m",
      "properties": {
        "elevation_m": 380,
        "is_index": false
      },
      "geometry": {
        "type": "MultiLineString",
        "coordinates": [
          [
            [
              -72.0972308,
              43.7774
            ],
            [
              -72.09725,
              43.7774224
            ],
            [
              -72.0972832,
              43.7774632
            ],
            [
              -72.0972873,
              43.7774675
            ],
            [
              -72.0973285,
              43.7775126
            ],
            [
              -72.0973453,
              43.7775294
            ],
            [
              -72.0973838,
              43.7775577
            ],
            [
              -72.0974074,
              43.7775753
            ],
            [
              -72.0974596,
              43.7776028
            ],
            [
              -72.0974695,
              43.7776081
            ],
            [
              -72.0975316,
              43.7776392
            ],
            [
              -72.0975491,
              43.777648
            ],
            [
              -72.0975938,
              43.7776734
            ],
            [
              -72.0976559,
              43.7776899
            ],
            [
              -72.0976715,
              43.7776931
            ],
            [
              -72.0977151,
              43.7777382
            ],
            [
              -72.097718,
              43.7777393
            ],
            [
              -72.0977215,
              43.7777382
            ],
            [
              -72.0977801,
              43.7777195
            ],
            [
              -72.0978422,
              43.7777223
            ],
            [
              -72.0979043,
              43.7777158
            ],
            [
              -72.0979664,
              43.7777266
            ],
            [
              -72.0980189,
              43.7777382
            ],
            [
              -72.0980285,
              43.7777405
            ],
            [
              -72.0980906,
              43.7777765
            ],
            [
              -72.0980999,
              43.7777833
            ],
            [
              -72.0981527,
              43.7778011
            ],
            [
              -72.0981973,
              43.7778284
            ],
            [
              -72.0982148,
              43.7778463
            ],
            [
              -72.0982457,
              43.7778736
            ],
            [
              -72.0982713,
              43.7779187
            ],
            [
              -72.098277,
              43.777923
            ],
            [
              -72.0983132,
              43.7779638
            ],
            [
              -72.0983323,
              43.7780089
            ],
            [
              -72.0983391,
              43.7780174
            ],
            [
              -72.0983678,
              43.778054
            ],
            [
              -72.0984005,
              43.7780991
            ],
            [
              -72.0984012,
              43.7780997
            ],
            [
              -72.0984614,
              43.7781443
            ],
            [
              -72.0984633,
              43.7781461
            ],
            [
              -72.0985239,
              43.7781894
            ],
            [
              -72.0985254,
              43.7781904
            ],
            [
              -72.0985701,
              43.7782345
            ],
            [
              -72.0985254,
              43.7782673
            ],
            [
              -72.0985128,
              43.7782796
            ],
            [
              -72.0984837,
              43.7783247
            ],
            [
              -72.0984784,
              43.7783699
            ],
            [
              -72.0985254,
              43.778403
            ],
            [
              -72.0985537,
              43.778415
            ],
            [
              -72.0985875,
              43.7784329
            ],
            [
              -72.0986496,
              43.7784442
            ],
            [
              -72.0986793,
              43.7784601
            ],
            [
              -72.0987117,
              43.7784806
            ],
            [
              -72.0987492,
              43.7785052
            ],
            [
              -72.0987738,
              43.7785112
            ],
            [
              -72.0988274,
              43.7785503
            ],
            [
              -72.0988125,
              43.7785955
            ],
            [
              -72.0987849,
              43.7786406
            ],
            [
              -72.0987738,
              43.7786635
            ],
            [
              -72.0987633,
              43.7786857
            ],
            [
              -72.0987613,
              43.7787308
            ],
            [
              -72.0987738,
              43.7787442
            ],
            [
              -72.0987881,
              43.7787759
            ],
            [
              -72.0987738,
              43.7788063
            ],
            [
              -72.0987643,
              43.7788211
            ],
            [
              -72.0987691,
              43.7788662
            ],
            [
              -72.0987738,
              43.7788842
            ],
            [
              -72.0987823,
              43.7789113
            ],
            [
              -72.0988154,
              43.7789564
            ],
            [
              -72.0988359,
              43.7789724
            ],
            [
              -72.0988708,
              43.7790015
            ],
            [
              -72.0988703,
              43.7790467
            ],
            [
              -72.0988454,
              43.7790918
            ],
            [
              -72.0988359,
              43.7791061
            ],
            [
              -72.0988159,
              43.7791369
            ],
            [
              -72.098809,
              43.779182
            ],
            [
              -72.0988182,
              43.7792271
            ],
            [
              -72.0988269,
              43.7792722
            ],
            [
              -72.0988359,
              43.7792868
            ],
            [
              -72.0988687,
              43.7793174
            ],
            [
              -72.098898,
              43.7793418
            ],
            [
              -72.0989239,
              43.7793625
            ],
            [
              -72.0989554,
              43.7794076
            ],
            [
              -72.0989587,
              43.7794527
            ],
            [
              -72.0989602,
              43.7794589
            ],
            [
              -72.0989745,
              43.7794978
            ],
            [
              -72.0989857,
              43.779543
            ],
            [
              -72.0989781,
              43.7795881
            ],
            [
              -72.0990007,
              43.7796332
            ],
            [
              -72.0990093,
              43.7796783
            ],
            [
              -72.0990223,
              43.7796956
            ],
            [
              -72.0990516,
              43.7797234
            ],
            [
              -72.0990699,
              43.7797686
            ],
            [
              -72.0990844,
              43.7797786
            ],
            [
              -72.0990941,
              43.7797686
            ],
            [
              -72.0991465,
              43.7797343
            ],
            [
              -72.0991582,
              43.7797234
            ],
            [
              -72.0992086,
              43.7796961
            ],
            [
              -72.0992299,
              43.7796783
            ],
            [
              -72.0992707,
              43.7796533
            ],
            [
              -72.0992965,
              43.7796332
            ],
            [
              -72.0993328,
              43.7796024
            ],
            [
              -72.0993538,
              43.7795881
            ],
            [
              -72.0993921,
              43.779543
            ],
            [
              -72.0993949,
              43.7795408
            ],
            [
              -72.0994516,
              43.7794978
            ],
            [
              -72.099457,
              43.7794936
            ],
            [
              -72.0994978,
              43.7794527
            ],
            [
              -72.0995191,
              43.779433
            ],
            [
              -72.0995663,
              43.7794076
            ],
            [
              -72.0995813,
              43.7794006
            ],
            [
              -72.0996434,
              43.7793915
            ],
            [
              -72.0997055,
              43.7793991
            ],
            [
              -72.0997676,
              43.7793979
            ],
            [
              -72.0997898,
              43.7794076
            ],
            [
              -72.0997791,
              43.7794527
            ],
            [
              -72.0997676,
              43.7794649
            ],
            [
              -72.0997078,
              43.7794978
            ],
            [
              -72.09971,
              43.779543
            ],
            [
              -72.0997267,
              43.7795881
            ],
            [
              -72.099759,
              43.7796332
            ],
            [
              -72.0997676,
              43.7796439
            ],
            [
              -72.0997977,
              43.7796783
            ],
            [
              -72.0998195,
              43.7797234
            ],
            [
              -72.0998297,
              43.7797371
            ],
            [
              -72.0998486,
              43.7797686
            ],
            [
              -72.0998791,
              43.7798137
            ],
            [
              -72.0998863,
              43.7798588
            ],
            [
              -72.0998918,
              43.7798656
            ],
            [
              -72.0999151,
              43.7799039
            ],
            [
              -72.0999279,
              43.779949
            ],
            [
              -72.0999316,
              43.7799942
            ],
            [
              -72.0999258,
              43.7800393
            ],
            [
              -72.0999193,
              43.7800844
            ],
            [
              -72.09992,
              43.7801295
            ],
            [
              -72.0999162,
              43.7801746
            ],
            [
              -72.0999232,
              43.7802198
            ],
            [
              -72.0999478,
              43.7802649
            ],
            [
              -72.0999539,
              43.780271
            ],
            [
              -72.1000029,
              43.78031
            ],
            [
              -72.100016,
              43.7803208
            ],
            [
              -72.1000562,
              43.7803551
            ],
            [
              -72.1000781,
              43.7803862
            ],
            [
              -72.1000887,
              43.7804002
            ],
            [
              -72.1001028,
              43.7804453
            ],
            [
              -72.1000815,
              43.7804905
            ],
            [
              -72.1000781,
              43.7804968
            ],
            [
              -72.1000577,
              43.7805356
            ],
            [
              -72.100039,
              43.7805807
            ],
            [
              -72.100016,
              43.7806013
            ],
            [
              -72.0999664,
              43.7806258
            ],
            [
              -72.0999539,
              43.780631
            ],
            [
              -72.0998918,
              43.7806485
            ],
            [
              -72.0998297,
              43.7806691
            ],
            [
              -72.0998267,
              43.7806709
            ],
            [
              -72.0997906,
              43.7807161
            ],
            [
              -72.0997776,
              43.7807612
            ],
            [
              -72.0997807,
              43.7808063
            ],
            [
              -72.0997899,
              43.7808514
            ],
            [
              -72.0998297,
              43.7808954
            ],
            [
              -72.0998309,
              43.7808965
            ],
            [
              -72.0998897,
              43.7809417
            ],
            [
              -72.0998918,
              43.7809431
            ],
            [
              -72.0999539,
              43.780979
            ],
            [
              -72.0999714,
              43.7809868
            ],
            [
              -72.100016,
              43.7810141
            ],
            [
              -72.100039,
              43.7810319
            ],
            [
              -72.1000781,
              43.7810662
            ],
            [
              -72.1000856,
              43.781077
            ],
            [
              -72.1001228,
              43.7811221
            ],
            [
              -72.1001402,
              43.7811636
            ],
            [
              -72.1001413,
              43.7811673
            ],
            [
              -72.1001402,
              43.7811792
            ],
            [
              -72.1001373,
              43.7812124
            ],
            [
              -72.1001312,
              43.7812575
            ],
            [
              -72.1001402,
              43.7812986
            ],
            [
              -72.1001412,
              43.7813026
            ],
            [
              -72.1001633,
              43.7813477
            ],
            [
              -72.1001802,
              43.7813928
            ],
            [
              -72.1001933,
              43.781438
            ],
            [
              -72.1001944,
              43.7814831
            ],
            [
              -72.100201,
              43.7815282
            ],
            [
              -72.1002023,
              43.7815316
            ],
            [
              -72.1002186,
              43.7815733
            ],
            [
              -72.1002325,
              43.7816184
            ],
            [
              -72.1002645,
              43.7816447
            ],
            [
              -72.1002891,
              43.7816636
            ],
            [
              -72.1003266,
              43.7816879
            ],
            [
              -72.1003554,
              43.7817087
            ],
            [
              -72.1003887,
              43.781725
            ],
            [
              -72.1004304,
              43.7817538
            ],
            [
              -72.1004508,
              43.7817876
            ],
            [
              -72.1004539,
              43.7817989
            ],
            [
              -72.1004508,
              43.781808
            ],
            [
              -72.1004372,
              43.781844
            ],
            [
              -72.1004494,
              43.7818892
            ],
            [
              -72.1004508,
              43.7818923
            ],
            [
              -72.1004683,
              43.7819343
            ],
            [
              -72.1004508,
              43.7819673
            ],
            [
              -72.1004437,
              43.7819794
            ],
            [
              -72.1003965,
              43.7820245
            ],
            [
              -72.1003887,
              43.7820266
            ],
            [
              -72.1003266,
              43.7820545
            ],
            [
              -72.1003033,
              43.7820696
            ],
            [
              -72.1002645,
              43.7820992
            ],
            [
              -72.1002341,
              43.7821148
            ],
            [
              -72.1002023,
              43.7821486
            ],
            [
              -72.1001943,
              43.7821599
            ],
            [
              -72.1001402,
              43.7821926
            ],
            [
              -72.1001278,
              43.782205
            ],
            [
              -72.1000805,
              43.7822501
            ],
            [
              -72.1000781,
              43.7822643
            ],
            [
              -72.1000697,
              43.7822952
            ],
            [
              -72.1000188,
              43.7823404
            ],
            [
              -72.100016,
              43.7823441
            ],
            [
              -72.0999963,
              43.7823855
            ],
            [
              -72.0999733,
              43.7824306
            ],
            [
              -72.0999547,
              43.7824757
            ],
            [
              -72.0999539,
              43.7824769
            ],
            [
              -72.099927,
              43.7825208
            ],
            [
              -72.0998982,
              43.7825659
            ],
            [
              -72.0998918,
              43.7825833
            ],
            [
              -72.0998838,
              43.7826111
            ],
            [
              -72.0998669,
              43.7826562
            ],
            [
              -72.0998482,
              43.7827013
            ],
            [
              -72.0998297,
              43.7827149
            ],
            [
              -72.0998058,
              43.7827464
            ],
            [
              -72.0998025,
              43.7827915
            ],
            [
              -72.0998028,
              43.7828367
            ],
            [
              -72.0997977,
              43.7828818
            ],
            [
              -72.09981,
              43.7829269
            ],
            [
              -72.0998297,
              43.7829704
            ],
            [
              -72.0998301,
              43.782972
            ],
            [
              -72.099835,
              43.7830171
            ],
            [
              -72.0998468,
              43.7830623
            ],
            [
              -72.0998811,
              43.7831074
            ],
            [
              -72.0998918,
              43.7831141
            ],
            [
              -72.099938,
              43.7831525
            ],
            [
              -72.0999539,
              43.7831691
            ],
            [
              -72.0999889,
              43.7831976
            ],
            [
              -72.100016,
              43.7832241
            ],
            [
              -72.1000378,
              43.7832427
            ],
            [
              -72.1000781,
              43.7832705
            ],
            [
              -72.1001042,
              43.7832879
            ],
            [
              -72.1001402,
              43.7833154
            ],
            [
              -72.1001724,
              43.783333
            ],
            [
              -72.1002023,
              43.7833474
            ],
            [
              -72.1002645,
              43.7833586
            ],
            [
              -72.1003266,
              43.7833512
            ],
            [
              -72.1003887,
              43.7833595
            ],
            [
              -72.1004253,
              43.7833781
            ],
            [
              -72.1004508,
              43.7833875
            ],
            [
              -72.1004885,
              43.7834232
            ],
            [
              -72.1005125,
              43.7834683
            ],
            [
              -72.1005129,
              43.7834701
            ],
            [
              -72.1005279,
              43.7835135
            ],
            [
              -72.100575,
              43.7835516
            ],
            [
              -72.1005916,
              43.7835586
            ],
            [
              -72.1006371,
              43.7835777
            ],
            [
              -72.1006992,
              43.7835847
            ],
            [
              -72.1007613,
              43.7835825
            ],
            [
              -72.1008234,
              43.783583
            ],
            [
              -72.1008381,
              43.7836037
            ],
            [
              -72.1008568,
              43.7836488
            ],
            [
              -72.1008739,
              43.7836939
            ],
            [
              -72.1008856,
              43.7837212
            ],
            [
              -72.1008957,
              43.783739
            ],
            [
              -72.1009332,
              43.7837842
            ],
            [
              -72.1009477,
              43.7837972
            ],
            [
              -72.1009688,
              43.7838293
            ],
            [
              -72.1010028,
              43.7838744
            ],
            [
              -72.1010098,
              43.7838926
            ],
            [
              -72.1010172,
              43.7839195
            ],
            [
              -72.1010314,
              43.7839646
            ],
            [
              -72.101052,
              43.7840098
            ],
            [
              -72.1010719,
              43.7840402
            ],
            [
              -72.1010804,
              43.7840549
            ],
            [
              -72.1011036,
              43.7841
            ],
            [
              -72.1011266,
              43.7841451
            ],
            [
              -72.101134,
              43.7841646
            ],
            [
              -72.101141,
              43.7841902
            ],
            [
              -72.1011454,
              43.7842354
            ],
            [
              -72.1011414,
              43.7842805
            ],
            [
              -72.1011453,
              43.7843256
            ],
            [
              -72.1011581,
              43.7843707
            ],
            [
              -72.1011666,
              43.7844158
            ],
            [
              -72.1011704,
              43.784461
            ],
            [
              -72.1011767,
              43.7845061
            ],
            [
              -72.1011702,
              43.7845512
            ],
            [
              -72.1011568,
              43.7845963
            ],
            [
              -72.101134,
              43.7846264
            ],
            [
              -72.1011164,
              43.7846414
            ],
            [
              -72.1011004,
              43.7846865
            ],
            [
              -72.1011067,
              43.7847317
            ],
            [
              -72.1011245,
              43.7847768
            ],
            [
              -72.101134,
              43.784795
            ],
            [
              -72.1011505,
              43.7848219
            ],
            [
              -72.1011814,
              43.784867
            ],
            [
              -72.1011961,
              43.784884
            ],
            [
              -72.1012243,
              43.7849121
            ],
            [
              -72.1012582,
              43.7849401
            ],
            [
              -72.1013013,
              43.7849573
            ],
            [
              -72.1013203,
              43.7849673
            ],
            [
              -72.1013824,
              43.7849949
            ],
            [
              -72.1013951,
              43.7850024
            ],
            [
              -72.1014374,
              43.7850475
            ],
            [
              -72.1014445,
              43.7850663
            ],
            [
              -72.1014501,
              43.7850926
            ],
            [
              -72.1014533,
              43.7851377
            ],
            [
              -72.1014608,
              43.7851829
            ],
            [
              -72.1014788,
              43.785228
            ],
            [
              -72.1015066,
              43.7852725
            ],
            [
              -72.1015085,
              43.7852731
            ],
            [
              -72.1015688,
              43.7852923
            ],
            [
              -72.101601,
              43.7853182
            ],
            [
              -72.1016309,
              43.7853429
            ],
            [
              -72.1016421,
              43.7853633
            ],
            [
              -72.1016683,
              43.7854085
            ],
            [
              -72.101693,
              43.7854435
            ],
            [
              -72.1017006,
              43.7854536
            ],
            [
              -72.1017459,
              43.7854987
            ],
            [
              -72.1017551,
              43.785506
            ],
            [
              -72.101794,
              43.7855438
            ],
            [
              -72.1018172,
              43.7855792
            ],
            [
              -72.1018237,
              43.7855889
            ],
            [
              -72.1018497,
              43.7856341
            ],
            [
              -72.1018733,
              43.7856792
            ],
            [
              -72.1018793,
              43.7856896
            ],
            [
              -72.101907,
              43.7857243
            ],
            [
              -72.1019414,
              43.7857617
            ],
            [
              -72.1019476,
              43.7857694
            ],
            [
              -72.1019705,
              43.7858145
            ],
            [
              -72.1019894,
              43.7858596
            ],
            [
              -72.1020009,
              43.7859048
            ],
            [
              -72.1020035,
              43.7859144
            ],
            [
              -72.1020293,
              43.7859499
            ],
            [
              -72.1020656,
              43.7859769
            ],
            [
              -72.1021277,
              43.7859708
            ],
            [
              -72.1021899,
              43.7859705
            ],
            [
              -72.102252,
              43.7859834
            ],
            [
              -72.1023141,
              43.785977
            ],
            [
              -72.1023762,
              43.7859695
            ],
            [
              -72.1024383,
              43.7859776
            ],
            [
              -72.1024904,
              43.785995
            ],
            [
              -72.1025004,
              43.7859982
            ],
            [
              -72.1025625,
              43.7860278
            ],
            [
              -72.1025743,
              43.7860401
            ],
            [
              -72.1026246,
              43.7860739
            ],
            [
              -72.1026364,
              43.7860852
            ],
            [
              -72.1026469,
              43.7861304
            ],
            [
              -72.102684,
              43.7861755
            ],
            [
              -72.1026867,
              43.7861784
            ],
            [
              -72.1027488,
              43.7862062
            ],
            [
              -72.1028109,
              43.7862154
            ],
            [
              -72.1028288,
              43.7862206
            ],
            [
              -72.1028731,
              43.7862349
            ],
            [
              -72.1029352,
              43.7862574
            ],
            [
              -72.1029552,
              43.7862657
            ],
            [
              -72.1029973,
              43.7862927
            ],
            [
              -72.1030168,
              43.7863108
            ],
            [
              -72.1030544,
              43.786356
            ],
            [
              -72.1030594,
              43.7863827
            ],
            [
              -72.1030612,
              43.7864011
            ],
            [
              -72.1030594,
              43.7864251
            ],
            [
              -72.1030576,
              43.7864462
            ],
            [
              -72.1030554,
              43.7864913
            ],
            [
              -72.1030594,
              43.7865201
            ],
            [
              -72.1030614,
              43.7865364
            ],
            [
              -72.1030596,
              43.7865816
            ],
            [
              -72.1030613,
              43.7866267
            ],
            [
              -72.1030594,
              43.7866483
            ],
            [
              -72.1030574,
              43.7866718
            ],
            [
              -72.1030521,
              43.7867169
            ],
            [
              -72.103043,
              43.786762
            ],
            [
              -72.1030425,
              43.7868072
            ],
            [
              -72.1030347,
              43.7868523
            ],
            [
              -72.1030283,
              43.7868974
            ],
            [
              -72.1030266,
              43.7869425
            ],
            [
              -72.1030275,
              43.7869876
            ],
            [
              -72.1030237,
              43.7870327
            ],
            [
              -72.1030292,
              43.7870779
            ],
            [
              -72.1030314,
              43.787123
            ],
            [
              -72.1030357,
              43.7871681
            ],
            [
              -72.1030397,
              43.7872132
            ],
            [
              -72.1030464,
              43.7872583
            ],
            [
              -72.1030571,
              43.7873035
            ],
            [
              -72.1030594,
              43.7873166
            ],
            [
              -72.1030654,
              43.7873486
            ],
            [
              -72.1030715,
              43.7873937
            ],
            [
              -72.1030773,
              43.7874388
            ],
            [
              -72.1030804,
              43.7874839
            ],
            [
              -72.1030876,
              43.7875291
            ],
            [
              -72.1030987,
              43.7875742
            ],
            [
              -72.1031094,
              43.7876193
            ],
            [
              -72.1031137,
              43.7876644
            ],
            [
              -72.1031204,
              43.7877095
            ],
            [
              -72.1031215,
              43.7877139
            ],
            [
              -72.1031343,
              43.7877547
            ],
            [
              -72.103148,
              43.7877998
            ],
            [
              -72.1031638,
              43.7878449
            ],
            [
              -72.1031827,
              43.78789
            ],
            [
              -72.1031836,
              43.7878924
            ],
            [
              -72.1032028,
              43.7879351
            ],
            [
              -72.1032187,
              43.7879802
            ],
            [
              -72.1032453,
              43.7880254
            ],
            [
              -72.1032457,
              43.788026
            ],
            [
              -72.1033078,
              43.7880672
            ],
            [
              -72.1033209,
              43.7880705
            ],
            [
              -72.1033699,
              43.788084
            ],
            [
              -72.103432,
              43.7880903
            ],
            [
              -72.1034941,
              43.7881015
            ],
            [
              -72.1035563,
              43.7880987
            ],
            [
              -72.1036184,
              43.7880849
            ],
            [
              -72.1036805,
              43.7880762
            ],
            [
              -72.1037171,
              43.7880705
            ],
            [
              -72.1037426,
              43.7880666
            ],
            [
              -72.1038047,
              43.7880687
            ],
            [
              -72.1038668,
              43.7880579
            ],
            [
              -72.1039289,
              43.7880407
            ],
            [
              -72.103991,
              43.7880265
            ],
            [
              -72.1040531,
              43.788027
            ],
            [
              -72.1041152,
              43.7880357
            ],
            [
              -72.10413,
              43.7880254
            ],
            [
              -72.1041774,
              43.7880049
            ],
            [
              -72.1042395,
              43.7879879
            ],
            [
              -72.1043016,
              43.7879918
            ],
            [
              -72.1043637,
              43.7880157
            ],
            [
              -72.1043889,
              43.7880254
            ],
            [
              -72.1044258,
              43.7880396
            ],
            [
              -72.1044879,
              43.7880667
            ],
            [
              -72.104502,
              43.7880705
            ],
            [
              -72.10455,
              43.7880816
            ],
            [
              -72.1046121,
              43.7880944
            ],
            [
              -72.1046742,
              43.7881043
            ],
            [
              -72.1047363,
              43.78809
            ],
            [
              -72.1047984,
              43.7881079
            ],
            [
              -72.1048265,
              43.7881156
            ],
            [
              -72.1048606,
              43.7881259
            ],
            [
              -72.1049227,
              43.788122
            ],
            [
              -72.1049472,
              43.7881156
            ],
            [
              -72.1049848,
              43.7881066
            ],
            [
              -72.1050469,
              43.7880874
            ],
            [
              -72.105109,
              43.7880922
            ],
            [
              -72.1051711,
              43.7881031
            ],
            [
              -72.1052225,
              43.7881156
            ],
            [
              -72.1052332,
              43.7881181
            ],
            [
              -72.1052953,
              43.7881287
            ],
            [
              -72.1053574,
              43.7881416
            ],
            [
              -72.1054195,
              43.7881482
            ],
            [
              -72.1054817,
              43.7881518
            ],
            [
              -72.1055438,
              43.788153
            ],
            [
              -72.1056059,
              43.7881506
            ],
            [
              -72.105668,
              43.7881601
            ],
            [
              -72.1057132,
              43.7881607
            ],
            [
              -72.1057301,
              43.788161
            ],
            [
              -72.1057348,
              43.7881607
            ],
            [
              -72.1057922,
              43.7881572
            ],
            [
              -72.1058543,
              43.7881395
            ],
            [
              -72.105906,
              43.7881156
            ],
            [
              -72.1059164,
              43.7881107
            ],
            [
              -72.1059785,
              43.7880745
            ],
            [
              -72.1059832,
              43.7880705
            ],
            [
              -72.1060406,
              43.7880407
            ],
            [
              -72.1060811,
              43.7880254
            ],
            [
              -72.1061027,
              43.7880178
            ],
            [
              -72.1061649,
              43.7880099
            ],
            [
              -72.106227,
              43.7880176
            ],
            [
              -72.1062891,
              43.7880253
            ],
            [
              -72.1063512,
              43.7880209
            ],
            [
              -72.1064133,
              43.7879956
            ],
            [
              -72.1064441,
              43.7879802
            ],
            [
              -72.1064754,
              43.787968
            ],
            [
              -72.1065375,
              43.7879593
            ],
            [
              -72.1065996,
              43.7879452
            ],
            [
              -72.1066617,
              43.7879467
            ],
            [
              -72.1067238,
              43.7879492
            ],
            [
              -72.1067843,
              43.7879351
            ],
            [
              -72.106786,
              43.7879346
            ],
            [
              -72.1068481,
              43.7879218
            ],
            [
              -72.1069102,
              43.7879081
            ],
            [
              -72.106945,
              43.78789
            ],
            [
              -72.1069723,
              43.7878732
            ],
            [
              -72.1070198,
              43.7878449
            ],
            [
              -72.1070344,
              43.7878357
            ],
            [
              -72.1070965,
              43.787829
            ],
            [
              -72.1071586,
              43.7878293
            ],
            [
              -72.1071939,
              43.7877998
            ],
            [
              -72.1072178,
              43.7877547
            ],
            [
              -72.1072207,
              43.7877519
            ],
            [
              -72.1072714,
              43.7877095
            ],
            [
              -72.1072828,
              43.7877003
            ],
            [
              -72.1073449,
              43.7876788
            ],
            [
              -72.107407,
              43.7876689
            ],
            [
              -72.1074345,
              43.7876644
            ],
            [
              -72.1074692,
              43.7876547
            ],
            [
              -72.1075,
              43.7876339
            ]
          ],
          [
            [
              -72.0892545,
              43.7908
            ],
            [
              -72.0892711,
              43.7907826
            ],
            [
              -72.0892747,
              43.7907776
            ],
            [
              -72.0893043,
              43.7907325
            ],
            [
              -72.0893317,
              43.7906874
            ],
            [
              -72.0893332,
              43.7906857
            ],
            [
              -72.0893694,
              43.7906423
            ],
            [
              -72.0893953,
              43.7906014
            ],
            [
              -72.0893976,
              43.7905972
            ],
            [
              -72.0894041,
              43.790552
            ],
            [
              -72.0894379,
              43.7905069
            ],
            [
              -72.0894574,
              43.7904625
            ],
            [
              -72.0894579,
              43.7904618
            ],
            [
              -72.0894937,
              43.7904167
            ],
            [
              -72.0895195,
              43.7903814
            ],
            [
              -72.0895292,
              43.7903716
            ],
            [
              -72.0895816,
              43.7903432
            ],
            [
              -72.0896437,
              43.7903276
            ],
            [
              -72.0896461,
              43.7903264
            ],
            [
              -72.0897059,
              43.7903048
            ],
            [
              -72.089768,
              43.7902841
            ],
            [
              -72.0897821,
              43.7902813
            ],
            [
              -72.0898301,
              43.7902707
            ],
            [
              -72.0898922,
              43.7902578
            ],
            [
              -72.0899543,
              43.7902404
            ],
            [
              -72.0899836,
              43.7902362
            ],
            [
              -72.0900164,
              43.7902325
            ],
            [
              -72.0900785,
              43.7902354
            ],
            [
              -72.0901406,
              43.7902325
            ],
            [
              -72.0902027,
              43.7902149
            ],
            [
              -72.0902648,
              43.7901919
            ],
            [
              -72.0902665,
              43.7901911
            ],
            [
              -72.0903269,
              43.7901565
            ],
            [
              -72.0903455,
              43.790146
            ],
            [
              -72.0903891,
              43.7901125
            ],
            [
              -72.0904097,
              43.7901009
            ],
            [
              -72.0904512,
              43.7900827
            ],
            [
              -72.0904972,
              43.7900557
            ],
            [
              -72.0905133,
              43.7900448
            ],
            [
              -72.0905754,
              43.7900196
            ],
            [
              -72.0905869,
              43.7900106
            ],
            [
              -72.0906375,
              43.7899873
            ],
            [
              -72.0906903,
              43.7899655
            ],
            [
              -72.0906996,
              43.7899625
            ],
            [
              -72.0907617,
              43.7899501
            ],
            [
              -72.0908238,
              43.7899384
            ],
            [
              -72.0908859,
              43.7899334
            ],
            [
              -72.090948,
              43.7899265
            ],
            [
              -72.0910101,
              43.7899261
            ],
            [
              -72.0910723,
              43.7899244
            ],
            [
              -72.0911344,
              43.7899247
            ],
            [
              -72.0911965,
              43.7899209
            ],
            [
              -72.0912013,
              43.7899204
            ],
            [
              -72.0912586,
              43.7899127
            ],
            [
              -72.0913207,
              43.789902
            ],
            [
              -72.0913828,
              43.7898863
            ],
            [
              -72.0914308,
              43.7898753
            ],
            [
              -72.0914449,
              43.7898726
            ],
            [
              -72.091507,
              43.7898685
            ],
            [
              -72.0915691,
              43.7898709
            ],
            [
              -72.0916312,
              43.7898704
            ],
            [
              -72.0916934,
              43.7898648
            ],
            [
              -72.0917555,
              43.7898722
            ],
            [
              -72.0917868,
              43.7898753
            ],
            [
              -72.0918176,
              43.789878
            ],
            [
              -72.0918389,
              43.7898753
            ],
            [
              -72.0918797,
              43.7898669
            ],
            [
              -72.0919418,
              43.7898366
            ],
            [
              -72.0919517,
              43.7898301
            ],
            [
              -72.0920039,
              43.789802
            ],
            [
              -72.092066,
              43.7897981
            ],
            [
              -72.0921208,
              43.789785
            ],
            [
              -72.0921281,
              43.789781
            ],
            [
              -72.0921656,
              43.7897399
            ],
            [
              -72.0921902,
              43.7897284
            ],
            [
              -72.0922523,
              43.7897053
            ],
            [
              -72.0922921,
              43.7896948
            ],
            [
              -72.0923144,
              43.7896887
            ],
            [
              -72.0923766,
              43.7896783
            ],
            [
              -72.0924387,
              43.7896637
            ],
            [
              -72.0924932,
              43.7896497
            ],
            [
              -72.0925008,
              43.789648
            ],
            [
              -72.0925629,
              43.7896357
            ],
            [
              -72.092625,
              43.7896179
            ],
            [
              -72.0926429,
              43.7896045
            ],
            [
              -72.0926821,
              43.7895594
            ],
            [
              -72.0926871,
              43.7895276
            ],
            [
              -72.0926894,
              43.7895143
            ],
            [
              -72.0927426,
              43.7894692
            ],
            [
              -72.0927492,
              43.7894662
            ],
            [
              -72.0928113,
              43.7894475
            ],
            [
              -72.0928734,
              43.7894369
            ],
            [
              -72.0929297,
              43.7894241
            ],
            [
              -72.0929355,
              43.7894224
            ],
            [
              -72.0929977,
              43.7894055
            ],
            [
              -72.0930598,
              43.7893831
            ],
            [
              -72.0930677,
              43.7893789
            ],
            [
              -72.0931219,
              43.7893412
            ],
            [
              -72.0931311,
              43.7893338
            ],
            [
              -72.093184,
              43.7892923
            ],
            [
              -72.0931912,
              43.7892887
            ],
            [
              -72.0932461,
              43.7892652
            ],
            [
              -72.0933082,
              43.789248
            ],
            [
              -72.0933319,
              43.7892436
            ],
            [
              -72.0933703,
              43.7892274
            ],
            [
              -72.0933995,
              43.7891985
            ],
            [
              -72.0934324,
              43.7891561
            ],
            [
              -72.0934355,
              43.7891533
            ],
            [
              -72.0934945,
              43.78912
            ],
            [
              -72.0935566,
              43.7891096
            ],
            [
              -72.0935625,
              43.7891082
            ],
            [
              -72.0936187,
              43.7890875
            ],
            [
              -72.093644,
              43.7890631
            ],
            [
              -72.0936724,
              43.789018
            ],
            [
              -72.0936809,
              43.7890099
            ],
            [
              -72.0937155,
              43.7889729
            ],
            [
              -72.0937374,
              43.7889278
            ],
            [
              -72.093743,
              43.7889138
            ],
            [
              -72.0937531,
              43.7888826
            ],
            [
              -72.0937667,
              43.7888375
            ],
            [
              -72.0937802,
              43.7887924
            ],
            [
              -72.0937875,
              43.7887473
            ],
            [
              -72.0938051,
              43.7887061
            ],
            [
              -72.0938115,
              43.7887022
            ],
            [
              -72.0938672,
              43.7886774
            ],
            [
              -72.0939293,
              43.7886633
            ],
            [
              -72.0939914,
              43.788698
            ],
            [
              -72.0940142,
              43.7887022
            ],
            [
              -72.0940535,
              43.7887086
            ],
            [
              -72.0941156,
              43.788726
            ],
            [
              -72.0941777,
              43.7887467
            ],
            [
              -72.0941792,
              43.7887473
            ],
            [
              -72.0942398,
              43.7887602
            ],
            [
              -72.094302,
              43.7887575
            ],
            [
              -72.0943206,
              43.7887473
            ],
            [
              -72.094321,
              43.7887022
            ],
            [
              -72.094315,
              43.788657
            ],
            [
              -72.094302,
              43.7886331
            ],
            [
              -72.0942893,
              43.7886119
            ],
            [
              -72.0942977,
              43.7885668
            ],
            [
              -72.094302,
              43.7885634
            ],
            [
              -72.0943641,
              43.7885275
            ],
            [
              -72.0944262,
              43.7885387
            ],
            [
              -72.0944883,
              43.788545
            ],
            [
              -72.0945504,
              43.7885454
            ],
            [
              -72.0946125,
              43.7885405
            ],
            [
              -72.0946746,
              43.7885405
            ],
            [
              -72.0947367,
              43.7885402
            ],
            [
              -72.0947988,
              43.7885495
            ],
            [
              -72.0948545,
              43.7885668
            ],
            [
              -72.0948609,
              43.7885691
            ],
            [
              -72.0948756,
              43.7885668
            ],
            [
              -72.094923,
              43.7885524
            ],
            [
              -72.0949852,
              43.78854
            ],
            [
              -72.0950473,
              43.7885399
            ],
            [
              -72.0951094,
              43.7885472
            ],
            [
              -72.0951715,
              43.7885625
            ],
            [
              -72.0952336,
              43.7885525
            ],
            [
              -72.09528,
              43.7885217
            ],
            [
              -72.0952957,
              43.7885066
            ],
            [
              -72.0953578,
              43.7884829
            ],
            [
              -72.0953659,
              43.7884766
            ],
            [
              -72.0953983,
              43.7884314
            ],
            [
              -72.0954199,
              43.7883884
            ],
            [
              -72.0954219,
              43.7883863
            ],
            [
              -72.095458,
              43.7883412
            ],
            [
              -72.095482,
              43.788324
            ],
            [
              -72.0955205,
              43.7882961
            ],
            [
              -72.0955441,
              43.7882768
            ],
            [
              -72.0955772,
              43.788251
            ],
            [
              -72.0955994,
              43.7882058
            ],
            [
              -72.0955979,
              43.7881607
            ],
            [
              -72.0955941,
              43.7881156
            ],
            [
              -72.0956045,
              43.7880705
            ],
            [
              -72.0956062,
              43.7880671
            ],
            [
              -72.0956311,
              43.7880254
            ],
            [
              -72.0956684,
              43.7879812
            ],
            [
              -72.0956691,
              43.7879802
            ],
            [
              -72.0957125,
              43.7879351
            ],
            [
              -72.0957305,
              43.7878964
            ],
            [
              -72.0957328,
              43.78789
            ],
            [
              -72.0957479,
              43.7878449
            ],
            [
              -72.0957502,
              43.7877998
            ],
            [
              -72.0957606,
              43.7877547
            ],
            [
              -72.0957796,
              43.7877095
            ],
            [
              -72.0957926,
              43.7876881
            ],
            [
              -72.0958031,
              43.7876644
            ],
            [
              -72.095833,
              43.7876193
            ],
            [
              -72.095851,
              43.7875742
            ],
            [
              -72.0958547,
              43.7875615
            ],
            [
              -72.0958621,
              43.7875291
            ],
            [
              -72.0958622,
              43.7874839
            ],
            [
              -72.0958788,
              43.7874388
            ],
            [
              -72.0959003,
              43.7873937
            ],
            [
              -72.0959168,
              43.7873644
            ],
            [
              -72.0959273,
              43.7873486
            ],
            [
              -72.0959789,
              43.7873066
            ],
            [
              -72.0959809,
              43.7873035
            ],
            [
              -72.0959961,
              43.7872583
            ],
            [
              -72.0959789,
              43.7872233
            ],
            [
              -72.0959735,
              43.7872132
            ],
            [
              -72.0959501,
              43.7871681
            ],
            [
              -72.0959427,
              43.787123
            ],
            [
              -72.0959341,
              43.7870779
            ],
            [
              -72.095947,
              43.7870327
            ],
            [
              -72.0959782,
              43.7869876
            ],
            [
              -72.0959789,
              43.7869862
            ],
            [
              -72.0959932,
              43.7869425
            ],
            [
              -72.0959831,
              43.7868974
            ],
            [
              -72.0959794,
              43.7868523
            ],
            [
              -72.0959789,
              43.7868489
            ],
            [
              -72.0959718,
              43.7868072
            ],
            [
              -72.0959561,
              43.786762
            ],
            [
              -72.0959431,
              43.7867169
            ],
            [
              -72.095934,
              43.7866718
            ],
            [
              -72.0959168,
              43.7866398
            ],
            [
              -72.0959087,
              43.7866267
            ],
            [
              -72.0958868,
              43.7865816
            ],
            [
              -72.0958581,
              43.7865364
            ],
            [
              -72.0958573,
              43.7864913
            ],
            [
              -72.0958547,
              43.7864827
            ],
            [
              -72.0958419,
              43.7864462
            ],
            [
              -72.0958316,
              43.7864011
            ],
            [
              -72.0958164,
              43.786356
            ],
            [
              -72.0958041,
              43.7863108
            ],
            [
              -72.0957926,
              43.7862849
            ],
            [
              -72.0957851,
              43.7862657
            ],
            [
              -72.0957743,
              43.7862206
            ],
            [
              -72.0957656,
              43.7861755
            ],
            [
              -72.0957317,
              43.7861304
            ],
            [
              -72.0957305,
              43.7861289
            ],
            [
              -72.0957046,
              43.7860852
            ],
            [
              -72.0956879,
              43.7860401
            ],
            [
              -72.0956684,
              43.7859959
            ],
            [
              -72.0956679,
              43.785995
            ],
            [
              -72.0956572,
              43.7859499
            ],
            [
              -72.0956555,
              43.7859048
            ],
            [
              -72.0956684,
              43.7858789
            ],
            [
              -72.0956813,
              43.7858596
            ],
            [
              -72.095709,
              43.7858145
            ],
            [
              -72.0957145,
              43.7857694
            ],
            [
              -72.0957204,
              43.7857243
            ],
            [
              -72.0957089,
              43.7856792
            ],
            [
              -72.095693,
              43.7856341
            ],
            [
              -72.0956938,
              43.7855889
            ],
            [
              -72.0956847,
              43.7855438
            ],
            [
              -72.0957042,
              43.7854987
            ],
            [
              -72.095728,
              43.7854536
            ],
            [
              -72.0957305,
              43.7854498
            ],
            [
              -72.0957551,
              43.7854085
            ],
            [
              -72.0957355,
              43.7853633
            ],
            [
              -72.0957305,
              43.7853594
            ],
            [
              -72.0956844,
              43.7853182
            ],
            [
              -72.0956684,
              43.7853018
            ],
            [
              -72.0956366,
              43.7852731
            ],
            [
              -72.0956062,
              43.785243
            ],
            [
              -72.0955922,
              43.785228
            ],
            [
              -72.0955526,
              43.7851829
            ],
            [
              -72.0955441,
              43.7851717
            ],
            [
              -72.0955151,
              43.7851377
            ],
            [
              -72.095482,
              43.7851036
            ],
            [
              -72.0954711,
              43.7850926
            ],
            [
              -72.0954316,
              43.7850475
            ],
            [
              -72.0954199,
              43.7850269
            ],
            [
              -72.0954052,
              43.7850024
            ],
            [
              -72.0953883,
              43.7849573
            ],
            [
              -72.0953633,
              43.7849121
            ],
            [
              -72.0953578,
              43.7849063
            ],
            [
              -72.0953211,
              43.784867
            ],
            [
              -72.0952957,
              43.7848389
            ],
            [
              -72.0952806,
              43.7848219
            ],
            [
              -72.0952625,
              43.7847768
            ],
            [
              -72.0952443,
              43.7847317
            ],
            [
              -72.0952336,
              43.7847104
            ],
            [
              -72.0952215,
              43.7846865
            ],
            [
              -72.0951844,
              43.7846414
            ],
            [
              -72.0951715,
              43.7846304
            ],
            [
              -72.0951445,
              43.7845963
            ],
            [
              -72.095138,
              43.7845512
            ],
            [
              -72.0951274,
              43.7845061
            ],
            [
              -72.0951094,
              43.7844656
            ],
            [
              -72.095108,
              43.784461
            ],
            [
              -72.0950581,
              43.7844158
            ],
            [
              -72.0950473,
              43.7843832
            ],
            [
              -72.0950436,
              43.7843707
            ],
            [
              -72.0950303,
              43.7843256
            ],
            [
              -72.0950034,
              43.7842805
            ],
            [
              -72.0949852,
              43.784249
            ],
            [
              -72.0949773,
              43.7842354
            ],
            [
              -72.0949626,
              43.7841902
            ],
            [
              -72.0949519,
              43.7841451
            ],
            [
              -72.0949527,
              43.7841
            ],
            [
              -72.0949507,
              43.7840549
            ],
            [
              -72.0949542,
              43.7840098
            ],
            [
              -72.0949477,
              43.7839646
            ],
            [
              -72.094923,
              43.7839382
            ],
            [
              -72.0949099,
              43.7839195
            ],
            [
              -72.0948848,
              43.7838744
            ],
            [
              -72.0948609,
              43.7838559
            ],
            [
              -72.0948403,
              43.7838293
            ],
            [
              -72.094832,
              43.7837842
            ],
            [
              -72.0948057,
              43.783739
            ],
            [
              -72.0948027,
              43.7836939
            ],
            [
              -72.0947988,
              43.7836895
            ],
            [
              -72.0947502,
              43.7836488
            ],
            [
              -72.0947367,
              43.7836369
            ],
            [
              -72.0947047,
              43.7836037
            ],
            [
              -72.0946746,
              43.783563
            ],
            [
              -72.0946688,
              43.7835586
            ],
            [
              -72.0946125,
              43.7835365
            ],
            [
              -72.0945672,
              43.7835135
            ],
            [
              -72.0945504,
              43.7834934
            ],
            [
              -72.0945368,
              43.7834683
            ],
            [
              -72.0945271,
              43.7834232
            ],
            [
              -72.0945272,
              43.7833781
            ],
            [
              -72.0945101,
              43.783333
            ],
            [
              -72.0945152,
              43.7832879
            ],
            [
              -72.0945019,
              43.7832427
            ],
            [
              -72.0944883,
              43.7832128
            ],
            [
              -72.0944811,
              43.7831976
            ],
            [
              -72.0944407,
              43.7831525
            ],
            [
              -72.0944276,
              43.7831074
            ],
            [
              -72.0944262,
              43.7831021
            ],
            [
              -72.0944152,
              43.7830623
            ],
            [
              -72.0944142,
              43.7830171
            ],
            [
              -72.0944262,
              43.7829805
            ],
            [
              -72.0944289,
              43.782972
            ],
            [
              -72.0944262,
              43.7829645
            ],
            [
              -72.0944072,
              43.7829269
            ],
            [
              -72.0943869,
              43.7828818
            ],
            [
              -72.0943921,
              43.7828367
            ],
            [
              -72.0943804,
              43.7827915
            ],
            [
              -72.0943727,
              43.7827464
            ],
            [
              -72.0943851,
              43.7827013
            ],
            [
              -72.0943712,
              43.7826562
            ],
            [
              -72.0943641,
              43.782626
            ],
            [
              -72.0943597,
              43.7826111
            ],
            [
              -72.094325,
              43.7825659
            ],
            [
              -72.094302,
              43.7825476
            ],
            [
              -72.0942764,
              43.7825208
            ],
            [
              -72.0942399,
              43.7824757
            ],
            [
              -72.0942398,
              43.7824756
            ],
            [
              -72.0942281,
              43.7824306
            ],
            [
              -72.0942282,
              43.7823855
            ],
            [
              -72.0942373,
              43.7823404
            ],
            [
              -72.0942398,
              43.7823192
            ],
            [
              -72.0942438,
              43.7822952
            ],
            [
              -72.0942642,
              43.7822501
            ],
            [
              -72.094294,
              43.782205
            ],
            [
              -72.094302,
              43.7821933
            ],
            [
              -72.0943641,
              43.7821616
            ],
            [
              -72.0943679,
              43.7821599
            ],
            [
              -72.094419,
              43.7821148
            ],
            [
              -72.0944262,
              43.7821031
            ],
            [
              -72.0944333,
              43.7820696
            ],
            [
              -72.0944262,
              43.7820576
            ],
            [
              -72.0944016,
              43.7820245
            ],
            [
              -72.0943911,
              43.7819794
            ],
            [
              -72.0944007,
              43.7819343
            ],
            [
              -72.0944242,
              43.7818892
            ],
            [
              -72.0944262,
              43.7818732
            ],
            [
              -72.0944293,
              43.781844
            ],
            [
              -72.0944262,
              43.7818415
            ],
            [
              -72.0943641,
              43.7818091
            ],
            [
              -72.0943413,
              43.7817989
            ],
            [
              -72.0943057,
              43.7817538
            ],
            [
              -72.094302,
              43.7817158
            ],
            [
              -72.0943013,
              43.7817087
            ],
            [
              -72.094302,
              43.7817001
            ],
            [
              -72.0943037,
              43.7816636
            ],
            [
              -72.0943076,
              43.7816184
            ],
            [
              -72.094302,
              43.7816067
            ],
            [
              -72.0942544,
              43.7815733
            ],
            [
              -72.0942509,
              43.7815282
            ],
            [
              -72.094257,
              43.7814831
            ],
            [
              -72.0942609,
              43.781438
            ],
            [
              -72.0942435,
              43.7813928
            ],
            [
              -72.0942587,
              43.7813477
            ],
            [
              -72.094302,
              43.7813047
            ],
            [
              -72.0943025,
              43.7813026
            ],
            [
              -72.094302,
              43.7812992
            ],
            [
              -72.0942862,
              43.7812575
            ],
            [
              -72.0942579,
              43.7812124
            ],
            [
              -72.0942398,
              43.7811886
            ],
            [
              -72.0942269,
              43.7811673
            ],
            [
              -72.0942109,
              43.7811221
            ],
            [
              -72.0941919,
              43.781077
            ],
            [
              -72.0941777,
              43.781062
            ],
            [
              -72.0941303,
              43.7810319
            ],
            [
              -72.0941156,
              43.7810118
            ],
            [
              -72.0941004,
              43.7809868
            ],
            [
              -72.0940952,
              43.7809417
            ],
            [
              -72.0940976,
              43.7808965
            ],
            [
              -72.0941055,
              43.7808514
            ],
            [
              -72.0941156,
              43.7808282
            ],
            [
              -72.0941243,
              43.7808063
            ],
            [
              -72.0941156,
              43.7807926
            ],
            [
              -72.0940876,
              43.7807612
            ],
            [
              -72.0940535,
              43.7807168
            ],
            [
              -72.0940532,
              43.7807161
            ],
            [
              -72.0940304,
              43.7806709
            ],
            [
              -72.0939914,
              43.7806284
            ],
            [
              -72.0939904,
              43.7806258
            ],
            [
              -72.0939807,
              43.7805807
            ],
            [
              -72.0939446,
              43.7805356
            ],
            [
              -72.0939293,
              43.7805118
            ],
            [
              -72.0939154,
              43.7804905
            ],
            [
              -72.0938672,
              43.780449
            ],
            [
              -72.0938605,
              43.7804453
            ],
            [
              -72.0938153,
              43.7804002
            ],
            [
              -72.0938051,
              43.780372
            ],
            [
              -72.0937979,
              43.7803551
            ],
            [
              -72.0937927,
              43.78031
            ],
            [
              -72.0937825,
              43.7802649
            ],
            [
              -72.0937601,
              43.7802198
            ],
            [
              -72.093743,
              43.7801951
            ],
            [
              -72.0937358,
              43.7801746
            ],
            [
              -72.0937198,
              43.7801295
            ],
            [
              -72.0936823,
              43.7800844
            ],
            [
              -72.0936941,
              43.7800393
            ],
            [
              -72.0937129,
              43.7799942
            ],
            [
              -72.093743,
              43.7799628
            ],
            [
              -72.0937564,
              43.779949
            ],
            [
              -72.0937506,
              43.7799039
            ],
            [
              -72.0937851,
              43.7798588
            ],
            [
              -72.0938051,
              43.7798298
            ],
            [
              -72.0938175,
              43.7798137
            ],
            [
              -72.0938293,
              43.7797686
            ],
            [
              -72.0938334,
              43.7797234
            ],
            [
              -72.0938051,
              43.7796832
            ],
            [
              -72.0938029,
              43.7796783
            ],
            [
              -72.093743,
              43.779647
            ],
            [
              -72.0937281,
              43.7796332
            ],
            [
              -72.0936856,
              43.7795881
            ],
            [
              -72.0936809,
              43.7795825
            ],
            [
              -72.0936558,
              43.779543
            ],
            [
              -72.0936205,
              43.7794978
            ],
            [
              -72.0936187,
              43.7794965
            ],
            [
              -72.0935566,
              43.7794685
            ],
            [
              -72.0935269,
              43.7794527
            ],
            [
              -72.0934945,
              43.7794133
            ],
            [
              -72.0934916,
              43.7794076
            ],
            [
              -72.0934614,
              43.7793625
            ],
            [
              -72.0934324,
              43.7793243
            ],
            [
              -72.093424,
              43.7793174
            ],
            [
              -72.0933703,
              43.7792758
            ],
            [
              -72.0933551,
              43.7792722
            ],
            [
              -72.0933082,
              43.7792569
            ],
            [
              -72.0932783,
              43.7792271
            ],
            [
              -72.093271,
              43.779182
            ],
            [
              -72.0932461,
              43.7791616
            ],
            [
              -72.0932125,
              43.7791369
            ],
            [
              -72.093184,
              43.7791121
            ],
            [
              -72.0931436,
              43.7790918
            ],
            [
              -72.0931219,
              43.7790624
            ],
            [
              -72.0931095,
              43.7790467
            ],
            [
              -72.0930655,
              43.7790015
            ],
            [
              -72.0930598,
              43.7789956
            ],
            [
              -72.0930396,
              43.7789564
            ],
            [
              -72.0929977,
              43.7789158
            ],
            [
              -72.0929916,
              43.7789113
            ],
            [
              -72.0929355,
              43.7788683
            ],
            [
              -72.0929286,
              43.7788662
            ],
            [
              -72.0929127,
              43.7788211
            ],
            [
              -72.0929355,
              43.7787915
            ],
            [
              -72.0929443,
              43.7787759
            ],
            [
              -72.0929355,
              43.7787451
            ],
            [
              -72.0929283,
              43.7787308
            ],
            [
              -72.0929355,
              43.7787276
            ],
            [
              -72.0929807,
              43.7786857
            ],
            [
              -72.0929977,
              43.7786588
            ],
            [
              -72.0930055,
              43.7786406
            ],
            [
              -72.0930166,
              43.7785955
            ],
            [
              -72.0930277,
              43.7785503
            ],
            [
              -72.0930267,
              43.7785052
            ],
            [
              -72.0930051,
              43.7784601
            ],
            [
              -72.0930186,
              43.778415
            ],
            [
              -72.0930411,
              43.7783699
            ],
            [
              -72.0930433,
              43.7783247
            ],
            [
              -72.0930117,
              43.7782796
            ],
            [
              -72.0930598,
              43.7782629
            ],
            [
              -72.0931158,
              43.7782796
            ],
            [
              -72.0931219,
              43.7782814
            ],
            [
              -72.093184,
              43.7782893
            ],
            [
              -72.0932149,
              43.7782796
            ],
            [
              -72.0932461,
              43.7782617
            ],
            [
              -72.0932687,
              43.7782345
            ],
            [
              -72.0932584,
              43.7781894
            ],
            [
              -72.093248,
              43.7781443
            ],
            [
              -72.0932461,
              43.778141
            ],
            [
              -72.0932068,
              43.7780991
            ],
            [
              -72.0931968,
              43.778054
            ],
            [
              -72.0931843,
              43.7780089
            ],
            [
              -72.093184,
              43.7780079
            ],
            [
              -72.0931727,
              43.7779638
            ],
            [
              -72.0931683,
              43.7779187
            ],
            [
              -72.093155,
              43.7778736
            ],
            [
              -72.0931337,
              43.7778284
            ],
            [
              -72.0931219,
              43.7777919
            ],
            [
              -72.0931201,
              43.7777833
            ],
            [
              -72.0930931,
              43.7777382
            ],
            [
              -72.0930659,
              43.7776931
            ],
            [
              -72.0930598,
              43.7776873
            ],
            [
              -72.0930229,
              43.777648
            ],
            [
              -72.0929977,
              43.7776233
            ],
            [
              -72.0929815,
              43.7776028
            ],
            [
              -72.092945,
              43.7775577
            ],
            [
              -72.0929623,
              43.7775126
            ],
            [
              -72.0929977,
              43.7774914
            ],
            [
              -72.0930135,
              43.7774675
            ],
            [
              -72.0929977,
              43.777423
            ],
            [
              -72.0929974,
              43.7774224
            ],
            [
              -72.0929977,
              43.7774219
            ],
            [
              -72.0930071,
              43.7774
            ]
          ]
        ]
      }
    },
    {
      "type": "Feature",
      "id": "contour/400m",
      "properties": {
        "elevation_m": 400,
        "is_index": true
      },
      "geometry": {
        "type": "MultiLineString",
        "coordinates": [
          [
            [
              -72.0995567,
              43.7774
            ],
            [
              -72.0995775,
              43.7774224
            ],
            [
              -72.0995813,
              43.7774257
            ],
            [
              -72.0996137,
              43.7774675
            ],
            [
              -72.0996301,
              43.7775126
            ],
            [
              -72.0996427,
              43.7775577
            ],
            [
              -72.0996434,
              43.7775611
            ],
            [
              -72.0996529,
              43.7776028
            ],
            [
              -72.0996721,
              43.777648
            ],
            [
              -72.0997055,
              43.7776794
            ],
            [
              -72.0997244,
              43.7776931
            ],
            [
              -72.0997676,
              43.7777324
            ],
            [
              -72.0997728,
              43.7777382
            ],
            [
              -72.0998066,
              43.7777833
            ],
            [
              -72.0998297,
              43.7778017
            ],
            [
              -72.0998918,
              43.777818
            ],
            [
              -72.0999539,
              43.7778241
            ],
            [
              -72.099969,
              43.7778284
            ],
            [
              -72.1000051,
              43.7778736
            ],
            [
              -72.0999973,
              43.7779187
            ],
            [
              -72.0999661,
              43.7779638
            ],
            [
              -72.0999539,
              43.7779862
            ],
            [
              -72.0999379,
              43.7780089
            ],
            [
              -72.0999539,
              43.7780351
            ],
            [
              -72.0999674,
              43.778054
            ],
            [
              -72.100001,
              43.7780991
            ],
            [
              -72.100016,
              43.7781181
            ],
            [
              -72.1000338,
              43.7781443
            ],
            [
              -72.100063,
              43.7781894
            ],
            [
              -72.1000727,
              43.7782345
            ],
            [
              -72.1000781,
              43.7782606
            ],
            [
              -72.1000815,
              43.7782796
            ],
            [
              -72.1000912,
              43.7783247
            ],
            [
              -72.1000952,
              43.7783699
            ],
            [
              -72.1000936,
              43.778415
            ],
            [
              -72.1000908,
              43.7784601
            ],
            [
              -72.1000781,
              43.7784947
            ],
            [
              -72.100073,
              43.7785052
            ],
            [
              -72.1000608,
              43.7785503
            ],
            [
              -72.1000734,
              43.7785955
            ],
            [
              -72.1000781,
              43.7786098
            ],
            [
              -72.1000897,
              43.7786406
            ],
            [
              -72.1001072,
              43.7786857
            ],
            [
              -72.1001254,
              43.7787308
            ],
            [
              -72.1001402,
              43.7787585
            ],
            [
              -72.1001553,
              43.7787759
            ],
            [
              -72.1002023,
              43.7788132
            ],
            [
              -72.1002121,
              43.7788211
            ],
            [
              -72.100237,
              43.7788662
            ],
            [
              -72.100234,
              43.7789113
            ],
            [
              -72.1002402,
              43.7789564
            ],
            [
              -72.1002645,
              43.7789969
            ],
            [
              -72.1002679,
              43.7790015
            ],
            [
              -72.1003266,
              43.7790278
            ],
            [
              -72.1003887,
              43.779038
            ],
            [
              -72.1004508,
              43.7790442
            ],
            [
              -72.1004856,
              43.7790467
            ],
            [
              -72.1005129,
              43.7790487
            ],
            [
              -72.100575,
              43.779049
            ],
            [
              -72.1005992,
              43.7790467
            ],
            [
              -72.1006371,
              43.7790428
            ],
            [
              -72.1006992,
              43.7790368
            ],
            [
              -72.1007613,
              43.7790364
            ],
            [
              -72.1008234,
              43.7790182
            ],
            [
              -72.1008788,
              43.7790015
            ],
            [
              -72.1008856,
              43.7789997
            ],
            [
              -72.1008963,
              43.7790015
            ],
            [
              -72.1009311,
              43.7790467
            ],
            [
              -72.1009364,
              43.7790918
            ],
            [
              -72.1009477,
              43.7791021
            ],
            [
              -72.1010098,
              43.7791159
            ],
            [
              -72.1010297,
              43.7791369
            ],
            [
              -72.1010098,
              43.7791804
            ],
            [
              -72.1010092,
              43.779182
            ],
            [
              -72.1010098,
              43.7792006
            ],
            [
              -72.1010106,
              43.7792271
            ],
            [
              -72.1010098,
              43.7792293
            ],
            [
              -72.1009924,
              43.7792722
            ],
            [
              -72.100997,
              43.7793174
            ],
            [
              -72.1009949,
              43.7793625
            ],
            [
              -72.1009852,
              43.7794076
            ],
            [
              -72.100964,
              43.7794527
            ],
            [
              -72.1009477,
              43.7794739
            ],
            [
              -72.1009274,
              43.7794978
            ],
            [
              -72.1009121,
              43.779543
            ],
            [
              -72.1009097,
              43.7795881
            ],
            [
              -72.1009168,
              43.7796332
            ],
            [
              -72.1009224,
              43.7796783
            ],
            [
              -72.1009205,
              43.7797234
            ],
            [
              -72.1009045,
              43.7797686
            ],
            [
              -72.1008856,
              43.7797895
            ],
            [
              -72.1008543,
              43.7798137
            ],
            [
              -72.1008427,
              43.7798588
            ],
            [
              -72.1008528,
              43.7799039
            ],
            [
              -72.100884,
              43.779949
            ],
            [
              -72.1008856,
              43.7799506
            ],
            [
              -72.1009303,
              43.7799942
            ],
            [
              -72.1009477,
              43.7800096
            ],
            [
              -72.1009853,
              43.7800393
            ],
            [
              -72.1010098,
              43.7800563
            ],
            [
              -72.101058,
              43.7800844
            ],
            [
              -72.1010677,
              43.7801295
            ],
            [
              -72.1010641,
              43.7801746
            ],
            [
              -72.1010315,
              43.7802198
            ],
            [
              -72.1010315,
              43.7802649
            ],
            [
              -72.1010218,
              43.78031
            ],
            [
              -72.1010392,
              43.7803551
            ],
            [
              -72.1010473,
              43.7804002
            ],
            [
              -72.1010705,
              43.7804453
            ],
            [
              -72.1010719,
              43.7804473
            ],
            [
              -72.1010866,
              43.7804905
            ],
            [
              -72.1010932,
              43.7805356
            ],
            [
              -72.1010851,
              43.7805807
            ],
            [
              -72.1010719,
              43.7806169
            ],
            [
              -72.1010683,
              43.7806258
            ],
            [
              -72.1010669,
              43.7806709
            ],
            [
              -72.1010399,
              43.7807161
            ],
            [
              -72.1010262,
              43.7807612
            ],
            [
              -72.1010098,
              43.7807992
            ],
            [
              -72.1010063,
              43.7808063
            ],
            [
              -72.1009905,
              43.7808514
            ],
            [
              -72.1009826,
              43.7808965
            ],
            [
              -72.1009808,
              43.7809417
            ],
            [
              -72.1009734,
              43.7809868
            ],
            [
              -72.1009683,
              43.7810319
            ],
            [
              -72.1009732,
              43.781077
            ],
            [
              -72.1009802,
              43.7811221
            ],
            [
              -72.1009741,
              43.7811673
            ],
            [
              -72.1009726,
              43.7812124
            ],
            [
              -72.1009604,
              43.7812575
            ],
            [
              -72.1009477,
              43.7812857
            ],
            [
              -72.1009382,
              43.7813026
            ],
            [
              -72.1009266,
              43.7813477
            ],
            [
              -72.1009205,
              43.7813928
            ],
            [
              -72.1009079,
              43.781438
            ],
            [
              -72.1009071,
              43.7814831
            ],
            [
              -72.1009014,
              43.7815282
            ],
            [
              -72.1008968,
              43.7815733
            ],
            [
              -72.1008878,
              43.7816184
            ],
            [
              -72.1008856,
              43.7816215
            ],
            [
              -72.1008394,
              43.7816636
            ],
            [
              -72.1008315,
              43.7817087
            ],
            [
              -72.1008234,
              43.7817251
            ],
            [
              -72.1008009,
              43.7817538
            ],
            [
              -72.1007896,
              43.7817989
            ],
            [
              -72.1007815,
              43.781844
            ],
            [
              -72.1007613,
              43.7818529
            ],
            [
              -72.100722,
              43.7818892
            ],
            [
              -72.1006992,
              43.7819173
            ],
            [
              -72.1006825,
              43.7819343
            ],
            [
              -72.1006371,
              43.7819678
            ],
            [
              -72.1006166,
              43.7819794
            ],
            [
              -72.100575,
              43.7820156
            ],
            [
              -72.1005682,
              43.7820245
            ],
            [
              -72.1005129,
              43.782068
            ],
            [
              -72.1005083,
              43.7820696
            ],
            [
              -72.1004903,
              43.7821148
            ],
            [
              -72.1005129,
              43.7821352
            ],
            [
              -72.1005612,
              43.7821599
            ],
            [
              -72.100575,
              43.7821648
            ],
            [
              -72.1006366,
              43.782205
            ],
            [
              -72.1006371,
              43.7822056
            ],
            [
              -72.1006922,
              43.7822501
            ],
            [
              -72.1006992,
              43.7822663
            ],
            [
              -72.1007069,
              43.7822952
            ],
            [
              -72.1006992,
              43.7823155
            ],
            [
              -72.1006737,
              43.7823404
            ],
            [
              -72.1006731,
              43.7823855
            ],
            [
              -72.1006371,
              43.7824169
            ],
            [
              -72.100628,
              43.7824306
            ],
            [
              -72.1006371,
              43.7824529
            ],
            [
              -72.1006492,
              43.7824757
            ],
            [
              -72.1006447,
              43.7825208
            ],
            [
              -72.1006612,
              43.7825659
            ],
            [
              -72.1006699,
              43.7826111
            ],
            [
              -72.1006847,
              43.7826562
            ],
            [
              -72.1006992,
              43.7826727
            ],
            [
              -72.1007613,
              43.7826953
            ],
            [
              -72.1007885,
              43.7827013
            ],
            [
              -72.1008234,
              43.7827101
            ],
            [
              -72.1008856,
              43.7827316
            ],
            [
              -72.1009194,
              43.7827464
            ],
            [
              -72.1009477,
              43.7827636
            ],
            [
              -72.1010098,
              43.7827872
            ],
            [
              -72.1010182,
              43.7827915
            ],
            [
              -72.1010719,
              43.782821
            ],
            [
              -72.1010945,
              43.7828367
            ],
            [
              -72.101134,
              43.7828606
            ],
            [
              -72.1011534,
              43.7828818
            ],
            [
              -72.1011785,
              43.7829269
            ],
            [
              -72.1011961,
              43.7829619
            ],
            [
              -72.1011994,
              43.782972
            ],
            [
              -72.1012065,
              43.7830171
            ],
            [
              -72.1012114,
              43.7830623
            ],
            [
              -72.1012055,
              43.7831074
            ],
            [
              -72.1012024,
              43.7831525
            ],
            [
              -72.1011961,
              43.7831748
            ],
            [
              -72.1011904,
              43.7831976
            ],
            [
              -72.1011881,
              43.7832427
            ],
            [
              -72.1011961,
              43.7832837
            ],
            [
              -72.1011976,
              43.7832879
            ],
            [
              -72.1012013,
              43.783333
            ],
            [
              -72.1012024,
              43.7833781
            ],
            [
              -72.1011961,
              43.7833842
            ],
            [
              -72.1011664,
              43.7834232
            ],
            [
              -72.101134,
              43.7834635
            ],
            [
              -72.1011307,
              43.7834683
            ],
            [
              -72.1011292,
              43.7835135
            ],
            [
              -72.101134,
              43.7835204
            ],
            [
              -72.1011961,
              43.783527
            ],
            [
              -72.1012582,
              43.7835524
            ],
            [
              -72.1012688,
              43.7835586
            ],
            [
              -72.1013099,
              43.7836037
            ],
            [
              -72.1013203,
              43.7836132
            ],
            [
              -72.1013363,
              43.7836488
            ],
            [
              -72.101344,
              43.7836939
            ],
            [
              -72.1013546,
              43.783739
            ],
            [
              -72.1013661,
              43.7837842
            ],
            [
              -72.1013802,
              43.7838293
            ],
            [
              -72.1013694,
              43.7838744
            ],
            [
              -72.1013586,
              43.7839195
            ],
            [
              -72.1013636,
              43.7839646
            ],
            [
              -72.1013744,
              43.7840098
            ],
            [
              -72.1013703,
              43.7840549
            ],
            [
              -72.1013587,
              43.7841
            ],
            [
              -72.101341,
              43.7841451
            ],
            [
              -72.1013203,
              43.784182
            ],
            [
              -72.1013152,
              43.7841902
            ],
            [
              -72.1013203,
              43.7842323
            ],
            [
              -72.1013207,
              43.7842354
            ],
            [
              -72.1013203,
              43.784236
            ],
            [
              -72.1013068,
              43.7842805
            ],
            [
              -72.1013191,
              43.7843256
            ],
            [
              -72.1013203,
              43.7843294
            ],
            [
              -72.1013519,
              43.7843707
            ],
            [
              -72.1013824,
              43.7844147
            ],
            [
              -72.1013838,
              43.7844158
            ],
            [
              -72.1014445,
              43.7844606
            ],
            [
              -72.1014449,
              43.784461
            ],
            [
              -72.1014633,
              43.7845061
            ],
            [
              -72.1014488,
              43.7845512
            ],
            [
              -72.1014954,
              43.7845963
            ],
            [
              -72.1015066,
              43.7846004
            ],
            [
              -72.1015688,
              43.784626
            ],
            [
              -72.1016126,
              43.7846414
            ],
            [
              -72.1016309,
              43.784648
            ],
            [
              -72.101693,
              43.7846712
            ],
            [
              -72.1017096,
              43.7846865
            ],
            [
              -72.1017364,
              43.7847317
            ],
            [
              -72.1017495,
              43.7847768
            ],
            [
              -72.1017551,
              43.7848062
            ],
            [
              -72.1017571,
              43.7848219
            ],
            [
              -72.1017666,
              43.784867
            ],
            [
              -72.1017837,
              43.7849121
            ],
            [
              -72.101798,
              43.7849573
            ],
            [
              -72.1018068,
              43.7850024
            ],
            [
              -72.1018172,
              43.7850267
            ],
            [
              -72.101841,
              43.7850475
            ],
            [
              -72.1018793,
              43.7850872
            ],
            [
              -72.101884,
              43.7850926
            ],
            [
              -72.1019414,
              43.7851354
            ],
            [
              -72.1019447,
              43.7851377
            ],
            [
              -72.1019995,
              43.7851829
            ],
            [
              -72.1020035,
              43.7851867
            ],
            [
              -72.1020653,
              43.785228
            ],
            [
              -72.1020656,
              43.7852282
            ],
            [
              -72.1021277,
              43.7852661
            ],
            [
              -72.1021481,
              43.7852731
            ],
            [
              -72.1021899,
              43.7852868
            ],
            [
              -72.102252,
              43.7852896
            ],
            [
              -72.1023141,
              43.7853075
            ],
            [
              -72.1023762,
              43.7853085
            ],
            [
              -72.1024383,
              43.7853179
            ],
            [
              -72.1024387,
              43.7853182
            ],
            [
              -72.1024745,
              43.7853633
            ],
            [
              -72.1025004,
              43.7853966
            ],
            [
              -72.1025113,
              43.7854085
            ],
            [
              -72.1025512,
              43.7854536
            ],
            [
              -72.1025625,
              43.7854613
            ],
            [
              -72.1026184,
              43.7854987
            ],
            [
              -72.1026246,
              43.7855023
            ],
            [
              -72.1026867,
              43.7855347
            ],
            [
              -72.102705,
              43.7855438
            ],
            [
              -72.1027488,
              43.7855685
            ],
            [
              -72.1028109,
              43.7855773
            ],
            [
              -72.1028432,
              43.7855889
            ],
            [
              -72.1028731,
              43.7855998
            ],
            [
              -72.1029352,
              43.78562
            ],
            [
              -72.1029722,
              43.7856341
            ],
            [
              -72.1029973,
              43.7856498
            ],
            [
              -72.1030594,
              43.7856728
            ],
            [
              -72.1030937,
              43.7856792
            ],
            [
              -72.1031215,
              43.7856823
            ],
            [
              -72.1031836,
              43.7856799
            ],
            [
              -72.1032457,
              43.7856803
            ],
            [
              -72.1033078,
              43.7856913
            ],
            [
              -72.1033699,
              43.7857075
            ],
            [
              -72.1034113,
              43.7857243
            ],
            [
              -72.103432,
              43.785736
            ],
            [
              -72.1034849,
              43.7857694
            ],
            [
              -72.1034941,
              43.7857776
            ],
            [
              -72.1035173,
              43.7858145
            ],
            [
              -72.1035204,
              43.7858596
            ],
            [
              -72.1035178,
              43.7859048
            ],
            [
              -72.1035203,
              43.7859499
            ],
            [
              -72.1035168,
              43.785995
            ],
            [
              -72.1035164,
              43.7860401
            ],
            [
              -72.1035183,
              43.7860852
            ],
            [
              -72.1035192,
              43.7861304
            ],
            [
              -72.1035183,
              43.7861755
            ],
            [
              -72.1035146,
              43.7862206
            ],
            [
              -72.1035117,
              43.7862657
            ],
            [
              -72.1035072,
              43.7863108
            ],
            [
              -72.1035079,
              43.786356
            ],
            [
              -72.1035131,
              43.7864011
            ],
            [
              -72.1035234,
              43.7864462
            ],
            [
              -72.1035315,
              43.7864913
            ],
            [
              -72.1035322,
              43.7865364
            ],
            [
              -72.1035501,
              43.7865816
            ],
            [
              -72.1035562,
              43.7866267
            ],
            [
              -72.1035563,
              43.7866267
            ],
            [
              -72.1035706,
              43.7866718
            ],
            [
              -72.1035807,
              43.7867169
            ],
            [
              -72.1036184,
              43.786747
            ],
            [
              -72.1036426,
              43.786762
            ],
            [
              -72.1036805,
              43.7867964
            ],
            [
              -72.1036834,
              43.7868072
            ],
            [
              -72.1036967,
              43.7868523
            ],
            [
              -72.1037047,
              43.7868974
            ],
            [
              -72.1037145,
              43.7869425
            ],
            [
              -72.1037426,
              43.7869658
            ],
            [
              -72.1038047,
              43.7869642
            ],
            [
              -72.1038668,
              43.7869604
            ],
            [
              -72.1039289,
              43.7869677
            ],
            [
              -72.103991,
              43.786982
            ],
            [
              -72.104003,
              43.7869876
            ],
            [
              -72.1040531,
              43.7869962
            ],
            [
              -72.1041152,
              43.7870114
            ],
            [
              -72.1041774,
              43.7870125
            ],
            [
              -72.1042395,
              43.7869933
            ],
            [
              -72.1043016,
              43.7870052
            ],
            [
              -72.1043637,
              43.786996
            ],
            [
              -72.1044258,
              43.7870021
            ],
            [
              -72.1044879,
              43.7870189
            ],
            [
              -72.10455,
              43.7870219
            ],
            [
              -72.1046121,
              43.7870256
            ],
            [
              -72.1046742,
              43.7870219
            ],
            [
              -72.1047363,
              43.7870227
            ],
            [
              -72.1047984,
              43.7870196
            ],
            [
              -72.1048606,
              43.7870191
            ],
            [
              -72.1049227,
              43.7870319
            ],
            [
              -72.1049279,
              43.7870327
            ],
            [
              -72.1049848,
              43.7870416
            ],
            [
              -72.1050469,
              43.7870507
            ],
            [
              -72.105109,
              43.7870451
            ],
            [
              -72.1051334,
              43.7870327
            ],
            [
              -72.1051711,
              43.7870178
            ],
            [
              -72.105221,
              43.7869876
            ],
            [
              -72.1052332,
              43.7869811
            ],
            [
              -72.1052953,
              43.7869608
            ],
            [
              -72.1053574,
              43.7869564
            ],
            [
              -72.1054195,
              43.7869539
            ],
            [
              -72.1054817,
              43.7869594
            ],
            [
              -72.1055438,
              43.7869578
            ],
            [
              -72.1056059,
              43.7869713
            ],
            [
              -72.1056568,
              43.7869425
            ],
            [
              -72.105668,
              43.7869403
            ],
            [
              -72.1057301,
              43.7869163
            ],
            [
              -72.1057663,
              43.7868974
            ],
            [
              -72.1057922,
              43.7868846
            ],
            [
              -72.1058543,
              43.7868883
            ],
            [
              -72.1059084,
              43.7868974
            ],
            [
              -72.1059164,
              43.7868994
            ],
            [
              -72.1059785,
              43.7869024
            ],
            [
              -72.105999,
              43.7868974
            ],
            [
              -72.1060406,
              43.7868861
            ],
            [
              -72.1061027,
              43.7868575
            ],
            [
              -72.1061135,
              43.7868523
            ],
            [
              -72.1061563,
              43.7868072
            ],
            [
              -72.1061649,
              43.7867936
            ],
            [
              -72.1061828,
              43.786762
            ],
            [
              -72.106227,
              43.7867227
            ],
            [
              -72.1062492,
              43.7867169
            ],
            [
              -72.1062891,
              43.786707
            ],
            [
              -72.1063512,
              43.7866875
            ],
            [
              -72.1064133,
              43.786684
            ],
            [
              -72.1064754,
              43.7866789
            ],
            [
              -72.1065375,
              43.7866757
            ],
            [
              -72.1065585,
              43.7866718
            ],
            [
              -72.1065996,
              43.7866649
            ],
            [
              -72.1066617,
              43.7866571
            ],
            [
              -72.1067238,
              43.7866322
            ],
            [
              -72.1067585,
              43.7866267
            ],
            [
              -72.106786,
              43.7866222
            ],
            [
              -72.1068481,
              43.7865885
            ],
            [
              -72.1068633,
              43.7865816
            ],
            [
              -72.1069102,
              43.7865508
            ],
            [
              -72.1069723,
              43.7865434
            ],
            [
              -72.1069881,
              43.7865364
            ],
            [
              -72.1070344,
              43.7865123
            ],
            [
              -72.1070965,
              43.7864946
            ],
            [
              -72.1071043,
              43.7864913
            ],
            [
              -72.1071586,
              43.7864675
            ],
            [
              -72.1072207,
              43.7864777
            ],
            [
              -72.1072828,
              43.7864678
            ],
            [
              -72.1073449,
              43.7864548
            ],
            [
              -72.1073652,
              43.7864462
            ],
            [
              -72.107407,
              43.7864347
            ],
            [
              -72.1074692,
              43.7864231
            ],
            [
              -72.1075,
              43.7864196
            ]
          ],
          [
            [
              -72.0871536,
              43.7908
            ],
            [
              -72.0871594,
              43.7907878
            ],
            [
              -72.0871666,
              43.7907776
            ],
            [
              -72.0872215,
              43.7907348
            ],
            [
              -72.0872246,
              43.7907325
            ],
            [
              -72.0872832,
              43.7906874
            ],
            [
              -72.0872836,
              43.7906872
            ],
            [
              -72.0873457,
              43.790673
            ],
            [
              -72.0873899,
              43.7906423
            ],
            [
              -72.0874078,
              43.7906333
            ],
            [
              -72.0874699,
              43.790634
            ],
            [
              -72.087532,
              43.790623
            ],
            [
              -72.0875941,
              43.7906099
            ],
            [
              -72.087642,
              43.7905972
            ],
            [
              -72.0876562,
              43.7905932
            ],
            [
              -72.0876833,
              43.7905972
            ],
            [
              -72.0877183,
              43.7906013
            ],
            [
              -72.0877309,
              43.7905972
            ],
            [
              -72.0877638,
              43.790552
            ],
            [
              -72.0877805,
              43.790536
            ],
            [
              -72.0877933,
              43.7905069
            ],
            [
              -72.0877982,
              43.7904618
            ],
            [
              -72.0878059,
              43.7904167
            ],
            [
              -72.0878258,
              43.7903716
            ],
            [
              -72.0878426,
              43.7903409
            ],
            [
              -72.0878529,
              43.7903264
            ],
            [
              -72.0878967,
              43.7902813
            ],
            [
              -72.0879047,
              43.7902672
            ],
            [
              -72.0879322,
              43.7902362
            ],
            [
              -72.0879668,
              43.7902226
            ],
            [
              -72.0880289,
              43.7901992
            ],
            [
              -72.0880459,
              43.7901911
            ],
            [
              -72.088091,
              43.7901689
            ],
            [
              -72.0881429,
              43.790146
            ],
            [
              -72.0881531,
              43.7901429
            ],
            [
              -72.0882152,
              43.7901433
            ],
            [
              -72.0882773,
              43.7901321
            ],
            [
              -72.0883394,
              43.7901218
            ],
            [
              -72.0884016,
              43.790102
            ],
            [
              -72.0884047,
              43.7901009
            ],
            [
              -72.0884637,
              43.7900878
            ],
            [
              -72.0885239,
              43.7900557
            ],
            [
              -72.0885258,
              43.7900549
            ],
            [
              -72.0885879,
              43.790046
            ],
            [
              -72.08865,
              43.790043
            ],
            [
              -72.0887121,
              43.790036
            ],
            [
              -72.0887742,
              43.790014
            ],
            [
              -72.0887824,
              43.7900106
            ],
            [
              -72.0888363,
              43.7899794
            ],
            [
              -72.0888496,
              43.7899655
            ],
            [
              -72.0888984,
              43.7899297
            ],
            [
              -72.0889146,
              43.7899204
            ],
            [
              -72.0889605,
              43.7898849
            ],
            [
              -72.0889688,
              43.7898753
            ],
            [
              -72.0889989,
              43.7898301
            ],
            [
              -72.0890226,
              43.7898025
            ],
            [
              -72.0890351,
              43.789785
            ],
            [
              -72.0890801,
              43.7897399
            ],
            [
              -72.0890848,
              43.7897353
            ],
            [
              -72.0891138,
              43.7896948
            ],
            [
              -72.0891436,
              43.7896497
            ],
            [
              -72.0891469,
              43.7896456
            ],
            [
              -72.0891868,
              43.7896045
            ],
            [
              -72.089209,
              43.7895918
            ],
            [
              -72.0892711,
              43.7895819
            ],
            [
              -72.0893332,
              43.7895834
            ],
            [
              -72.0893953,
              43.7895886
            ],
            [
              -72.0894574,
              43.7895924
            ],
            [
              -72.0895195,
              43.7895981
            ],
            [
              -72.0895659,
              43.7896045
            ],
            [
              -72.0895816,
              43.7896062
            ],
            [
              -72.0896159,
              43.7896045
            ],
            [
              -72.0896437,
              43.7896021
            ],
            [
              -72.0897059,
              43.7895922
            ],
            [
              -72.089768,
              43.7895768
            ],
            [
              -72.0898195,
              43.7895594
            ],
            [
              -72.0898301,
              43.7895531
            ],
            [
              -72.0898879,
              43.7895143
            ],
            [
              -72.0898922,
              43.7895118
            ],
            [
              -72.0899543,
              43.7894779
            ],
            [
              -72.0899626,
              43.7894692
            ],
            [
              -72.0900111,
              43.7894241
            ],
            [
              -72.0900164,
              43.7894196
            ],
            [
              -72.0900536,
              43.7893789
            ],
            [
              -72.0900785,
              43.7893645
            ],
            [
              -72.0901406,
              43.7893612
            ],
            [
              -72.0902027,
              43.7893615
            ],
            [
              -72.0902648,
              43.7893639
            ],
            [
              -72.0903269,
              43.789348
            ],
            [
              -72.0903891,
              43.7893456
            ],
            [
              -72.0904512,
              43.7893507
            ],
            [
              -72.0905133,
              43.7893373
            ],
            [
              -72.0905246,
              43.7893338
            ],
            [
              -72.0905754,
              43.789318
            ],
            [
              -72.0906375,
              43.789302
            ],
            [
              -72.0906996,
              43.7893093
            ],
            [
              -72.0907617,
              43.7893126
            ],
            [
              -72.0908238,
              43.7893071
            ],
            [
              -72.0908719,
              43.7892887
            ],
            [
              -72.0908859,
              43.789281
            ],
            [
              -72.090948,
              43.7892629
            ],
            [
              -72.0910101,
              43.7892544
            ],
            [
              -72.0910723,
              43.7892448
            ],
            [
              -72.091078,
              43.7892436
            ],
            [
              -72.0911344,
              43.7892324
            ],
            [
              -72.0911965,
              43.7892356
            ],
            [
              -72.0912586,
              43.7892318
            ],
            [
              -72.0913207,
              43.7892133
            ],
            [
              -72.0913497,
              43.7891985
            ],
            [
              -72.0913828,
              43.7891688
            ],
            [
              -72.091399,
              43.7891533
            ],
            [
              -72.0914449,
              43.7891177
            ],
            [
              -72.0914587,
              43.7891082
            ],
            [
              -72.091507,
              43.7890848
            ],
            [
              -72.0915633,
              43.7890631
            ],
            [
              -72.0915691,
              43.78906
            ],
            [
              -72.0916312,
              43.7890338
            ],
            [
              -72.0916934,
              43.7890365
            ],
            [
              -72.0917555,
              43.7890268
            ],
            [
              -72.091817,
              43.789018
            ],
            [
              -72.0918176,
              43.7890179
            ],
            [
              -72.0918797,
              43.7890162
            ],
            [
              -72.0919418,
              43.7889965
            ],
            [
              -72.0920023,
              43.7889729
            ],
            [
              -72.0920039,
              43.7889721
            ],
            [
              -72.092066,
              43.7889452
            ],
            [
              -72.092097,
              43.7889278
            ],
            [
              -72.0921249,
              43.7888826
            ],
            [
              -72.0921281,
              43.7888804
            ],
            [
              -72.0921902,
              43.7888379
            ],
            [
              -72.0921907,
              43.7888375
            ],
            [
              -72.0922523,
              43.7887994
            ],
            [
              -72.0922769,
              43.7887924
            ],
            [
              -72.0923144,
              43.7887853
            ],
            [
              -72.0923766,
              43.7887691
            ],
            [
              -72.0924387,
              43.7887491
            ],
            [
              -72.0924864,
              43.7887473
            ],
            [
              -72.0925008,
              43.7887468
            ],
            [
              -72.0925629,
              43.7887457
            ],
            [
              -72.092625,
              43.7887329
            ],
            [
              -72.0926871,
              43.7887076
            ],
            [
              -72.0927002,
              43.7887022
            ],
            [
              -72.0927492,
              43.7886773
            ],
            [
              -72.0928008,
              43.788657
            ],
            [
              -72.0928113,
              43.7886525
            ],
            [
              -72.0928652,
              43.7886119
            ],
            [
              -72.0928734,
              43.7885917
            ],
            [
              -72.0928805,
              43.7885668
            ],
            [
              -72.0928998,
              43.7885217
            ],
            [
              -72.092922,
              43.7884766
            ],
            [
              -72.0929355,
              43.7884587
            ],
            [
              -72.0929524,
              43.7884314
            ],
            [
              -72.0929878,
              43.7883863
            ],
            [
              -72.0929977,
              43.7883694
            ],
            [
              -72.0930161,
              43.7883412
            ],
            [
              -72.0930501,
              43.7882961
            ],
            [
              -72.0930598,
              43.7882813
            ],
            [
              -72.0930862,
              43.788251
            ],
            [
              -72.0931002,
              43.7882058
            ],
            [
              -72.0931219,
              43.7881696
            ],
            [
              -72.0931266,
              43.7881607
            ],
            [
              -72.0931457,
              43.7881156
            ],
            [
              -72.0931644,
              43.7880705
            ],
            [
              -72.093184,
              43.7880373
            ],
            [
              -72.0931982,
              43.7880254
            ],
            [
              -72.0932461,
              43.7879897
            ],
            [
              -72.093269,
              43.7879802
            ],
            [
              -72.0933082,
              43.7879684
            ],
            [
              -72.0933703,
              43.7879507
            ],
            [
              -72.0934091,
              43.7879351
            ],
            [
              -72.0934324,
              43.7879302
            ],
            [
              -72.0934945,
              43.7879332
            ],
            [
              -72.0935014,
              43.7879351
            ],
            [
              -72.0935566,
              43.7879551
            ],
            [
              -72.0936187,
              43.7879706
            ],
            [
              -72.0936809,
              43.7879754
            ],
            [
              -72.0937049,
              43.7879351
            ],
            [
              -72.0937219,
              43.78789
            ],
            [
              -72.093743,
              43.7878646
            ],
            [
              -72.0938051,
              43.7878657
            ],
            [
              -72.0938672,
              43.7878616
            ],
            [
              -72.0939126,
              43.7878449
            ],
            [
              -72.0939293,
              43.7878387
            ],
            [
              -72.0939914,
              43.7878402
            ],
            [
              -72.0940111,
              43.7878449
            ],
            [
              -72.0940535,
              43.7878554
            ],
            [
              -72.0940985,
              43.7878449
            ],
            [
              -72.0941156,
              43.7878308
            ],
            [
              -72.0941705,
              43.7877998
            ],
            [
              -72.0941777,
              43.7877971
            ],
            [
              -72.0942398,
              43.7877962
            ],
            [
              -72.0942541,
              43.7877998
            ],
            [
              -72.094302,
              43.7878108
            ],
            [
              -72.0943641,
              43.7878299
            ],
            [
              -72.0944134,
              43.7878449
            ],
            [
              -72.0944262,
              43.7878492
            ],
            [
              -72.0944729,
              43.7878449
            ],
            [
              -72.0944883,
              43.7878421
            ],
            [
              -72.0945206,
              43.7877998
            ],
            [
              -72.0945504,
              43.7877723
            ],
            [
              -72.0945747,
              43.7877547
            ],
            [
              -72.0946125,
              43.7877373
            ],
            [
              -72.0946746,
              43.7877254
            ],
            [
              -72.0947367,
              43.7877129
            ],
            [
              -72.0947445,
              43.7877095
            ],
            [
              -72.0947988,
              43.7876682
            ],
            [
              -72.0948016,
              43.7876644
            ],
            [
              -72.0948114,
              43.7876193
            ],
            [
              -72.0948181,
              43.7875742
            ],
            [
              -72.0948609,
              43.787535
            ],
            [
              -72.0948722,
              43.7875291
            ],
            [
              -72.094923,
              43.7874886
            ],
            [
              -72.0949273,
              43.7874839
            ],
            [
              -72.0949566,
              43.7874388
            ],
            [
              -72.0949836,
              43.7873937
            ],
            [
              -72.0949852,
              43.7873903
            ],
            [
              -72.0950247,
              43.7873486
            ],
            [
              -72.0950473,
              43.7873337
            ],
            [
              -72.0950644,
              43.7873035
            ],
            [
              -72.095072,
              43.7872583
            ],
            [
              -72.0950939,
              43.7872132
            ],
            [
              -72.0951015,
              43.7871681
            ],
            [
              -72.0951094,
              43.7871563
            ],
            [
              -72.0951187,
              43.787123
            ],
            [
              -72.0951297,
              43.7870779
            ],
            [
              -72.0951304,
              43.7870327
            ],
            [
              -72.0951429,
              43.7869876
            ],
            [
              -72.0951655,
              43.7869425
            ],
            [
              -72.0951715,
              43.78692
            ],
            [
              -72.0951768,
              43.7868974
            ],
            [
              -72.0951715,
              43.7868854
            ],
            [
              -72.0951568,
              43.7868523
            ],
            [
              -72.0951541,
              43.7868072
            ],
            [
              -72.0951524,
              43.786762
            ],
            [
              -72.0951542,
              43.7867169
            ],
            [
              -72.0951601,
              43.7866718
            ],
            [
              -72.0951585,
              43.7866267
            ],
            [
              -72.0951602,
              43.7865816
            ],
            [
              -72.0951562,
              43.7865364
            ],
            [
              -72.0951611,
              43.7864913
            ],
            [
              -72.0951715,
              43.7864643
            ],
            [
              -72.0951779,
              43.7864462
            ],
            [
              -72.0951945,
              43.7864011
            ],
            [
              -72.0952174,
              43.786356
            ],
            [
              -72.095225,
              43.7863108
            ],
            [
              -72.0952143,
              43.7862657
            ],
            [
              -72.0951943,
              43.7862206
            ],
            [
              -72.0951747,
              43.7861755
            ],
            [
              -72.0951715,
              43.7861686
            ],
            [
              -72.0951552,
              43.7861304
            ],
            [
              -72.0951338,
              43.7860852
            ],
            [
              -72.0951159,
              43.7860401
            ],
            [
              -72.0951094,
              43.7860257
            ],
            [
              -72.0950968,
              43.785995
            ],
            [
              -72.0950848,
              43.7859499
            ],
            [
              -72.0950748,
              43.7859048
            ],
            [
              -72.0950621,
              43.7858596
            ],
            [
              -72.0950484,
              43.7858145
            ],
            [
              -72.0950489,
              43.7857694
            ],
            [
              -72.0950473,
              43.7857665
            ],
            [
              -72.0950352,
              43.7857243
            ],
            [
              -72.0950226,
              43.7856792
            ],
            [
              -72.0950129,
              43.7856341
            ],
            [
              -72.094991,
              43.7855889
            ],
            [
              -72.0949852,
              43.78558
            ],
            [
              -72.0949654,
              43.7855438
            ],
            [
              -72.0949406,
              43.7854987
            ],
            [
              -72.094923,
              43.7854686
            ],
            [
              -72.0949157,
              43.7854536
            ],
            [
              -72.0949068,
              43.7854085
            ],
            [
              -72.0949135,
              43.7853633
            ],
            [
              -72.0949228,
              43.7853182
            ],
            [
              -72.094923,
              43.7853156
            ],
            [
              -72.0949257,
              43.7852731
            ],
            [
              -72.094923,
              43.7852634
            ],
            [
              -72.0949144,
              43.785228
            ],
            [
              -72.0949034,
              43.7851829
            ],
            [
              -72.0948954,
              43.7851377
            ],
            [
              -72.0948794,
              43.7850926
            ],
            [
              -72.0948846,
              43.7850475
            ],
            [
              -72.0948988,
              43.7850024
            ],
            [
              -72.094901,
              43.7849573
            ],
            [
              -72.0949066,
              43.7849121
            ],
            [
              -72.0949019,
              43.784867
            ],
            [
              -72.0948976,
              43.7848219
            ],
            [
              -72.0948827,
              43.7847768
            ],
            [
              -72.0948609,
              43.7847317
            ],
            [
              -72.0948609,
              43.7847317
            ],
            [
              -72.0948413,
              43.7846865
            ],
            [
              -72.0948333,
              43.7846414
            ],
            [
              -72.0948174,
              43.7845963
            ],
            [
              -72.0947988,
              43.7845616
            ],
            [
              -72.094791,
              43.7845512
            ],
            [
              -72.0947575,
              43.7845061
            ],
            [
              -72.0947367,
              43.7844648
            ],
            [
              -72.0947346,
              43.784461
            ],
            [
              -72.0946978,
              43.7844158
            ],
            [
              -72.0946746,
              43.7843855
            ],
            [
              -72.0946643,
              43.7843707
            ],
            [
              -72.0946505,
              43.7843256
            ],
            [
              -72.0946746,
              43.7842932
            ],
            [
              -72.0946938,
              43.7842805
            ],
            [
              -72.0947367,
              43.7842543
            ],
            [
              -72.0947424,
              43.7842354
            ],
            [
              -72.0947367,
              43.7842291
            ],
            [
              -72.0947074,
              43.7841902
            ],
            [
              -72.0946774,
              43.7841451
            ],
            [
              -72.0946746,
              43.7841422
            ],
            [
              -72.0946175,
              43.7841
            ],
            [
              -72.0946125,
              43.7840941
            ],
            [
              -72.09457,
              43.7840549
            ],
            [
              -72.0945504,
              43.7840328
            ],
            [
              -72.0945223,
              43.7840098
            ],
            [
              -72.0945017,
              43.7839646
            ],
            [
              -72.0945065,
              43.7839195
            ],
            [
              -72.0944982,
              43.7838744
            ],
            [
              -72.0944883,
              43.7838636
            ],
            [
              -72.0944617,
              43.7838293
            ],
            [
              -72.0944437,
              43.7837842
            ],
            [
              -72.0944262,
              43.7837646
            ],
            [
              -72.0943994,
              43.783739
            ],
            [
              -72.0943641,
              43.7837022
            ],
            [
              -72.0943562,
              43.7836939
            ],
            [
              -72.0943208,
              43.7836488
            ],
            [
              -72.094302,
              43.7836252
            ],
            [
              -72.0942884,
              43.7836037
            ],
            [
              -72.0942557,
              43.7835586
            ],
            [
              -72.0942398,
              43.7835194
            ],
            [
              -72.0942371,
              43.7835135
            ],
            [
              -72.0942075,
              43.7834683
            ],
            [
              -72.0941777,
              43.7834232
            ],
            [
              -72.0941777,
              43.7834232
            ],
            [
              -72.0941534,
              43.7833781
            ],
            [
              -72.094128,
              43.783333
            ],
            [
              -72.0941162,
              43.7832879
            ],
            [
              -72.0941156,
              43.7832854
            ],
            [
              -72.0941056,
              43.7832427
            ],
            [
              -72.0941111,
              43.7831976
            ],
            [
              -72.0941156,
              43.7831921
            ],
            [
              -72.0941619,
              43.7831525
            ],
            [
              -72.0941265,
              43.7831074
            ],
            [
              -72.0941409,
              43.7830623
            ],
            [
              -72.0941536,
              43.7830171
            ],
            [
              -72.0941333,
              43.782972
            ],
            [
              -72.094136,
              43.7829269
            ],
            [
              -72.0941156,
              43.7829155
            ],
            [
              -72.0940886,
              43.7828818
            ],
            [
              -72.094076,
              43.7828367
            ],
            [
              -72.0940535,
              43.7828028
            ],
            [
              -72.0940459,
              43.7827915
            ],
            [
              -72.0940371,
              43.7827464
            ],
            [
              -72.0940115,
              43.7827013
            ],
            [
              -72.0939994,
              43.7826562
            ],
            [
              -72.0939914,
              43.7826491
            ],
            [
              -72.0939459,
              43.7826111
            ],
            [
              -72.0939293,
              43.7825872
            ],
            [
              -72.0939055,
              43.7825659
            ],
            [
              -72.0938717,
              43.7825208
            ],
            [
              -72.0938672,
              43.7825151
            ],
            [
              -72.0938422,
              43.7824757
            ],
            [
              -72.0938211,
              43.7824306
            ],
            [
              -72.0938209,
              43.7823855
            ],
            [
              -72.0938051,
              43.7823489
            ],
            [
              -72.0938022,
              43.7823404
            ],
            [
              -72.0938048,
              43.7822952
            ],
            [
              -72.0938051,
              43.7822945
            ],
            [
              -72.0938224,
              43.7822501
            ],
            [
              -72.0938324,
              43.782205
            ],
            [
              -72.0938305,
              43.7821599
            ],
            [
              -72.0938098,
              43.7821148
            ],
            [
              -72.0938051,
              43.782111
            ],
            [
              -72.093743,
              43.7820803
            ],
            [
              -72.0937338,
              43.7820696
            ],
            [
              -72.0937282,
              43.7820245
            ],
            [
              -72.0937063,
              43.7819794
            ],
            [
              -72.0937015,
              43.7819343
            ],
            [
              -72.0937026,
              43.7818892
            ],
            [
              -72.0937009,
              43.781844
            ],
            [
              -72.0936809,
              43.7818068
            ],
            [
              -72.0936766,
              43.7817989
            ],
            [
              -72.0936809,
              43.7817834
            ],
            [
              -72.0936909,
              43.7817538
            ],
            [
              -72.0937058,
              43.7817087
            ],
            [
              -72.0937419,
              43.7816636
            ],
            [
              -72.093743,
              43.7816614
            ],
            [
              -72.0937654,
              43.7816184
            ],
            [
              -72.0937613,
              43.7815733
            ],
            [
              -72.0937597,
              43.7815282
            ],
            [
              -72.093743,
              43.7814943
            ],
            [
              -72.0937347,
              43.7814831
            ],
            [
              -72.0936809,
              43.7814614
            ],
            [
              -72.0936515,
              43.781438
            ],
            [
              -72.0936476,
              43.7813928
            ],
            [
              -72.0936546,
              43.7813477
            ],
            [
              -72.0936606,
              43.7813026
            ],
            [
              -72.0936636,
              43.7812575
            ],
            [
              -72.0936742,
              43.7812124
            ],
            [
              -72.0936809,
              43.7811959
            ],
            [
              -72.0936984,
              43.7811673
            ],
            [
              -72.0936953,
              43.7811221
            ],
            [
              -72.0937001,
              43.781077
            ],
            [
              -72.0937121,
              43.7810319
            ],
            [
              -72.0937115,
              43.7809868
            ],
            [
              -72.0937363,
              43.7809417
            ],
            [
              -72.093743,
              43.7809348
            ],
            [
              -72.0937545,
              43.7808965
            ],
            [
              -72.093743,
              43.7808728
            ],
            [
              -72.0937242,
              43.7808514
            ],
            [
              -72.093743,
              43.780818
            ],
            [
              -72.0937535,
              43.7808063
            ],
            [
              -72.0937853,
              43.7807612
            ],
            [
              -72.0938051,
              43.7807262
            ],
            [
              -72.093812,
              43.7807161
            ],
            [
              -72.093826,
              43.7806709
            ],
            [
              -72.0938051,
              43.7806375
            ],
            [
              -72.093797,
              43.7806258
            ],
            [
              -72.093743,
              43.7805926
            ],
            [
              -72.0937342,
              43.7805807
            ],
            [
              -72.0937006,
              43.7805356
            ],
            [
              -72.0936809,
              43.780518
            ],
            [
              -72.0936453,
              43.7804905
            ],
            [
              -72.0936187,
              43.7804612
            ],
            [
              -72.0936032,
              43.7804453
            ],
            [
              -72.0935859,
              43.7804002
            ],
            [
              -72.0935566,
              43.7803761
            ],
            [
              -72.0935203,
              43.7803551
            ],
            [
              -72.0934945,
              43.780322
            ],
            [
              -72.0934848,
              43.78031
            ],
            [
              -72.0934594,
              43.7802649
            ],
            [
              -72.0934431,
              43.7802198
            ],
            [
              -72.0934324,
              43.7802034
            ],
            [
              -72.0934112,
              43.7801746
            ],
            [
              -72.0933703,
              43.7801376
            ],
            [
              -72.0933612,
              43.7801295
            ],
            [
              -72.0933082,
              43.7800962
            ],
            [
              -72.0932963,
              43.7800844
            ],
            [
              -72.0932529,
              43.7800393
            ],
            [
              -72.0932461,
              43.7800313
            ],
            [
              -72.0932144,
              43.7799942
            ],
            [
              -72.093184,
              43.7799595
            ],
            [
              -72.0931674,
              43.779949
            ],
            [
              -72.0931797,
              43.7799039
            ],
            [
              -72.093184,
              43.7798999
            ],
            [
              -72.0932205,
              43.7798588
            ],
            [
              -72.0931957,
              43.7798137
            ],
            [
              -72.0931902,
              43.7797686
            ],
            [
              -72.0931861,
              43.7797234
            ],
            [
              -72.093184,
              43.7797215
            ],
            [
              -72.0931315,
              43.7796783
            ],
            [
              -72.0931219,
              43.7796427
            ],
            [
              -72.0931178,
              43.7796332
            ],
            [
              -72.0930598,
              43.7795992
            ],
            [
              -72.0930281,
              43.7795881
            ],
            [
              -72.0929977,
              43.7795723
            ],
            [
              -72.0929355,
              43.7795455
            ],
            [
              -72.0929314,
              43.779543
            ],
            [
              -72.0929039,
              43.7794978
            ],
            [
              -72.0928734,
              43.7794528
            ],
            [
              -72.0928734,
              43.7794527
            ],
            [
              -72.0928503,
              43.7794076
            ],
            [
              -72.0928365,
              43.7793625
            ],
            [
              -72.0928113,
              43.779335
            ],
            [
              -72.0927492,
              43.7793241
            ],
            [
              -72.0927258,
              43.7793174
            ],
            [
              -72.0926871,
              43.7792831
            ],
            [
              -72.0926522,
              43.7792722
            ],
            [
              -72.092625,
              43.7792301
            ],
            [
              -72.0926242,
              43.7792271
            ],
            [
              -72.092625,
              43.7792114
            ],
            [
              -72.0926871,
              43.7791825
            ],
            [
              -72.0926874,
              43.779182
            ],
            [
              -72.0926871,
              43.7791813
            ],
            [
              -72.0926564,
              43.7791369
            ],
            [
              -72.0926318,
              43.7790918
            ],
            [
              -72.092625,
              43.7790816
            ],
            [
              -72.0925906,
              43.7790467
            ],
            [
              -72.0925715,
              43.7790015
            ],
            [
              -72.0925629,
              43.7789892
            ],
            [
              -72.0925314,
              43.7789564
            ],
            [
              -72.0925008,
              43.778936
            ],
            [
              -72.0924387,
              43.7789293
            ],
            [
              -72.0923781,
              43.7789113
            ],
            [
              -72.0923766,
              43.7789089
            ],
            [
              -72.0923281,
              43.7788662
            ],
            [
              -72.0923766,
              43.7788306
            ],
            [
              -72.0923954,
              43.7788211
            ],
            [
              -72.0924387,
              43.7788103
            ],
            [
              -72.0925008,
              43.7787796
            ],
            [
              -72.0925024,
              43.7787759
            ],
            [
              -72.0925008,
              43.7787747
            ],
            [
              -72.0924574,
              43.7787308
            ],
            [
              -72.0924387,
              43.7787241
            ],
            [
              -72.0923888,
              43.7786857
            ],
            [
              -72.0923766,
              43.7786758
            ],
            [
              -72.0923144,
              43.7786612
            ],
            [
              -72.0922834,
              43.7786406
            ],
            [
              -72.0922523,
              43.7786217
            ],
            [
              -72.0921902,
              43.7786157
            ],
            [
              -72.0921281,
              43.7786039
            ],
            [
              -72.0921163,
              43.7785955
            ],
            [
              -72.0920696,
              43.7785503
            ],
            [
              -72.092066,
              43.7785463
            ],
            [
              -72.0920039,
              43.7785149
            ],
            [
              -72.0919858,
              43.7785052
            ],
            [
              -72.0919516,
              43.7784601
            ],
            [
              -72.0919418,
              43.7784574
            ],
            [
              -72.09189,
              43.778415
            ],
            [
              -72.0918797,
              43.7784099
            ],
            [
              -72.0918176,
              43.7783908
            ],
            [
              -72.0917923,
              43.7783699
            ],
            [
              -72.0917555,
              43.7783404
            ],
            [
              -72.0917236,
              43.7783247
            ],
            [
              -72.0916934,
              43.7782854
            ],
            [
              -72.0916789,
              43.7782796
            ],
            [
              -72.0916934,
              43.7782723
            ],
            [
              -72.0917555,
              43.7782527
            ],
            [
              -72.0918176,
              43.7782481
            ],
            [
              -72.0918797,
              43.7782422
            ],
            [
              -72.0919241,
              43.7782345
            ],
            [
              -72.0919418,
              43.7782317
            ],
            [
              -72.0920039,
              43.7782066
            ],
            [
              -72.0920185,
              43.7781894
            ],
            [
              -72.0920463,
              43.7781443
            ],
            [
              -72.0920317,
              43.7780991
            ],
            [
              -72.0920039,
              43.7780673
            ],
            [
              -72.0919909,
              43.778054
            ],
            [
              -72.0919886,
              43.7780089
            ],
            [
              -72.0920039,
              43.7779962
            ],
            [
              -72.092066,
              43.7779643
            ],
            [
              -72.0920667,
              43.7779638
            ],
            [
              -72.092075,
              43.7779187
            ],
            [
              -72.092066,
              43.7779118
            ],
            [
              -72.0920039,
              43.7778856
            ],
            [
              -72.0919886,
              43.7778736
            ],
            [
              -72.0919418,
              43.7778523
            ],
            [
              -72.0919151,
              43.7778284
            ],
            [
              -72.0918797,
              43.7777989
            ],
            [
              -72.0918607,
              43.7777833
            ],
            [
              -72.0918229,
              43.7777382
            ],
            [
              -72.0918176,
              43.777722
            ],
            [
              -72.0918101,
              43.7776931
            ],
            [
              -72.0917896,
              43.777648
            ],
            [
              -72.0917816,
              43.7776028
            ],
            [
              -72.09178,
              43.7775577
            ],
            [
              -72.0917932,
              43.7775126
            ],
            [
              -72.0918154,
              43.7774675
            ],
            [
              -72.0918176,
              43.777465
            ],
            [
              -72.0918267,
              43.7774675
            ],
            [
              -72.0918797,
              43.7774756
            ],
            [
              -72.0919418,
              43.7774775
            ],
            [
              -72.0920039,
              43.7774764
            ],
            [
              -72.092066,
              43.7774683
            ],
            [
              -72.092069,
              43.7774675
            ],
            [
              -72.0921281,
              43.7774265
            ],
            [
              -72.09213,
              43.7774224
            ],
            [
              -72.0921281,
              43.7774147
            ],
            [
              -72.0921184,
              43.7774
            ]
          ]
        ]
      }
    },
    {
      "type": "Feature",
      "id": "contour/420m",
      "properties": {
        "elevation_m": 420,
        "is_index": false
      },
      "geometry": {
        "type": "MultiLineString",
        "coordinates": [
          [
            [
              -72.1005479,
              43.7774
            ],
            [
              -72.1005527,
              43.7774224
            ],
            [
              -72.1005723,
              43.7774675
            ],
            [
              -72.100575,
              43.7774712
            ],
            [
              -72.1006182,
              43.7775126
            ],
            [
              -72.1006371,
              43.7775367
            ],
            [
              -72.1006564,
              43.7775577
            ],
            [
              -72.1006929,
              43.7776028
            ],
            [
              -72.1006992,
              43.7776173
            ],
            [
              -72.1007127,
              43.777648
            ],
            [
              -72.1007317,
              43.7776931
            ],
            [
              -72.100741,
              43.7777382
            ],
            [
              -72.100759,
              43.7777833
            ],
            [
              -72.1007613,
              43.7777883
            ],
            [
              -72.1007914,
              43.7778284
            ],
            [
              -72.1008234,
              43.7778606
            ],
            [
              -72.1008319,
              43.7778736
            ],
            [
              -72.1008568,
              43.7779187
            ],
            [
              -72.1008778,
              43.7779638
            ],
            [
              -72.1008856,
              43.7780034
            ],
            [
              -72.100887,
              43.7780089
            ],
            [
              -72.1009085,
              43.778054
            ],
            [
              -72.1009458,
              43.7780991
            ],
            [
              -72.1009477,
              43.7781018
            ],
            [
              -72.1009683,
              43.7781443
            ],
            [
              -72.1009999,
              43.7781894
            ],
            [
              -72.1010098,
              43.778206
            ],
            [
              -72.1010288,
              43.7782345
            ],
            [
              -72.1010378,
              43.7782796
            ],
            [
              -72.1010719,
              43.7783037
            ],
            [
              -72.1011064,
              43.7783247
            ],
            [
              -72.101134,
              43.7783462
            ],
            [
              -72.1011961,
              43.7783644
            ],
            [
              -72.1012582,
              43.7783454
            ],
            [
              -72.1013114,
              43.7783247
            ],
            [
              -72.1013203,
              43.7783216
            ],
            [
              -72.1013824,
              43.7782891
            ],
            [
              -72.1013938,
              43.7782796
            ],
            [
              -72.1014445,
              43.7782392
            ],
            [
              -72.1014499,
              43.7782345
            ],
            [
              -72.1015009,
              43.7781894
            ],
            [
              -72.1015066,
              43.778185
            ],
            [
              -72.1015505,
              43.7781443
            ],
            [
              -72.1015688,
              43.7781057
            ],
            [
              -72.1016309,
              43.7781364
            ],
            [
              -72.1016549,
              43.7781443
            ],
            [
              -72.101693,
              43.7781607
            ],
            [
              -72.1017369,
              43.7781894
            ],
            [
              -72.1017551,
              43.7782016
            ],
            [
              -72.1018172,
              43.7782251
            ],
            [
              -72.1018793,
              43.7782255
            ],
            [
              -72.1018947,
              43.7782345
            ],
            [
              -72.1019289,
              43.7782796
            ],
            [
              -72.1019414,
              43.7783112
            ],
            [
              -72.1019444,
              43.7783247
            ],
            [
              -72.1019514,
              43.7783699
            ],
            [
              -72.1019414,
              43.7784073
            ],
            [
              -72.1019395,
              43.778415
            ],
            [
              -72.1019414,
              43.7784239
            ],
            [
              -72.1019479,
              43.7784601
            ],
            [
              -72.1019504,
              43.7785052
            ],
            [
              -72.1019524,
              43.7785503
            ],
            [
              -72.1019414,
              43.7785724
            ],
            [
              -72.1019293,
              43.7785955
            ],
            [
              -72.1018793,
              43.7786247
            ],
            [
              -72.1018528,
              43.7786406
            ],
            [
              -72.1018614,
              43.7786857
            ],
            [
              -72.101878,
              43.7787308
            ],
            [
              -72.1018793,
              43.7787342
            ],
            [
              -72.1018967,
              43.7787759
            ],
            [
              -72.1018926,
              43.7788211
            ],
            [
              -72.1018872,
              43.7788662
            ],
            [
              -72.1018793,
              43.7788835
            ],
            [
              -72.1018649,
              43.7789113
            ],
            [
              -72.1018793,
              43.7789426
            ],
            [
              -72.1018848,
              43.7789564
            ],
            [
              -72.1018934,
              43.7790015
            ],
            [
              -72.1018985,
              43.7790467
            ],
            [
              -72.1018986,
              43.7790918
            ],
            [
              -72.1018855,
              43.7791369
            ],
            [
              -72.1018793,
              43.7791489
            ],
            [
              -72.1018553,
              43.779182
            ],
            [
              -72.1018252,
              43.7792271
            ],
            [
              -72.1018172,
              43.7792369
            ],
            [
              -72.1017806,
              43.7792722
            ],
            [
              -72.1017551,
              43.779306
            ],
            [
              -72.1017485,
              43.7793174
            ],
            [
              -72.101729,
              43.7793625
            ],
            [
              -72.1017185,
              43.7794076
            ],
            [
              -72.1017044,
              43.7794527
            ],
            [
              -72.1016975,
              43.7794978
            ],
            [
              -72.101693,
              43.7795091
            ],
            [
              -72.1016815,
              43.779543
            ],
            [
              -72.101693,
              43.779574
            ],
            [
              -72.1016995,
              43.7795881
            ],
            [
              -72.1016954,
              43.7796332
            ],
            [
              -72.1016996,
              43.7796783
            ],
            [
              -72.1017189,
              43.7797234
            ],
            [
              -72.1017379,
              43.7797686
            ],
            [
              -72.1017317,
              43.7798137
            ],
            [
              -72.1017055,
              43.7798588
            ],
            [
              -72.101693,
              43.7798832
            ],
            [
              -72.101673,
              43.7799039
            ],
            [
              -72.1016529,
              43.779949
            ],
            [
              -72.1016309,
              43.7799858
            ],
            [
              -72.101621,
              43.7799942
            ],
            [
              -72.1015962,
              43.7800393
            ],
            [
              -72.101594,
              43.7800844
            ],
            [
              -72.101588,
              43.7801295
            ],
            [
              -72.101573,
              43.7801746
            ],
            [
              -72.1015688,
              43.7801849
            ],
            [
              -72.1015346,
              43.7802198
            ],
            [
              -72.1015066,
              43.7802486
            ],
            [
              -72.101487,
              43.7802649
            ],
            [
              -72.1014543,
              43.78031
            ],
            [
              -72.1014514,
              43.7803551
            ],
            [
              -72.1014586,
              43.7804002
            ],
            [
              -72.1014445,
              43.7804383
            ],
            [
              -72.1014418,
              43.7804453
            ],
            [
              -72.1014185,
              43.7804905
            ],
            [
              -72.1014105,
              43.7805356
            ],
            [
              -72.1013987,
              43.7805807
            ],
            [
              -72.1013824,
              43.7806136
            ],
            [
              -72.1013733,
              43.7806258
            ],
            [
              -72.1013529,
              43.7806709
            ],
            [
              -72.1013344,
              43.7807161
            ],
            [
              -72.1013203,
              43.7807491
            ],
            [
              -72.1013124,
              43.7807612
            ],
            [
              -72.101304,
              43.7808063
            ],
            [
              -72.1012798,
              43.7808514
            ],
            [
              -72.1012582,
              43.7808964
            ],
            [
              -72.1012581,
              43.7808965
            ],
            [
              -72.1012224,
              43.7809417
            ],
            [
              -72.1012112,
              43.7809868
            ],
            [
              -72.1012098,
              43.7810319
            ],
            [
              -72.1011961,
              43.7810645
            ],
            [
              -72.101186,
              43.781077
            ],
            [
              -72.1011659,
              43.7811221
            ],
            [
              -72.101134,
              43.7811484
            ],
            [
              -72.1011123,
              43.7811673
            ],
            [
              -72.1010925,
              43.7812124
            ],
            [
              -72.1010719,
              43.7812573
            ],
            [
              -72.1010718,
              43.7812575
            ],
            [
              -72.1010564,
              43.7813026
            ],
            [
              -72.1010383,
              43.7813477
            ],
            [
              -72.1010393,
              43.7813928
            ],
            [
              -72.1010298,
              43.781438
            ],
            [
              -72.1010098,
              43.78146
            ],
            [
              -72.1009961,
              43.7814831
            ],
            [
              -72.100995,
              43.7815282
            ],
            [
              -72.1010027,
              43.7815733
            ],
            [
              -72.1010098,
              43.7816037
            ],
            [
              -72.1010229,
              43.7816184
            ],
            [
              -72.1010501,
              43.7816636
            ],
            [
              -72.1010719,
              43.781686
            ],
            [
              -72.1010887,
              43.7817087
            ],
            [
              -72.1011133,
              43.7817538
            ],
            [
              -72.101134,
              43.7817781
            ],
            [
              -72.1011459,
              43.7817989
            ],
            [
              -72.101188,
              43.781844
            ],
            [
              -72.1011961,
              43.7818547
            ],
            [
              -72.1012086,
              43.7818892
            ],
            [
              -72.1012198,
              43.7819343
            ],
            [
              -72.1012276,
              43.7819794
            ],
            [
              -72.1012306,
              43.7820245
            ],
            [
              -72.1012359,
              43.7820696
            ],
            [
              -72.1012436,
              43.7821148
            ],
            [
              -72.1012392,
              43.7821599
            ],
            [
              -72.1012398,
              43.782205
            ],
            [
              -72.1012573,
              43.7822501
            ],
            [
              -72.1012582,
              43.7822573
            ],
            [
              -72.101275,
              43.7822952
            ],
            [
              -72.1013203,
              43.7823228
            ],
            [
              -72.1013614,
              43.7823404
            ],
            [
              -72.1013824,
              43.7823485
            ],
            [
              -72.1014434,
              43.7823855
            ],
            [
              -72.1014445,
              43.7823866
            ],
            [
              -72.1014662,
              43.7824306
            ],
            [
              -72.101482,
              43.7824757
            ],
            [
              -72.1014964,
              43.7825208
            ],
            [
              -72.1015066,
              43.7825615
            ],
            [
              -72.1015074,
              43.7825659
            ],
            [
              -72.1015066,
              43.7825759
            ],
            [
              -72.1015037,
              43.7826111
            ],
            [
              -72.1015066,
              43.7826468
            ],
            [
              -72.1015076,
              43.7826562
            ],
            [
              -72.1015153,
              43.7827013
            ],
            [
              -72.1015112,
              43.7827464
            ],
            [
              -72.101539,
              43.7827915
            ],
            [
              -72.1015601,
              43.7828367
            ],
            [
              -72.1015688,
              43.78286
            ],
            [
              -72.1015729,
              43.7828818
            ],
            [
              -72.1015733,
              43.7829269
            ],
            [
              -72.1015786,
              43.782972
            ],
            [
              -72.1015841,
              43.7830171
            ],
            [
              -72.1015906,
              43.7830623
            ],
            [
              -72.10159,
              43.7831074
            ],
            [
              -72.1015788,
              43.7831525
            ],
            [
              -72.1015688,
              43.7831936
            ],
            [
              -72.1015679,
              43.7831976
            ],
            [
              -72.1015419,
              43.7832427
            ],
            [
              -72.1015308,
              43.7832879
            ],
            [
              -72.1015122,
              43.783333
            ],
            [
              -72.1015337,
              43.7833781
            ],
            [
              -72.1015684,
              43.7834232
            ],
            [
              -72.1015688,
              43.7834238
            ],
            [
              -72.101596,
              43.7834683
            ],
            [
              -72.1016076,
              43.7835135
            ],
            [
              -72.1016185,
              43.7835586
            ],
            [
              -72.1016309,
              43.7835873
            ],
            [
              -72.1016534,
              43.7836037
            ],
            [
              -72.1016911,
              43.7836488
            ],
            [
              -72.101693,
              43.7836529
            ],
            [
              -72.1016998,
              43.7836939
            ],
            [
              -72.101693,
              43.7837171
            ],
            [
              -72.1016846,
              43.783739
            ],
            [
              -72.1016687,
              43.7837842
            ],
            [
              -72.1016547,
              43.7838293
            ],
            [
              -72.1016436,
              43.7838744
            ],
            [
              -72.1016309,
              43.7839055
            ],
            [
              -72.1016261,
              43.7839195
            ],
            [
              -72.1016186,
              43.7839646
            ],
            [
              -72.1016261,
              43.7840098
            ],
            [
              -72.1016309,
              43.7840271
            ],
            [
              -72.101693,
              43.7840374
            ],
            [
              -72.1017551,
              43.7840415
            ],
            [
              -72.1018172,
              43.784051
            ],
            [
              -72.101834,
              43.7840549
            ],
            [
              -72.1018793,
              43.7840638
            ],
            [
              -72.1019414,
              43.784084
            ],
            [
              -72.1019751,
              43.7841
            ],
            [
              -72.1020035,
              43.7841141
            ],
            [
              -72.1020485,
              43.7841451
            ],
            [
              -72.1020656,
              43.784159
            ],
            [
              -72.1020872,
              43.7841902
            ],
            [
              -72.1021015,
              43.7842354
            ],
            [
              -72.1021074,
              43.7842805
            ],
            [
              -72.1020989,
              43.7843256
            ],
            [
              -72.1020941,
              43.7843707
            ],
            [
              -72.102082,
              43.7844158
            ],
            [
              -72.1020656,
              43.7844519
            ],
            [
              -72.1020617,
              43.784461
            ],
            [
              -72.1020548,
              43.7845061
            ],
            [
              -72.1020656,
              43.7845292
            ],
            [
              -72.1021011,
              43.7845512
            ],
            [
              -72.1021277,
              43.7845635
            ],
            [
              -72.1021899,
              43.7845869
            ],
            [
              -72.1021973,
              43.7845963
            ],
            [
              -72.1022307,
              43.7846414
            ],
            [
              -72.102252,
              43.7846613
            ],
            [
              -72.102289,
              43.7846865
            ],
            [
              -72.1023141,
              43.7846966
            ],
            [
              -72.1023762,
              43.7847091
            ],
            [
              -72.1024383,
              43.7847076
            ],
            [
              -72.1025004,
              43.7847241
            ],
            [
              -72.1025625,
              43.7847298
            ],
            [
              -72.1026246,
              43.7847185
            ],
            [
              -72.1026867,
              43.7847095
            ],
            [
              -72.1027488,
              43.7847101
            ],
            [
              -72.1028109,
              43.7847134
            ],
            [
              -72.1028731,
              43.784696
            ],
            [
              -72.1029282,
              43.7847317
            ],
            [
              -72.1029352,
              43.784737
            ],
            [
              -72.1029973,
              43.7847416
            ],
            [
              -72.1030594,
              43.7847553
            ],
            [
              -72.1031215,
              43.7847729
            ],
            [
              -72.1031283,
              43.7847768
            ],
            [
              -72.1031836,
              43.7848068
            ],
            [
              -72.1032049,
              43.7848219
            ],
            [
              -72.1032457,
              43.784851
            ],
            [
              -72.1032684,
              43.784867
            ],
            [
              -72.1033078,
              43.7848986
            ],
            [
              -72.1033201,
              43.7849121
            ],
            [
              -72.1033639,
              43.7849573
            ],
            [
              -72.1033699,
              43.7849617
            ],
            [
              -72.1034158,
              43.7850024
            ],
            [
              -72.103432,
              43.7850183
            ],
            [
              -72.1034941,
              43.7850401
            ],
            [
              -72.1035054,
              43.7850475
            ],
            [
              -72.1035563,
              43.7850739
            ],
            [
              -72.1035839,
              43.7850926
            ],
            [
              -72.1036184,
              43.7851144
            ],
            [
              -72.1036593,
              43.7851377
            ],
            [
              -72.1036805,
              43.785149
            ],
            [
              -72.1037426,
              43.7851786
            ],
            [
              -72.1037521,
              43.7851829
            ],
            [
              -72.1038047,
              43.785215
            ],
            [
              -72.1038203,
              43.785228
            ],
            [
              -72.1038502,
              43.7852731
            ],
            [
              -72.1038668,
              43.7852983
            ],
            [
              -72.1038746,
              43.7853182
            ],
            [
              -72.1038853,
              43.7853633
            ],
            [
              -72.1038895,
              43.7854085
            ],
            [
              -72.1038936,
              43.7854536
            ],
            [
              -72.1039,
              43.7854987
            ],
            [
              -72.1039043,
              43.7855438
            ],
            [
              -72.1039064,
              43.7855889
            ],
            [
              -72.1039021,
              43.7856341
            ],
            [
              -72.1038994,
              43.7856792
            ],
            [
              -72.1038997,
              43.7857243
            ],
            [
              -72.1038946,
              43.7857694
            ],
            [
              -72.1038892,
              43.7858145
            ],
            [
              -72.1038812,
              43.7858596
            ],
            [
              -72.103877,
              43.7859048
            ],
            [
              -72.1038772,
              43.7859499
            ],
            [
              -72.1038689,
              43.785995
            ],
            [
              -72.1038766,
              43.7860401
            ],
            [
              -72.1038853,
              43.7860852
            ],
            [
              -72.1038961,
              43.7861304
            ],
            [
              -72.1039289,
              43.7861669
            ],
            [
              -72.1039372,
              43.7861755
            ],
            [
              -72.103991,
              43.7862149
            ],
            [
              -72.1040097,
              43.7862206
            ],
            [
              -72.1040531,
              43.786258
            ],
            [
              -72.1041152,
              43.7862468
            ],
            [
              -72.1041774,
              43.786222
            ],
            [
              -72.1041853,
              43.7862206
            ],
            [
              -72.1042395,
              43.7862146
            ],
            [
              -72.1043016,
              43.7861989
            ],
            [
              -72.1043637,
              43.7861864
            ],
            [
              -72.1044092,
              43.7861755
            ],
            [
              -72.1044258,
              43.7861719
            ],
            [
              -72.1044879,
              43.7861612
            ],
            [
              -72.10455,
              43.78615
            ],
            [
              -72.1045977,
              43.7861304
            ],
            [
              -72.1046121,
              43.7861241
            ],
            [
              -72.1046742,
              43.7860964
            ],
            [
              -72.1046896,
              43.7860852
            ],
            [
              -72.1047216,
              43.7860401
            ],
            [
              -72.1047363,
              43.7860238
            ],
            [
              -72.1047984,
              43.7860064
            ],
            [
              -72.1048606,
              43.7860022
            ],
            [
              -72.1049227,
              43.7860046
            ],
            [
              -72.1049517,
              43.785995
            ],
            [
              -72.1049848,
              43.7859802
            ],
            [
              -72.1050345,
              43.7859499
            ],
            [
              -72.1050469,
              43.7859415
            ],
            [
              -72.105109,
              43.7859073
            ],
            [
              -72.1051201,
              43.7859048
            ],
            [
              -72.1051711,
              43.7858935
            ],
            [
              -72.1052332,
              43.7858663
            ],
            [
              -72.1052848,
              43.7858596
            ],
            [
              -72.1052953,
              43.7858583
            ],
            [
              -72.1053574,
              43.7858462
            ],
            [
              -72.1053959,
              43.7858596
            ],
            [
              -72.1054195,
              43.7858677
            ],
            [
              -72.1054817,
              43.7858732
            ],
            [
              -72.1055438,
              43.7858801
            ],
            [
              -72.1056059,
              43.7858783
            ],
            [
              -72.105668,
              43.7858752
            ],
            [
              -72.1057243,
              43.7858596
            ],
            [
              -72.1057301,
              43.7858581
            ],
            [
              -72.1057922,
              43.7858439
            ],
            [
              -72.1058543,
              43.7858165
            ],
            [
              -72.1058572,
              43.7858145
            ],
            [
              -72.1059164,
              43.7857784
            ],
            [
              -72.1059692,
              43.7857694
            ],
            [
              -72.1059785,
              43.785767
            ],
            [
              -72.1060319,
              43.7857243
            ],
            [
              -72.1060406,
              43.7857202
            ],
            [
              -72.1061027,
              43.7856917
            ],
            [
              -72.1061649,
              43.7856852
            ],
            [
              -72.1061857,
              43.7856792
            ],
            [
              -72.106227,
              43.7856682
            ],
            [
              -72.1062891,
              43.785654
            ],
            [
              -72.1063512,
              43.7856428
            ],
            [
              -72.1064133,
              43.7856359
            ],
            [
              -72.1064159,
              43.7856341
            ],
            [
              -72.1064642,
              43.7855889
            ],
            [
              -72.1064754,
              43.7855801
            ],
            [
              -72.1065191,
              43.7855438
            ],
            [
              -72.1065375,
              43.7855273
            ],
            [
              -72.1065996,
              43.785513
            ],
            [
              -72.1066617,
              43.7855047
            ],
            [
              -72.1066773,
              43.7854987
            ],
            [
              -72.1067238,
              43.7854829
            ],
            [
              -72.106786,
              43.7854567
            ],
            [
              -72.1067975,
              43.7854536
            ],
            [
              -72.1068481,
              43.7854424
            ],
            [
              -72.1069102,
              43.7854296
            ],
            [
              -72.1069723,
              43.7854258
            ],
            [
              -72.1070287,
              43.7854085
            ],
            [
              -72.1070344,
              43.7854072
            ],
            [
              -72.1070965,
              43.7853912
            ],
            [
              -72.1071586,
              43.7853835
            ],
            [
              -72.1072207,
              43.7853813
            ],
            [
              -72.1072828,
              43.7853816
            ],
            [
              -72.1073449,
              43.7853781
            ],
            [
              -72.107407,
              43.7853798
            ],
            [
              -72.1074692,
              43.785388
            ],
            [
              -72.1075,
              43.7853909
            ]
          ],
          [
            [
              -72.0857,
              43.7902175
            ],
            [
              -72.0857308,
              43.7902121
            ],
            [
              -72.085793,
              43.7902258
            ],
            [
              -72.0858551,
              43.7902352
            ],
            [
              -72.0858892,
              43.7901911
            ],
            [
              -72.0859172,
              43.7901551
            ],
            [
              -72.0859237,
              43.790146
            ],
            [
              -72.0859793,
              43.7901184
            ],
            [
              -72.0860002,
              43.7901009
            ],
            [
              -72.0860414,
              43.7900867
            ],
            [
              -72.0860869,
              43.7900557
            ],
            [
              -72.0860732,
              43.7900106
            ],
            [
              -72.0860821,
              43.7899655
            ],
            [
              -72.0861003,
              43.7899204
            ],
            [
              -72.0861035,
              43.7899143
            ],
            [
              -72.0861476,
              43.7898753
            ],
            [
              -72.0861656,
              43.7898651
            ],
            [
              -72.0862277,
              43.7898313
            ],
            [
              -72.0862295,
              43.7898301
            ],
            [
              -72.0862898,
              43.789787
            ],
            [
              -72.0862951,
              43.789785
            ],
            [
              -72.0863519,
              43.7897689
            ],
            [
              -72.086414,
              43.7897512
            ],
            [
              -72.0864424,
              43.7897399
            ],
            [
              -72.0864762,
              43.7897278
            ],
            [
              -72.0865383,
              43.7897144
            ],
            [
              -72.0866004,
              43.7896959
            ],
            [
              -72.0866053,
              43.7896948
            ],
            [
              -72.0866625,
              43.7896783
            ],
            [
              -72.0867246,
              43.7896633
            ],
            [
              -72.0867656,
              43.7896497
            ],
            [
              -72.0867867,
              43.7896409
            ],
            [
              -72.0868488,
              43.7896176
            ],
            [
              -72.0869109,
              43.7896156
            ],
            [
              -72.0869607,
              43.7896045
            ],
            [
              -72.086973,
              43.7896005
            ],
            [
              -72.0870351,
              43.7895739
            ],
            [
              -72.0870532,
              43.7895594
            ],
            [
              -72.0870973,
              43.7895323
            ],
            [
              -72.087127,
              43.7895143
            ],
            [
              -72.0871594,
              43.789498
            ],
            [
              -72.0872108,
              43.7894692
            ],
            [
              -72.0872215,
              43.7894612
            ],
            [
              -72.0872623,
              43.7894241
            ],
            [
              -72.0872836,
              43.7894016
            ],
            [
              -72.0873061,
              43.7893789
            ],
            [
              -72.0873457,
              43.7893408
            ],
            [
              -72.0873854,
              43.7893338
            ],
            [
              -72.0874078,
              43.7893316
            ],
            [
              -72.0874447,
              43.7893338
            ],
            [
              -72.0874699,
              43.7893354
            ],
            [
              -72.087532,
              43.7893354
            ],
            [
              -72.0875385,
              43.7893338
            ],
            [
              -72.0875941,
              43.7893203
            ],
            [
              -72.0876562,
              43.789324
            ],
            [
              -72.0877183,
              43.7893236
            ],
            [
              -72.0877805,
              43.7893123
            ],
            [
              -72.0878426,
              43.7893046
            ],
            [
              -72.0879047,
              43.789296
            ],
            [
              -72.087931,
              43.7892887
            ],
            [
              -72.0879668,
              43.7892796
            ],
            [
              -72.0880289,
              43.7892751
            ],
            [
              -72.088091,
              43.7892717
            ],
            [
              -72.0881531,
              43.7892603
            ],
            [
              -72.088203,
              43.7892436
            ],
            [
              -72.0882152,
              43.7892369
            ],
            [
              -72.0882773,
              43.7892037
            ],
            [
              -72.0883394,
              43.7892034
            ],
            [
              -72.0883593,
              43.7891985
            ],
            [
              -72.0884016,
              43.7891906
            ],
            [
              -72.0884637,
              43.7891693
            ],
            [
              -72.0885258,
              43.7891745
            ],
            [
              -72.0885872,
              43.7891533
            ],
            [
              -72.0885879,
              43.7891531
            ],
            [
              -72.08865,
              43.7891156
            ],
            [
              -72.0886729,
              43.7891082
            ],
            [
              -72.0887121,
              43.7890977
            ],
            [
              -72.0887742,
              43.7890732
            ],
            [
              -72.0887901,
              43.7890631
            ],
            [
              -72.0888363,
              43.7890356
            ],
            [
              -72.0888762,
              43.789018
            ],
            [
              -72.0888984,
              43.7890067
            ],
            [
              -72.0889517,
              43.7889729
            ],
            [
              -72.0889605,
              43.7889666
            ],
            [
              -72.0890226,
              43.7889327
            ],
            [
              -72.0890458,
              43.7889278
            ],
            [
              -72.0890848,
              43.7889187
            ],
            [
              -72.0891469,
              43.7889028
            ],
            [
              -72.089209,
              43.7889032
            ],
            [
              -72.0892711,
              43.7889023
            ],
            [
              -72.0893332,
              43.7888994
            ],
            [
              -72.0893838,
              43.7888826
            ],
            [
              -72.0893953,
              43.7888782
            ],
            [
              -72.0894574,
              43.7888591
            ],
            [
              -72.0895134,
              43.7888375
            ],
            [
              -72.0895195,
              43.7888345
            ],
            [
              -72.0895816,
              43.7888055
            ],
            [
              -72.089627,
              43.7887924
            ],
            [
              -72.0896437,
              43.7887865
            ],
            [
              -72.0897059,
              43.7887689
            ],
            [
              -72.089768,
              43.7887535
            ],
            [
              -72.0898301,
              43.7887522
            ],
            [
              -72.0898738,
              43.7887473
            ],
            [
              -72.0898922,
              43.7887454
            ],
            [
              -72.0899543,
              43.7887428
            ],
            [
              -72.0900164,
              43.788732
            ],
            [
              -72.0900785,
              43.7887048
            ],
            [
              -72.0901406,
              43.7887052
            ],
            [
              -72.0902027,
              43.7887058
            ],
            [
              -72.0902648,
              43.7887053
            ],
            [
              -72.0902864,
              43.7887022
            ],
            [
              -72.0903269,
              43.7886959
            ],
            [
              -72.0903891,
              43.7886943
            ],
            [
              -72.0904512,
              43.7887002
            ],
            [
              -72.0905133,
              43.7887003
            ],
            [
              -72.0905754,
              43.7887019
            ],
            [
              -72.0906375,
              43.7886863
            ],
            [
              -72.0906996,
              43.7886659
            ],
            [
              -72.0907486,
              43.788657
            ],
            [
              -72.0907617,
              43.7886525
            ],
            [
              -72.0908238,
              43.7886215
            ],
            [
              -72.0908311,
              43.7886119
            ],
            [
              -72.0908558,
              43.7885668
            ],
            [
              -72.0908859,
              43.7885478
            ],
            [
              -72.090948,
              43.7885254
            ],
            [
              -72.0909773,
              43.7885217
            ],
            [
              -72.0910101,
              43.7885188
            ],
            [
              -72.0910723,
              43.7885171
            ],
            [
              -72.0911344,
              43.7885004
            ],
            [
              -72.0911965,
              43.7884877
            ],
            [
              -72.0912262,
              43.7884766
            ],
            [
              -72.0912586,
              43.7884601
            ],
            [
              -72.0913161,
              43.7884314
            ],
            [
              -72.0913207,
              43.788429
            ],
            [
              -72.0913828,
              43.7883886
            ],
            [
              -72.0913911,
              43.7883863
            ],
            [
              -72.0914449,
              43.7883758
            ],
            [
              -72.091507,
              43.788372
            ],
            [
              -72.0915691,
              43.7883535
            ],
            [
              -72.0915919,
              43.7883412
            ],
            [
              -72.0916312,
              43.7883115
            ],
            [
              -72.0916567,
              43.7882961
            ],
            [
              -72.0916934,
              43.7882792
            ],
            [
              -72.0917555,
              43.7882582
            ],
            [
              -72.0917729,
              43.788251
            ],
            [
              -72.0918176,
              43.7882342
            ],
            [
              -72.0918797,
              43.7882077
            ],
            [
              -72.0918834,
              43.7882058
            ],
            [
              -72.0919418,
              43.7881858
            ],
            [
              -72.0919985,
              43.7881607
            ],
            [
              -72.0920039,
              43.7881578
            ],
            [
              -72.092066,
              43.7881323
            ],
            [
              -72.0921162,
              43.7881156
            ],
            [
              -72.0921281,
              43.7881108
            ],
            [
              -72.0921902,
              43.788092
            ],
            [
              -72.0922287,
              43.7880705
            ],
            [
              -72.0922523,
              43.7880587
            ],
            [
              -72.0923144,
              43.7880321
            ],
            [
              -72.092327,
              43.7880254
            ],
            [
              -72.0923766,
              43.7879951
            ],
            [
              -72.0923966,
              43.7879802
            ],
            [
              -72.0924387,
              43.7879455
            ],
            [
              -72.0924494,
              43.7879351
            ],
            [
              -72.0925008,
              43.7878942
            ],
            [
              -72.092506,
              43.78789
            ],
            [
              -72.0925479,
              43.7878449
            ],
            [
              -72.0925629,
              43.7878287
            ],
            [
              -72.0925875,
              43.7877998
            ],
            [
              -72.092625,
              43.7877627
            ],
            [
              -72.092631,
              43.7877547
            ],
            [
              -72.0926665,
              43.7877095
            ],
            [
              -72.0926871,
              43.7876806
            ],
            [
              -72.0926983,
              43.7876644
            ],
            [
              -72.0927337,
              43.7876193
            ],
            [
              -72.0927492,
              43.787605
            ],
            [
              -72.0927976,
              43.7875742
            ],
            [
              -72.0928113,
              43.7875662
            ],
            [
              -72.0928734,
              43.7875339
            ],
            [
              -72.0928787,
              43.7875291
            ],
            [
              -72.0929307,
              43.7874839
            ],
            [
              -72.0929355,
              43.7874788
            ],
            [
              -72.0929578,
              43.7874388
            ],
            [
              -72.0929732,
              43.7873937
            ],
            [
              -72.0929801,
              43.7873486
            ],
            [
              -72.0929893,
              43.7873035
            ],
            [
              -72.0929977,
              43.7872878
            ],
            [
              -72.0930598,
              43.7872603
            ],
            [
              -72.093071,
              43.7872583
            ],
            [
              -72.0931219,
              43.7872505
            ],
            [
              -72.093184,
              43.7872366
            ],
            [
              -72.0932461,
              43.7872452
            ],
            [
              -72.0932922,
              43.7872583
            ],
            [
              -72.0933082,
              43.7872619
            ],
            [
              -72.0933703,
              43.7872652
            ],
            [
              -72.0934004,
              43.7872583
            ],
            [
              -72.0934324,
              43.787246
            ],
            [
              -72.0934945,
              43.787238
            ],
            [
              -72.0935566,
              43.7872447
            ],
            [
              -72.0936048,
              43.7872583
            ],
            [
              -72.0936187,
              43.7872626
            ],
            [
              -72.0936809,
              43.7872841
            ],
            [
              -72.093743,
              43.7872943
            ],
            [
              -72.0938051,
              43.7872941
            ],
            [
              -72.0938672,
              43.7872744
            ],
            [
              -72.0938915,
              43.7872583
            ],
            [
              -72.0939293,
              43.7872294
            ],
            [
              -72.0939546,
              43.7872132
            ],
            [
              -72.0939914,
              43.7871871
            ],
            [
              -72.0940414,
              43.7871681
            ],
            [
              -72.0940535,
              43.7871623
            ],
            [
              -72.0940888,
              43.787123
            ],
            [
              -72.0941156,
              43.7870931
            ],
            [
              -72.0941233,
              43.7870779
            ],
            [
              -72.0941259,
              43.7870327
            ],
            [
              -72.0941338,
              43.7869876
            ],
            [
              -72.0941475,
              43.7869425
            ],
            [
              -72.0941552,
              43.7868974
            ],
            [
              -72.0941777,
              43.7868634
            ],
            [
              -72.094187,
              43.7868523
            ],
            [
              -72.094231,
              43.7868072
            ],
            [
              -72.0942398,
              43.7867967
            ],
            [
              -72.0942582,
              43.786762
            ],
            [
              -72.0942788,
              43.7867169
            ],
            [
              -72.094302,
              43.786688
            ],
            [
              -72.0943248,
              43.7866718
            ],
            [
              -72.0943542,
              43.7866267
            ],
            [
              -72.0943595,
              43.7865816
            ],
            [
              -72.0943641,
              43.7865681
            ],
            [
              -72.0943729,
              43.7865364
            ],
            [
              -72.0943841,
              43.7864913
            ],
            [
              -72.0943954,
              43.7864462
            ],
            [
              -72.0944159,
              43.7864011
            ],
            [
              -72.0944262,
              43.7863775
            ],
            [
              -72.09444,
              43.786356
            ],
            [
              -72.0944676,
              43.7863108
            ],
            [
              -72.0944883,
              43.7862918
            ],
            [
              -72.0945108,
              43.7862657
            ],
            [
              -72.0945504,
              43.7862268
            ],
            [
              -72.0945564,
              43.7862206
            ],
            [
              -72.0945808,
              43.7861755
            ],
            [
              -72.094596,
              43.7861304
            ],
            [
              -72.094587,
              43.7860852
            ],
            [
              -72.0945633,
              43.7860401
            ],
            [
              -72.0945569,
              43.785995
            ],
            [
              -72.0945681,
              43.7859499
            ],
            [
              -72.0945948,
              43.7859048
            ],
            [
              -72.0945951,
              43.7858596
            ],
            [
              -72.094573,
              43.7858145
            ],
            [
              -72.0945504,
              43.7857892
            ],
            [
              -72.0945329,
              43.7857694
            ],
            [
              -72.0945207,
              43.7857243
            ],
            [
              -72.0945208,
              43.7856792
            ],
            [
              -72.0945064,
              43.7856341
            ],
            [
              -72.0944903,
              43.7855889
            ],
            [
              -72.0944883,
              43.7855813
            ],
            [
              -72.0944787,
              43.7855438
            ],
            [
              -72.0944656,
              43.7854987
            ],
            [
              -72.0944406,
              43.7854536
            ],
            [
              -72.0944262,
              43.785432
            ],
            [
              -72.0944119,
              43.7854085
            ],
            [
              -72.0943911,
              43.7853633
            ],
            [
              -72.0943821,
              43.7853182
            ],
            [
              -72.0943745,
              43.7852731
            ],
            [
              -72.0943694,
              43.785228
            ],
            [
              -72.0943731,
              43.7851829
            ],
            [
              -72.0943641,
              43.7851559
            ],
            [
              -72.0943595,
              43.7851377
            ],
            [
              -72.0943372,
              43.7850926
            ],
            [
              -72.0943193,
              43.7850475
            ],
            [
              -72.0943101,
              43.7850024
            ],
            [
              -72.0943313,
              43.7849573
            ],
            [
              -72.0943449,
              43.7849121
            ],
            [
              -72.0943408,
              43.784867
            ],
            [
              -72.0943305,
              43.7848219
            ],
            [
              -72.0943184,
              43.7847768
            ],
            [
              -72.094302,
              43.7847435
            ],
            [
              -72.0942956,
              43.7847317
            ],
            [
              -72.094273,
              43.7846865
            ],
            [
              -72.0942751,
              43.7846414
            ],
            [
              -72.0942769,
              43.7845963
            ],
            [
              -72.094252,
              43.7845512
            ],
            [
              -72.0942398,
              43.7845281
            ],
            [
              -72.094228,
              43.7845061
            ],
            [
              -72.0942186,
              43.784461
            ],
            [
              -72.0942102,
              43.7844158
            ],
            [
              -72.0942036,
              43.7843707
            ],
            [
              -72.0942006,
              43.7843256
            ],
            [
              -72.0942092,
              43.7842805
            ],
            [
              -72.0942265,
              43.7842354
            ],
            [
              -72.0942166,
              43.7841902
            ],
            [
              -72.0941922,
              43.7841451
            ],
            [
              -72.0941777,
              43.784132
            ],
            [
              -72.0941394,
              43.7841
            ],
            [
              -72.0941156,
              43.7840762
            ],
            [
              -72.0940973,
              43.7840549
            ],
            [
              -72.094097,
              43.7840098
            ],
            [
              -72.094064,
              43.7839646
            ],
            [
              -72.0940535,
              43.7839492
            ],
            [
              -72.0940343,
              43.7839195
            ],
            [
              -72.094012,
              43.7838744
            ],
            [
              -72.0939914,
              43.7838344
            ],
            [
              -72.0939876,
              43.7838293
            ],
            [
              -72.0939578,
              43.7837842
            ],
            [
              -72.0939293,
              43.7837413
            ],
            [
              -72.0939274,
              43.783739
            ],
            [
              -72.0939293,
              43.7837361
            ],
            [
              -72.0939678,
              43.7836939
            ],
            [
              -72.0939435,
              43.7836488
            ],
            [
              -72.0939293,
              43.7836302
            ],
            [
              -72.0939035,
              43.7836037
            ],
            [
              -72.0938672,
              43.7835801
            ],
            [
              -72.0938241,
              43.7835586
            ],
            [
              -72.0938051,
              43.7835179
            ],
            [
              -72.0938042,
              43.7835135
            ],
            [
              -72.0938027,
              43.7834683
            ],
            [
              -72.0938011,
              43.7834232
            ],
            [
              -72.0937937,
              43.7833781
            ],
            [
              -72.0937896,
              43.783333
            ],
            [
              -72.0937954,
              43.7832879
            ],
            [
              -72.093757,
              43.7832427
            ],
            [
              -72.093743,
              43.7832172
            ],
            [
              -72.0937337,
              43.7831976
            ],
            [
              -72.0936984,
              43.7831525
            ],
            [
              -72.0936809,
              43.7831251
            ],
            [
              -72.0936707,
              43.7831074
            ],
            [
              -72.0936479,
              43.7830623
            ],
            [
              -72.0936629,
              43.7830171
            ],
            [
              -72.0936637,
              43.782972
            ],
            [
              -72.0936558,
              43.7829269
            ],
            [
              -72.0936616,
              43.7828818
            ],
            [
              -72.0936724,
              43.7828367
            ],
            [
              -72.0936715,
              43.7827915
            ],
            [
              -72.0936774,
              43.7827464
            ],
            [
              -72.0936809,
              43.7827241
            ],
            [
              -72.0936864,
              43.7827013
            ],
            [
              -72.0936895,
              43.7826562
            ],
            [
              -72.0936809,
              43.78265
            ],
            [
              -72.093651,
              43.7826111
            ],
            [
              -72.0936385,
              43.7825659
            ],
            [
              -72.0936187,
              43.78254
            ],
            [
              -72.0936038,
              43.7825208
            ],
            [
              -72.093563,
              43.7824757
            ],
            [
              -72.0935566,
              43.7824679
            ],
            [
              -72.0935398,
              43.7824306
            ],
            [
              -72.0935338,
              43.7823855
            ],
            [
              -72.0935412,
              43.7823404
            ],
            [
              -72.0935247,
              43.7822952
            ],
            [
              -72.0935041,
              43.7822501
            ],
            [
              -72.0935117,
              43.782205
            ],
            [
              -72.0934963,
              43.7821599
            ],
            [
              -72.0934945,
              43.7821494
            ],
            [
              -72.0934909,
              43.7821148
            ],
            [
              -72.0934836,
              43.7820696
            ],
            [
              -72.0934536,
              43.7820245
            ],
            [
              -72.0934324,
              43.781997
            ],
            [
              -72.0934005,
              43.7819794
            ],
            [
              -72.0933703,
              43.7819618
            ],
            [
              -72.0933513,
              43.7819343
            ],
            [
              -72.0933243,
              43.7818892
            ],
            [
              -72.0933082,
              43.7818684
            ],
            [
              -72.0932913,
              43.781844
            ],
            [
              -72.0932588,
              43.7817989
            ],
            [
              -72.0932461,
              43.7817589
            ],
            [
              -72.0932443,
              43.7817538
            ],
            [
              -72.0932164,
              43.7817087
            ],
            [
              -72.093184,
              43.7816661
            ],
            [
              -72.0931819,
              43.7816636
            ],
            [
              -72.0931312,
              43.7816184
            ],
            [
              -72.0931219,
              43.7816056
            ],
            [
              -72.0931074,
              43.7815733
            ],
            [
              -72.0930886,
              43.7815282
            ],
            [
              -72.0930653,
              43.7814831
            ],
            [
              -72.0930598,
              43.7814667
            ],
            [
              -72.0930505,
              43.781438
            ],
            [
              -72.0930452,
              43.7813928
            ],
            [
              -72.0930507,
              43.7813477
            ],
            [
              -72.093057,
              43.7813026
            ],
            [
              -72.0930598,
              43.7812972
            ],
            [
              -72.0930958,
              43.7812575
            ],
            [
              -72.0931219,
              43.7812237
            ],
            [
              -72.0931276,
              43.7812124
            ],
            [
              -72.0931448,
              43.7811673
            ],
            [
              -72.093184,
              43.7811226
            ],
            [
              -72.0931844,
              43.7811221
            ],
            [
              -72.0932019,
              43.781077
            ],
            [
              -72.0931961,
              43.7810319
            ],
            [
              -72.093184,
              43.781
            ],
            [
              -72.0931721,
              43.7809868
            ],
            [
              -72.0931257,
              43.7809417
            ],
            [
              -72.0931219,
              43.780935
            ],
            [
              -72.0930998,
              43.7808965
            ],
            [
              -72.0930939,
              43.7808514
            ],
            [
              -72.0930917,
              43.7808063
            ],
            [
              -72.0931004,
              43.7807612
            ],
            [
              -72.0931079,
              43.7807161
            ],
            [
              -72.0931219,
              43.7806985
            ],
            [
              -72.0931401,
              43.7806709
            ],
            [
              -72.0931559,
              43.7806258
            ],
            [
              -72.0931577,
              43.7805807
            ],
            [
              -72.0931575,
              43.7805356
            ],
            [
              -72.0931442,
              43.7804905
            ],
            [
              -72.0931219,
              43.7804517
            ],
            [
              -72.0931179,
              43.7804453
            ],
            [
              -72.093113,
              43.7804002
            ],
            [
              -72.0931146,
              43.7803551
            ],
            [
              -72.0931034,
              43.78031
            ],
            [
              -72.0930598,
              43.7802715
            ],
            [
              -72.0930548,
              43.7802649
            ],
            [
              -72.0930325,
              43.7802198
            ],
            [
              -72.0930598,
              43.7801912
            ],
            [
              -72.0931219,
              43.7801831
            ],
            [
              -72.0931253,
              43.7801746
            ],
            [
              -72.0931219,
              43.7801635
            ],
            [
              -72.0931074,
              43.7801295
            ],
            [
              -72.0930858,
              43.7800844
            ],
            [
              -72.0930598,
              43.7800636
            ],
            [
              -72.0930094,
              43.7800393
            ],
            [
              -72.0929977,
              43.7800318
            ],
            [
              -72.0929355,
              43.7800052
            ],
            [
              -72.0928734,
              43.7800035
            ],
            [
              -72.0928113,
              43.7800015
            ],
            [
              -72.0927811,
              43.7799942
            ],
            [
              -72.0927492,
              43.7799805
            ],
            [
              -72.0926871,
              43.7799527
            ],
            [
              -72.0926837,
              43.779949
            ],
            [
              -72.092625,
              43.7799098
            ],
            [
              -72.0926108,
              43.7799039
            ],
            [
              -72.0925694,
              43.7798588
            ],
            [
              -72.0925629,
              43.7798535
            ],
            [
              -72.0925286,
              43.7798137
            ],
            [
              -72.0925008,
              43.7797872
            ],
            [
              -72.0924786,
              43.7797686
            ],
            [
              -72.0924387,
              43.7797249
            ],
            [
              -72.0924371,
              43.7797234
            ],
            [
              -72.0924215,
              43.7796783
            ],
            [
              -72.0924051,
              43.7796332
            ],
            [
              -72.0924387,
              43.7796036
            ],
            [
              -72.0924488,
              43.7795881
            ],
            [
              -72.0925008,
              43.7795492
            ],
            [
              -72.0925115,
              43.779543
            ],
            [
              -72.0925629,
              43.7795087
            ],
            [
              -72.0925756,
              43.7794978
            ],
            [
              -72.092587,
              43.7794527
            ],
            [
              -72.0925689,
              43.7794076
            ],
            [
              -72.0925629,
              43.779396
            ],
            [
              -72.0925257,
              43.7793625
            ],
            [
              -72.0925008,
              43.7793503
            ],
            [
              -72.0924533,
              43.7793174
            ],
            [
              -72.0924387,
              43.7793115
            ],
            [
              -72.0923766,
              43.7792852
            ],
            [
              -72.0923402,
              43.7792722
            ],
            [
              -72.0923144,
              43.7792604
            ],
            [
              -72.0922762,
              43.7792271
            ],
            [
              -72.0922523,
              43.7792151
            ],
            [
              -72.0921902,
              43.7792113
            ],
            [
              -72.0921281,
              43.779196
            ],
            [
              -72.0920899,
              43.779182
            ],
            [
              -72.092066,
              43.7791678
            ],
            [
              -72.0920039,
              43.7791398
            ],
            [
              -72.0919968,
              43.7791369
            ],
            [
              -72.0919418,
              43.7790983
            ],
            [
              -72.0919353,
              43.7790918
            ],
            [
              -72.0918865,
              43.7790467
            ],
            [
              -72.0918797,
              43.779043
            ],
            [
              -72.0918176,
              43.7790219
            ],
            [
              -72.0917718,
              43.7790015
            ],
            [
              -72.0917555,
              43.778991
            ],
            [
              -72.0917039,
              43.7789564
            ],
            [
              -72.0916934,
              43.7789526
            ],
            [
              -72.0916312,
              43.778917
            ],
            [
              -72.0916231,
              43.7789113
            ],
            [
              -72.0915791,
              43.7788662
            ],
            [
              -72.0915691,
              43.7788595
            ],
            [
              -72.091529,
              43.7788211
            ],
            [
              -72.091507,
              43.7788076
            ],
            [
              -72.0914449,
              43.7787794
            ],
            [
              -72.091441,
              43.7787759
            ],
            [
              -72.0913946,
              43.7787308
            ],
            [
              -72.0913828,
              43.7787228
            ],
            [
              -72.0913207,
              43.7786931
            ],
            [
              -72.0913014,
              43.7786857
            ],
            [
              -72.0912586,
              43.7786689
            ],
            [
              -72.0911965,
              43.7786461
            ],
            [
              -72.0911836,
              43.7786406
            ],
            [
              -72.0911344,
              43.7786275
            ],
            [
              -72.0910723,
              43.7786233
            ],
            [
              -72.0910101,
              43.7786162
            ],
            [
              -72.090948,
              43.7786008
            ],
            [
              -72.0909328,
              43.7785955
            ],
            [
              -72.0908859,
              43.7785769
            ],
            [
              -72.0908741,
              43.7785503
            ],
            [
              -72.0908544,
              43.7785052
            ],
            [
              -72.0908238,
              43.7784692
            ],
            [
              -72.0908139,
              43.7784601
            ],
            [
              -72.0907849,
              43.778415
            ],
            [
              -72.0907617,
              43.7783945
            ],
            [
              -72.0907209,
              43.7783699
            ],
            [
              -72.0906996,
              43.7783591
            ],
            [
              -72.0906375,
              43.7783432
            ],
            [
              -72.0905788,
              43.7783247
            ],
            [
              -72.0905754,
              43.7783224
            ],
            [
              -72.0905368,
              43.7782796
            ],
            [
              -72.0905133,
              43.7782637
            ],
            [
              -72.0904512,
              43.7782448
            ],
            [
              -72.0903891,
              43.778235
            ],
            [
              -72.0903865,
              43.7782345
            ],
            [
              -72.0903337,
              43.7781894
            ],
            [
              -72.0903269,
              43.7781749
            ],
            [
              -72.0903089,
              43.7781443
            ],
            [
              -72.0902648,
              43.7781096
            ],
            [
              -72.0902554,
              43.7780991
            ],
            [
              -72.0902027,
              43.7780711
            ],
            [
              -72.0901638,
              43.778054
            ],
            [
              -72.0901406,
              43.7780281
            ],
            [
              -72.0901146,
              43.7780089
            ],
            [
              -72.0900996,
              43.7779638
            ],
            [
              -72.0901406,
              43.7779482
            ],
            [
              -72.0902027,
              43.7779403
            ],
            [
              -72.0902648,
              43.777941
            ],
            [
              -72.0903269,
              43.7779452
            ],
            [
              -72.0903891,
              43.7779457
            ],
            [
              -72.0904512,
              43.7779518
            ],
            [
              -72.0905133,
              43.7779418
            ],
            [
              -72.0905299,
              43.7779187
            ],
            [
              -72.0905754,
              43.7778853
            ],
            [
              -72.090597,
              43.7778736
            ],
            [
              -72.0906375,
              43.777835
            ],
            [
              -72.0906493,
              43.7778284
            ],
            [
              -72.0906996,
              43.7777976
            ],
            [
              -72.0907617,
              43.7777944
            ],
            [
              -72.0908238,
              43.7777982
            ],
            [
              -72.0908859,
              43.7777874
            ],
            [
              -72.090897,
              43.7777833
            ],
            [
              -72.090948,
              43.7777411
            ],
            [
              -72.0909502,
              43.7777382
            ],
            [
              -72.0910034,
              43.7776931
            ],
            [
              -72.0910101,
              43.7776866
            ],
            [
              -72.0910723,
              43.7776633
            ],
            [
              -72.0910973,
              43.777648
            ],
            [
              -72.0911344,
              43.7776314
            ],
            [
              -72.0911728,
              43.7776028
            ],
            [
              -72.0911962,
              43.7775577
            ],
            [
              -72.0911965,
              43.7775573
            ],
            [
              -72.0912158,
              43.7775126
            ],
            [
              -72.0911965,
              43.7774822
            ],
            [
              -72.0911855,
              43.7774675
            ],
            [
              -72.0911755,
              43.7774224
            ],
            [
              -72.0911965,
              43.7774009
            ],
            [
              -72.0911972,
              43.7774
            ]
          ]
        ]
      }
    },
    {
      "type": "Feature",
      "id": "contour/440m",
      "properties": {
        "elevation_m": 440,
        "is_index": false
      },
      "geometry": {
        "type": "MultiLineString",
        "coordinates": [
          [
            [
              -72.1023926,
              43.7774
            ],
            [
              -72.102394,
              43.7774224
            ],
            [
              -72.1024383,
              43.777462
            ],
            [
              -72.1024475,
              43.7774675
            ],
            [
              -72.1025004,
              43.7775015
            ],
            [
              -72.1025079,
              43.7775126
            ],
            [
              -72.102524,
              43.7775577
            ],
            [
              -72.1025271,
              43.7776028
            ],
            [
              -72.1025521,
              43.777648
            ],
            [
              -72.1025537,
              43.7776931
            ],
            [
              -72.1025458,
              43.7777382
            ],
            [
              -72.1025375,
              43.7777833
            ],
            [
              -72.1025368,
              43.7778284
            ],
            [
              -72.1025356,
              43.7778736
            ],
            [
              -72.102531,
              43.7779187
            ],
            [
              -72.1025294,
              43.7779638
            ],
            [
              -72.1025173,
              43.7780089
            ],
            [
              -72.1025121,
              43.778054
            ],
            [
              -72.1025237,
              43.7780991
            ],
            [
              -72.1025169,
              43.7781443
            ],
            [
              -72.1025004,
              43.7781889
            ],
            [
              -72.1025002,
              43.7781894
            ],
            [
              -72.102476,
              43.7782345
            ],
            [
              -72.1024533,
              43.7782796
            ],
            [
              -72.1024383,
              43.7783029
            ],
            [
              -72.1024247,
              43.7783247
            ],
            [
              -72.1024078,
              43.7783699
            ],
            [
              -72.1023899,
              43.778415
            ],
            [
              -72.1023789,
              43.7784601
            ],
            [
              -72.1023762,
              43.7784699
            ],
            [
              -72.102365,
              43.7785052
            ],
            [
              -72.1023482,
              43.7785503
            ],
            [
              -72.1023287,
              43.7785955
            ],
            [
              -72.1023187,
              43.7786406
            ],
            [
              -72.1023141,
              43.7786532
            ],
            [
              -72.102301,
              43.7786857
            ],
            [
              -72.1022831,
              43.7787308
            ],
            [
              -72.1022641,
              43.7787759
            ],
            [
              -72.102252,
              43.7788107
            ],
            [
              -72.102248,
              43.7788211
            ],
            [
              -72.1022311,
              43.7788662
            ],
            [
              -72.1022193,
              43.7789113
            ],
            [
              -72.1022071,
              43.7789564
            ],
            [
              -72.1022079,
              43.7790015
            ],
            [
              -72.1022105,
              43.7790467
            ],
            [
              -72.1022034,
              43.7790918
            ],
            [
              -72.1021908,
              43.7791369
            ],
            [
              -72.1021899,
              43.7791396
            ],
            [
              -72.1021625,
              43.779182
            ],
            [
              -72.102139,
              43.7792271
            ],
            [
              -72.1021277,
              43.7792715
            ],
            [
              -72.1021272,
              43.7792722
            ],
            [
              -72.1020959,
              43.7793174
            ],
            [
              -72.1020693,
              43.7793625
            ],
            [
              -72.1020656,
              43.7793745
            ],
            [
              -72.1020486,
              43.7794076
            ],
            [
              -72.1020283,
              43.7794527
            ],
            [
              -72.1020197,
              43.7794978
            ],
            [
              -72.1020102,
              43.779543
            ],
            [
              -72.1020075,
              43.7795881
            ],
            [
              -72.1020035,
              43.7795956
            ],
            [
              -72.1019636,
              43.7796332
            ],
            [
              -72.1019481,
              43.7796783
            ],
            [
              -72.1019414,
              43.779684
            ],
            [
              -72.1018929,
              43.7797234
            ],
            [
              -72.1018793,
              43.7797372
            ],
            [
              -72.1018412,
              43.7797686
            ],
            [
              -72.1018172,
              43.7797915
            ],
            [
              -72.1017949,
              43.7798137
            ],
            [
              -72.1017607,
              43.7798588
            ],
            [
              -72.1017551,
              43.7798685
            ],
            [
              -72.101739,
              43.7799039
            ],
            [
              -72.1017142,
              43.779949
            ],
            [
              -72.1017043,
              43.7799942
            ],
            [
              -72.1016945,
              43.7800393
            ],
            [
              -72.101693,
              43.7800414
            ],
            [
              -72.1016647,
              43.7800844
            ],
            [
              -72.1016604,
              43.7801295
            ],
            [
              -72.1016704,
              43.7801746
            ],
            [
              -72.1016562,
              43.7802198
            ],
            [
              -72.1016478,
              43.7802649
            ],
            [
              -72.1016591,
              43.78031
            ],
            [
              -72.1016703,
              43.7803551
            ],
            [
              -72.1016325,
              43.7804002
            ],
            [
              -72.1016309,
              43.7804025
            ],
            [
              -72.1015688,
              43.7804358
            ],
            [
              -72.1015628,
              43.7804453
            ],
            [
              -72.1015351,
              43.7804905
            ],
            [
              -72.1015221,
              43.7805356
            ],
            [
              -72.1015066,
              43.7805501
            ],
            [
              -72.1014806,
              43.7805807
            ],
            [
              -72.1014723,
              43.7806258
            ],
            [
              -72.1014445,
              43.7806487
            ],
            [
              -72.101425,
              43.7806709
            ],
            [
              -72.1014201,
              43.7807161
            ],
            [
              -72.1013824,
              43.7807607
            ],
            [
              -72.1013821,
              43.7807612
            ],
            [
              -72.1013731,
              43.7808063
            ],
            [
              -72.1013721,
              43.7808514
            ],
            [
              -72.1013652,
              43.7808965
            ],
            [
              -72.1013203,
              43.7809347
            ],
            [
              -72.1013138,
              43.7809417
            ],
            [
              -72.1013145,
              43.7809868
            ],
            [
              -72.1013203,
              43.780996
            ],
            [
              -72.1013645,
              43.7810319
            ],
            [
              -72.1013824,
              43.7810514
            ],
            [
              -72.1014151,
              43.781077
            ],
            [
              -72.1014445,
              43.7811061
            ],
            [
              -72.101468,
              43.7811221
            ],
            [
              -72.1015066,
              43.7811636
            ],
            [
              -72.1015102,
              43.7811673
            ],
            [
              -72.1015397,
              43.7812124
            ],
            [
              -72.1015598,
              43.7812575
            ],
            [
              -72.1015592,
              43.7813026
            ],
            [
              -72.1015559,
              43.7813477
            ],
            [
              -72.1015518,
              43.7813928
            ],
            [
              -72.1015495,
              43.781438
            ],
            [
              -72.1015579,
              43.7814831
            ],
            [
              -72.1015629,
              43.7815282
            ],
            [
              -72.1015688,
              43.7815678
            ],
            [
              -72.1015694,
              43.7815733
            ],
            [
              -72.1015695,
              43.7816184
            ],
            [
              -72.1015733,
              43.7816636
            ],
            [
              -72.1015712,
              43.7817087
            ],
            [
              -72.1015771,
              43.7817538
            ],
            [
              -72.1015857,
              43.7817989
            ],
            [
              -72.1016309,
              43.7818158
            ],
            [
              -72.101693,
              43.7818317
            ],
            [
              -72.1017191,
              43.781844
            ],
            [
              -72.1017551,
              43.7818635
            ],
            [
              -72.1017722,
              43.7818892
            ],
            [
              -72.1017797,
              43.7819343
            ],
            [
              -72.1017874,
              43.7819794
            ],
            [
              -72.1017936,
              43.7820245
            ],
            [
              -72.1018005,
              43.7820696
            ],
            [
              -72.1018132,
              43.7821148
            ],
            [
              -72.1018172,
              43.7821252
            ],
            [
              -72.1018292,
              43.7821599
            ],
            [
              -72.1018317,
              43.782205
            ],
            [
              -72.1018361,
              43.7822501
            ],
            [
              -72.1018335,
              43.7822952
            ],
            [
              -72.1018319,
              43.7823404
            ],
            [
              -72.1018358,
              43.7823855
            ],
            [
              -72.1018392,
              43.7824306
            ],
            [
              -72.1018414,
              43.7824757
            ],
            [
              -72.1018431,
              43.7825208
            ],
            [
              -72.1018473,
              43.7825659
            ],
            [
              -72.1018506,
              43.7826111
            ],
            [
              -72.1018495,
              43.7826562
            ],
            [
              -72.1018508,
              43.7827013
            ],
            [
              -72.1018507,
              43.7827464
            ],
            [
              -72.1018413,
              43.7827915
            ],
            [
              -72.1018292,
              43.7828367
            ],
            [
              -72.1018172,
              43.7828586
            ],
            [
              -72.1018018,
              43.7828818
            ],
            [
              -72.1017856,
              43.7829269
            ],
            [
              -72.1017711,
              43.782972
            ],
            [
              -72.1017551,
              43.7830008
            ],
            [
              -72.1017506,
              43.7830171
            ],
            [
              -72.1017518,
              43.7830623
            ],
            [
              -72.1017551,
              43.7830858
            ],
            [
              -72.1017619,
              43.7831074
            ],
            [
              -72.1017806,
              43.7831525
            ],
            [
              -72.1017917,
              43.7831976
            ],
            [
              -72.101808,
              43.7832427
            ],
            [
              -72.1018172,
              43.7832576
            ],
            [
              -72.1018459,
              43.7832879
            ],
            [
              -72.1018793,
              43.7833227
            ],
            [
              -72.1018931,
              43.783333
            ],
            [
              -72.1019414,
              43.7833732
            ],
            [
              -72.1019596,
              43.7833781
            ],
            [
              -72.1020035,
              43.7833915
            ],
            [
              -72.1020656,
              43.7834103
            ],
            [
              -72.1020974,
              43.7834232
            ],
            [
              -72.1021277,
              43.7834345
            ],
            [
              -72.1021899,
              43.7834641
            ],
            [
              -72.1021966,
              43.7834683
            ],
            [
              -72.102252,
              43.7835053
            ],
            [
              -72.1022644,
              43.7835135
            ],
            [
              -72.1023141,
              43.7835455
            ],
            [
              -72.1023386,
              43.7835586
            ],
            [
              -72.1023762,
              43.783577
            ],
            [
              -72.1024043,
              43.7836037
            ],
            [
              -72.1024379,
              43.7836488
            ],
            [
              -72.1024383,
              43.7836493
            ],
            [
              -72.1024799,
              43.7836939
            ],
            [
              -72.1025004,
              43.7837092
            ],
            [
              -72.1025494,
              43.783739
            ],
            [
              -72.1025597,
              43.7837842
            ],
            [
              -72.1025482,
              43.7838293
            ],
            [
              -72.1025476,
              43.7838744
            ],
            [
              -72.1025499,
              43.7839195
            ],
            [
              -72.1025625,
              43.7839567
            ],
            [
              -72.1026246,
              43.7839595
            ],
            [
              -72.1026427,
              43.7839646
            ],
            [
              -72.1026867,
              43.783979
            ],
            [
              -72.1027468,
              43.7840098
            ],
            [
              -72.1027488,
              43.784011
            ],
            [
              -72.1028109,
              43.784045
            ],
            [
              -72.1028731,
              43.7840304
            ],
            [
              -72.1029352,
              43.784027
            ],
            [
              -72.1029973,
              43.7840208
            ],
            [
              -72.1030384,
              43.7840098
            ],
            [
              -72.1030594,
              43.7840048
            ],
            [
              -72.1031215,
              43.7840076
            ],
            [
              -72.1031225,
              43.7840098
            ],
            [
              -72.1031499,
              43.7840549
            ],
            [
              -72.1031777,
              43.7841
            ],
            [
              -72.1031836,
              43.7841065
            ],
            [
              -72.1032457,
              43.7841371
            ],
            [
              -72.1033078,
              43.7841414
            ],
            [
              -72.1033573,
              43.7841451
            ],
            [
              -72.1033699,
              43.7841461
            ],
            [
              -72.103432,
              43.7841531
            ],
            [
              -72.1034941,
              43.7841695
            ],
            [
              -72.1035563,
              43.7841894
            ],
            [
              -72.1035585,
              43.7841902
            ],
            [
              -72.1036184,
              43.7842217
            ],
            [
              -72.1036361,
              43.7842354
            ],
            [
              -72.1036805,
              43.7842702
            ],
            [
              -72.1036912,
              43.7842805
            ],
            [
              -72.1037406,
              43.7843256
            ],
            [
              -72.1037426,
              43.7843271
            ],
            [
              -72.1037778,
              43.7843707
            ],
            [
              -72.1038047,
              43.7844014
            ],
            [
              -72.1038183,
              43.7844158
            ],
            [
              -72.1038549,
              43.784461
            ],
            [
              -72.1038668,
              43.7844749
            ],
            [
              -72.1038925,
              43.7845061
            ],
            [
              -72.1039229,
              43.7845512
            ],
            [
              -72.1039289,
              43.7845595
            ],
            [
              -72.1039775,
              43.7845963
            ],
            [
              -72.103991,
              43.7846056
            ],
            [
              -72.1040531,
              43.7846363
            ],
            [
              -72.1040564,
              43.7846414
            ],
            [
              -72.1040661,
              43.7846865
            ],
            [
              -72.1040623,
              43.7847317
            ],
            [
              -72.1040579,
              43.7847768
            ],
            [
              -72.1040771,
              43.7848219
            ],
            [
              -72.1041101,
              43.784867
            ],
            [
              -72.1041152,
              43.784874
            ],
            [
              -72.1041774,
              43.7849041
            ],
            [
              -72.1042032,
              43.7849121
            ],
            [
              -72.1042395,
              43.7849239
            ],
            [
              -72.1042966,
              43.7849573
            ],
            [
              -72.1043016,
              43.7849611
            ],
            [
              -72.1043167,
              43.7850024
            ],
            [
              -72.1043279,
              43.7850475
            ],
            [
              -72.1043336,
              43.7850926
            ],
            [
              -72.1043584,
              43.7851377
            ],
            [
              -72.1043637,
              43.7851428
            ],
            [
              -72.1044121,
              43.7851829
            ],
            [
              -72.1044258,
              43.7852061
            ],
            [
              -72.1044563,
              43.785228
            ],
            [
              -72.1044879,
              43.7852352
            ],
            [
              -72.1045038,
              43.785228
            ],
            [
              -72.10455,
              43.785208
            ],
            [
              -72.1046121,
              43.7851839
            ],
            [
              -72.1046151,
              43.7851829
            ],
            [
              -72.1046742,
              43.7851625
            ],
            [
              -72.1047363,
              43.7851657
            ],
            [
              -72.1047984,
              43.7851612
            ],
            [
              -72.1048409,
              43.7851377
            ],
            [
              -72.1048606,
              43.7851209
            ],
            [
              -72.1048917,
              43.7850926
            ],
            [
              -72.1049227,
              43.7850776
            ],
            [
              -72.1049848,
              43.7850594
            ],
            [
              -72.1050469,
              43.7850553
            ],
            [
              -72.1050731,
              43.7850475
            ],
            [
              -72.105109,
              43.7850385
            ],
            [
              -72.1051711,
              43.7850136
            ],
            [
              -72.1052122,
              43.7850024
            ],
            [
              -72.1052332,
              43.7849976
            ],
            [
              -72.1052953,
              43.7849874
            ],
            [
              -72.1053574,
              43.7849643
            ],
            [
              -72.1053822,
              43.7849573
            ],
            [
              -72.1054195,
              43.784946
            ],
            [
              -72.1054566,
              43.7849121
            ],
            [
              -72.1054817,
              43.7848923
            ],
            [
              -72.105514,
              43.784867
            ],
            [
              -72.1055438,
              43.7848439
            ],
            [
              -72.1056059,
              43.7848253
            ],
            [
              -72.1056187,
              43.7848219
            ],
            [
              -72.105668,
              43.7848026
            ],
            [
              -72.1057301,
              43.7847782
            ],
            [
              -72.1057325,
              43.7847768
            ],
            [
              -72.1057922,
              43.7847333
            ],
            [
              -72.1057986,
              43.7847317
            ],
            [
              -72.1058543,
              43.7847163
            ],
            [
              -72.1059016,
              43.7846865
            ],
            [
              -72.1059164,
              43.7846783
            ],
            [
              -72.1059785,
              43.7846555
            ],
            [
              -72.106009,
              43.7846414
            ],
            [
              -72.1060406,
              43.7846308
            ],
            [
              -72.1060958,
              43.7845963
            ],
            [
              -72.1061027,
              43.7845925
            ],
            [
              -72.1061621,
              43.7845512
            ],
            [
              -72.1061649,
              43.7845493
            ],
            [
              -72.106227,
              43.7845159
            ],
            [
              -72.1062707,
              43.7845061
            ],
            [
              -72.1062891,
              43.7845021
            ],
            [
              -72.1063512,
              43.7844864
            ],
            [
              -72.1064006,
              43.784461
            ],
            [
              -72.1064133,
              43.7844538
            ],
            [
              -72.1064681,
              43.7844158
            ],
            [
              -72.1064754,
              43.7844099
            ],
            [
              -72.1065375,
              43.7843867
            ],
            [
              -72.1065996,
              43.7843866
            ],
            [
              -72.1066617,
              43.7843867
            ],
            [
              -72.1067238,
              43.7843977
            ],
            [
              -72.106786,
              43.7843987
            ],
            [
              -72.1068481,
              43.784406
            ],
            [
              -72.1069102,
              43.7843801
            ],
            [
              -72.1069706,
              43.7843707
            ],
            [
              -72.1069723,
              43.7843704
            ],
            [
              -72.1070344,
              43.7843491
            ],
            [
              -72.1070585,
              43.7843256
            ],
            [
              -72.1070965,
              43.7843127
            ],
            [
              -72.107149,
              43.7842805
            ],
            [
              -72.1071586,
              43.784273
            ],
            [
              -72.1072067,
              43.7842354
            ],
            [
              -72.1072207,
              43.7842246
            ],
            [
              -72.1072748,
              43.7841902
            ],
            [
              -72.1072828,
              43.7841856
            ],
            [
              -72.1073449,
              43.784188
            ],
            [
              -72.107407,
              43.7841828
            ],
            [
              -72.1074692,
              43.7841891
            ],
            [
              -72.1075,
              43.7841881
            ]
          ],
          [
            [
              -72.0857,
              43.7890665
            ],
            [
              -72.0857164,
              43.7890631
            ],
            [
              -72.0857308,
              43.7890589
            ],
            [
              -72.085793,
              43.7890502
            ],
            [
              -72.0858355,
              43.789018
            ],
            [
              -72.0858551,
              43.7890019
            ],
            [
              -72.0859172,
              43.7890045
            ],
            [
              -72.0859793,
              43.7889864
            ],
            [
              -72.0860414,
              43.7889951
            ],
            [
              -72.0861035,
              43.7889999
            ],
            [
              -72.0861656,
              43.7890001
            ],
            [
              -72.0862277,
              43.7889919
            ],
            [
              -72.086275,
              43.7889729
            ],
            [
              -72.0862898,
              43.7889672
            ],
            [
              -72.0863519,
              43.7889503
            ],
            [
              -72.086414,
              43.7889403
            ],
            [
              -72.0864762,
              43.7889419
            ],
            [
              -72.0865383,
              43.7889303
            ],
            [
              -72.0865544,
              43.7889278
            ],
            [
              -72.0866004,
              43.7889216
            ],
            [
              -72.0866625,
              43.7889097
            ],
            [
              -72.0867246,
              43.7888905
            ],
            [
              -72.0867387,
              43.7888826
            ],
            [
              -72.0867867,
              43.7888401
            ],
            [
              -72.0867945,
              43.7888375
            ],
            [
              -72.0868488,
              43.7888212
            ],
            [
              -72.0869109,
              43.7888104
            ],
            [
              -72.086973,
              43.7887935
            ],
            [
              -72.0870351,
              43.7887953
            ],
            [
              -72.0870973,
              43.7887937
            ],
            [
              -72.0871058,
              43.7887924
            ],
            [
              -72.0871594,
              43.7887804
            ],
            [
              -72.0872215,
              43.7887597
            ],
            [
              -72.0872626,
              43.7887473
            ],
            [
              -72.0872836,
              43.7887397
            ],
            [
              -72.0873457,
              43.7887406
            ],
            [
              -72.0874078,
              43.7887388
            ],
            [
              -72.0874699,
              43.7887196
            ],
            [
              -72.0875159,
              43.7887022
            ],
            [
              -72.087532,
              43.788697
            ],
            [
              -72.0875941,
              43.7886725
            ],
            [
              -72.0876272,
              43.788657
            ],
            [
              -72.0876562,
              43.7886502
            ],
            [
              -72.0877183,
              43.7886409
            ],
            [
              -72.0877805,
              43.7886239
            ],
            [
              -72.0878426,
              43.7886161
            ],
            [
              -72.0878657,
              43.7886119
            ],
            [
              -72.0879047,
              43.7886033
            ],
            [
              -72.0879668,
              43.7885761
            ],
            [
              -72.0879878,
              43.7885668
            ],
            [
              -72.0880289,
              43.7885483
            ],
            [
              -72.088091,
              43.7885334
            ],
            [
              -72.0881287,
              43.7885217
            ],
            [
              -72.0881531,
              43.7885142
            ],
            [
              -72.0882152,
              43.7884863
            ],
            [
              -72.0882413,
              43.7884766
            ],
            [
              -72.0882773,
              43.7884619
            ],
            [
              -72.0883394,
              43.7884552
            ],
            [
              -72.0884016,
              43.7884474
            ],
            [
              -72.0884637,
              43.7884484
            ],
            [
              -72.0885258,
              43.7884476
            ],
            [
              -72.0885879,
              43.7884413
            ],
            [
              -72.088633,
              43.7884314
            ],
            [
              -72.08865,
              43.7884281
            ],
            [
              -72.0887121,
              43.7884114
            ],
            [
              -72.0887686,
              43.7883863
            ],
            [
              -72.0887742,
              43.7883836
            ],
            [
              -72.0888363,
              43.788355
            ],
            [
              -72.0888715,
              43.7883412
            ],
            [
              -72.0888984,
              43.788329
            ],
            [
              -72.0889605,
              43.7883062
            ],
            [
              -72.0889946,
              43.7882961
            ],
            [
              -72.0890226,
              43.7882869
            ],
            [
              -72.0890848,
              43.7882648
            ],
            [
              -72.0891164,
              43.788251
            ],
            [
              -72.0891469,
              43.7882386
            ],
            [
              -72.089209,
              43.7882208
            ],
            [
              -72.0892596,
              43.7882058
            ],
            [
              -72.0892711,
              43.7882007
            ],
            [
              -72.0893332,
              43.788164
            ],
            [
              -72.0893388,
              43.7881607
            ],
            [
              -72.0893953,
              43.7881375
            ],
            [
              -72.0894574,
              43.7881305
            ],
            [
              -72.0895195,
              43.788124
            ],
            [
              -72.0895435,
              43.7881156
            ],
            [
              -72.0895816,
              43.7880982
            ],
            [
              -72.0896437,
              43.7880938
            ],
            [
              -72.0897059,
              43.7880848
            ],
            [
              -72.0897632,
              43.7880705
            ],
            [
              -72.089768,
              43.7880697
            ],
            [
              -72.0898301,
              43.7880667
            ],
            [
              -72.0898922,
              43.788049
            ],
            [
              -72.0899543,
              43.7880382
            ],
            [
              -72.0900164,
              43.7880486
            ],
            [
              -72.0900785,
              43.7880537
            ],
            [
              -72.0901406,
              43.7880565
            ],
            [
              -72.0902027,
              43.7880551
            ],
            [
              -72.0902648,
              43.7880697
            ],
            [
              -72.0902686,
              43.7880705
            ],
            [
              -72.0903269,
              43.7880846
            ],
            [
              -72.0903869,
              43.7880705
            ],
            [
              -72.0903891,
              43.7880699
            ],
            [
              -72.0904512,
              43.7880551
            ],
            [
              -72.0905133,
              43.7880425
            ],
            [
              -72.0905754,
              43.7880307
            ],
            [
              -72.090597,
              43.7880254
            ],
            [
              -72.0906339,
              43.7879802
            ],
            [
              -72.0906375,
              43.787978
            ],
            [
              -72.0906996,
              43.7879541
            ],
            [
              -72.0907617,
              43.7879399
            ],
            [
              -72.0907795,
              43.7879351
            ],
            [
              -72.0908238,
              43.7879268
            ],
            [
              -72.0908859,
              43.7879083
            ],
            [
              -72.0909264,
              43.78789
            ],
            [
              -72.090948,
              43.7878817
            ],
            [
              -72.0910101,
              43.7878559
            ],
            [
              -72.0910282,
              43.7878449
            ],
            [
              -72.0910723,
              43.7878104
            ],
            [
              -72.091096,
              43.7877998
            ],
            [
              -72.0911344,
              43.7877855
            ],
            [
              -72.0911965,
              43.7877721
            ],
            [
              -72.0912586,
              43.7877691
            ],
            [
              -72.0913102,
              43.7877547
            ],
            [
              -72.0913207,
              43.7877517
            ],
            [
              -72.0913828,
              43.7877278
            ],
            [
              -72.0914283,
              43.7877095
            ],
            [
              -72.0914449,
              43.7877002
            ],
            [
              -72.0914925,
              43.7876644
            ],
            [
              -72.091507,
              43.7876551
            ],
            [
              -72.0915691,
              43.787628
            ],
            [
              -72.0915852,
              43.7876193
            ],
            [
              -72.0916312,
              43.787586
            ],
            [
              -72.0916428,
              43.7875742
            ],
            [
              -72.0916805,
              43.7875291
            ],
            [
              -72.0916934,
              43.7875176
            ],
            [
              -72.0917555,
              43.7874884
            ],
            [
              -72.0917673,
              43.7874839
            ],
            [
              -72.0918176,
              43.7874669
            ],
            [
              -72.0918747,
              43.7874388
            ],
            [
              -72.0918797,
              43.7874359
            ],
            [
              -72.0919375,
              43.7873937
            ],
            [
              -72.0919418,
              43.7873905
            ],
            [
              -72.0919847,
              43.7873486
            ],
            [
              -72.0920039,
              43.7873311
            ],
            [
              -72.0920414,
              43.7873035
            ],
            [
              -72.092066,
              43.7872789
            ],
            [
              -72.0920878,
              43.7872583
            ],
            [
              -72.0921281,
              43.7872227
            ],
            [
              -72.0921375,
              43.7872132
            ],
            [
              -72.0921816,
              43.7871681
            ],
            [
              -72.0921902,
              43.7871612
            ],
            [
              -72.0922377,
              43.787123
            ],
            [
              -72.0922523,
              43.7871089
            ],
            [
              -72.0922907,
              43.7870779
            ],
            [
              -72.0922925,
              43.7870327
            ],
            [
              -72.0923045,
              43.7869876
            ],
            [
              -72.0923143,
              43.7869425
            ],
            [
              -72.0923144,
              43.7869419
            ],
            [
              -72.0923323,
              43.7868974
            ],
            [
              -72.0923564,
              43.7868523
            ],
            [
              -72.0923766,
              43.7868192
            ],
            [
              -72.0923832,
              43.7868072
            ],
            [
              -72.0924382,
              43.786762
            ],
            [
              -72.0924387,
              43.7867618
            ],
            [
              -72.0925008,
              43.7867233
            ],
            [
              -72.0925469,
              43.7867169
            ],
            [
              -72.0925629,
              43.7867097
            ],
            [
              -72.092611,
              43.7866718
            ],
            [
              -72.092625,
              43.7866653
            ],
            [
              -72.0926871,
              43.7866511
            ],
            [
              -72.0927492,
              43.7866485
            ],
            [
              -72.0928113,
              43.7866434
            ],
            [
              -72.0928734,
              43.7866358
            ],
            [
              -72.0929355,
              43.7866318
            ],
            [
              -72.0929977,
              43.7866326
            ],
            [
              -72.0930598,
              43.7866431
            ],
            [
              -72.0931219,
              43.7866421
            ],
            [
              -72.0931785,
              43.7866267
            ],
            [
              -72.093184,
              43.7866254
            ],
            [
              -72.0932461,
              43.7866187
            ],
            [
              -72.0933082,
              43.786611
            ],
            [
              -72.0933703,
              43.786591
            ],
            [
              -72.0933981,
              43.7865816
            ],
            [
              -72.0934324,
              43.7865695
            ],
            [
              -72.0934945,
              43.7865453
            ],
            [
              -72.0935068,
              43.7865364
            ],
            [
              -72.0935401,
              43.7864913
            ],
            [
              -72.0935413,
              43.7864462
            ],
            [
              -72.0935282,
              43.7864011
            ],
            [
              -72.0935195,
              43.786356
            ],
            [
              -72.0935393,
              43.7863108
            ],
            [
              -72.0935566,
              43.7862903
            ],
            [
              -72.0935811,
              43.7862657
            ],
            [
              -72.0936187,
              43.7862434
            ],
            [
              -72.0936462,
              43.7862206
            ],
            [
              -72.0936528,
              43.7861755
            ],
            [
              -72.0936428,
              43.7861304
            ],
            [
              -72.0936394,
              43.7860852
            ],
            [
              -72.0936809,
              43.7860435
            ],
            [
              -72.0936851,
              43.7860401
            ],
            [
              -72.0937188,
              43.785995
            ],
            [
              -72.093743,
              43.7859637
            ],
            [
              -72.0937527,
              43.7859499
            ],
            [
              -72.0937731,
              43.7859048
            ],
            [
              -72.0937902,
              43.7858596
            ],
            [
              -72.0938051,
              43.7858172
            ],
            [
              -72.0938059,
              43.7858145
            ],
            [
              -72.0938244,
              43.7857694
            ],
            [
              -72.0938357,
              43.7857243
            ],
            [
              -72.0938296,
              43.7856792
            ],
            [
              -72.0938306,
              43.7856341
            ],
            [
              -72.0938506,
              43.7855889
            ],
            [
              -72.0938476,
              43.7855438
            ],
            [
              -72.0938389,
              43.7854987
            ],
            [
              -72.0938361,
              43.7854536
            ],
            [
              -72.093834,
              43.7854085
            ],
            [
              -72.0938672,
              43.7853749
            ],
            [
              -72.0938907,
              43.7853633
            ],
            [
              -72.0939283,
              43.7853182
            ],
            [
              -72.0939284,
              43.7852731
            ],
            [
              -72.0939243,
              43.785228
            ],
            [
              -72.0939293,
              43.7852203
            ],
            [
              -72.0939493,
              43.7851829
            ],
            [
              -72.093961,
              43.7851377
            ],
            [
              -72.0939435,
              43.7850926
            ],
            [
              -72.0939293,
              43.7850722
            ],
            [
              -72.0939093,
              43.7850475
            ],
            [
              -72.0938819,
              43.7850024
            ],
            [
              -72.0938672,
              43.7849822
            ],
            [
              -72.0938482,
              43.7849573
            ],
            [
              -72.0938143,
              43.7849121
            ],
            [
              -72.0938051,
              43.7848904
            ],
            [
              -72.0937937,
              43.784867
            ],
            [
              -72.0937816,
              43.7848219
            ],
            [
              -72.0937705,
              43.7847768
            ],
            [
              -72.0937449,
              43.7847317
            ],
            [
              -72.093743,
              43.7847295
            ],
            [
              -72.093707,
              43.7846865
            ],
            [
              -72.0936809,
              43.7846511
            ],
            [
              -72.0936738,
              43.7846414
            ],
            [
              -72.0936556,
              43.7845963
            ],
            [
              -72.0936356,
              43.7845512
            ],
            [
              -72.0936187,
              43.7845178
            ],
            [
              -72.0936123,
              43.7845061
            ],
            [
              -72.0935799,
              43.784461
            ],
            [
              -72.0935566,
              43.7844284
            ],
            [
              -72.0935463,
              43.7844158
            ],
            [
              -72.0935168,
              43.7843707
            ],
            [
              -72.093507,
              43.7843256
            ],
            [
              -72.0935111,
              43.7842805
            ],
            [
              -72.0935036,
              43.7842354
            ],
            [
              -72.0934985,
              43.7841902
            ],
            [
              -72.0935112,
              43.7841451
            ],
            [
              -72.093523,
              43.7841
            ],
            [
              -72.0934975,
              43.7840549
            ],
            [
              -72.0934945,
              43.7840508
            ],
            [
              -72.0934649,
              43.7840098
            ],
            [
              -72.0934324,
              43.7839757
            ],
            [
              -72.0934188,
              43.7839646
            ],
            [
              -72.0934324,
              43.7839263
            ],
            [
              -72.0934359,
              43.7839195
            ],
            [
              -72.0934348,
              43.7838744
            ],
            [
              -72.0934324,
              43.7838721
            ],
            [
              -72.0933703,
              43.7838358
            ],
            [
              -72.093359,
              43.7838293
            ],
            [
              -72.0933666,
              43.7837842
            ],
            [
              -72.0933635,
              43.783739
            ],
            [
              -72.0933349,
              43.7836939
            ],
            [
              -72.0933082,
              43.7836598
            ],
            [
              -72.093299,
              43.7836488
            ],
            [
              -72.0932677,
              43.7836037
            ],
            [
              -72.0932461,
              43.7835742
            ],
            [
              -72.0932351,
              43.7835586
            ],
            [
              -72.0932107,
              43.7835135
            ],
            [
              -72.0932023,
              43.7834683
            ],
            [
              -72.0932007,
              43.7834232
            ],
            [
              -72.0931987,
              43.7833781
            ],
            [
              -72.093184,
              43.7833406
            ],
            [
              -72.0931801,
              43.783333
            ],
            [
              -72.0931449,
              43.7832879
            ],
            [
              -72.0931219,
              43.783257
            ],
            [
              -72.0931119,
              43.7832427
            ],
            [
              -72.093082,
              43.7831976
            ],
            [
              -72.0930598,
              43.7831699
            ],
            [
              -72.0930444,
              43.7831525
            ],
            [
              -72.093034,
              43.7831074
            ],
            [
              -72.0930418,
              43.7830623
            ],
            [
              -72.0930417,
              43.7830171
            ],
            [
              -72.0930206,
              43.782972
            ],
            [
              -72.0930598,
              43.7829295
            ],
            [
              -72.0930681,
              43.7829269
            ],
            [
              -72.0931219,
              43.7829129
            ],
            [
              -72.0931759,
              43.7828818
            ],
            [
              -72.093184,
              43.7828723
            ],
            [
              -72.0932056,
              43.7828367
            ],
            [
              -72.0932007,
              43.7827915
            ],
            [
              -72.0932063,
              43.7827464
            ],
            [
              -72.0932102,
              43.7827013
            ],
            [
              -72.093191,
              43.7826562
            ],
            [
              -72.093184,
              43.7826424
            ],
            [
              -72.0931652,
              43.7826111
            ],
            [
              -72.0931352,
              43.7825659
            ],
            [
              -72.0931471,
              43.7825208
            ],
            [
              -72.0931758,
              43.7824757
            ],
            [
              -72.0931754,
              43.7824306
            ],
            [
              -72.093158,
              43.7823855
            ],
            [
              -72.0931409,
              43.7823404
            ],
            [
              -72.093133,
              43.7822952
            ],
            [
              -72.093184,
              43.7822738
            ],
            [
              -72.0932461,
              43.7822507
            ],
            [
              -72.0932467,
              43.7822501
            ],
            [
              -72.0932524,
              43.782205
            ],
            [
              -72.0932461,
              43.7821854
            ],
            [
              -72.0932334,
              43.7821599
            ],
            [
              -72.0932223,
              43.7821148
            ],
            [
              -72.0932224,
              43.7820696
            ],
            [
              -72.0932347,
              43.7820245
            ],
            [
              -72.0932115,
              43.7819794
            ],
            [
              -72.093184,
              43.781961
            ],
            [
              -72.0931498,
              43.7819343
            ],
            [
              -72.0931219,
              43.7818914
            ],
            [
              -72.0931195,
              43.7818892
            ],
            [
              -72.0930598,
              43.7818663
            ],
            [
              -72.0930292,
              43.781844
            ],
            [
              -72.0929988,
              43.7817989
            ],
            [
              -72.0929977,
              43.7817971
            ],
            [
              -72.0929437,
              43.7817538
            ],
            [
              -72.0929355,
              43.7817495
            ],
            [
              -72.0928734,
              43.7817196
            ],
            [
              -72.0928607,
              43.7817087
            ],
            [
              -72.0928365,
              43.7816636
            ],
            [
              -72.0928435,
              43.7816184
            ],
            [
              -72.0928113,
              43.7816044
            ],
            [
              -72.0927492,
              43.7815803
            ],
            [
              -72.092739,
              43.7815733
            ],
            [
              -72.0927254,
              43.7815282
            ],
            [
              -72.0926994,
              43.7814831
            ],
            [
              -72.0926871,
              43.7814632
            ],
            [
              -72.0926702,
              43.781438
            ],
            [
              -72.092625,
              43.7813928
            ],
            [
              -72.092625,
              43.7813928
            ],
            [
              -72.092585,
              43.7813477
            ],
            [
              -72.0925629,
              43.7813273
            ],
            [
              -72.0925421,
              43.7813026
            ],
            [
              -72.0925168,
              43.7812575
            ],
            [
              -72.0925008,
              43.7812452
            ],
            [
              -72.0924655,
              43.7812124
            ],
            [
              -72.0924387,
              43.7811719
            ],
            [
              -72.0924344,
              43.7811673
            ],
            [
              -72.0924091,
              43.7811221
            ],
            [
              -72.0923766,
              43.7810782
            ],
            [
              -72.0923757,
              43.781077
            ],
            [
              -72.0923669,
              43.7810319
            ],
            [
              -72.0923448,
              43.7809868
            ],
            [
              -72.0923359,
              43.7809417
            ],
            [
              -72.0923381,
              43.7808965
            ],
            [
              -72.0923144,
              43.7808562
            ],
            [
              -72.0923121,
              43.7808514
            ],
            [
              -72.0923076,
              43.7808063
            ],
            [
              -72.0923032,
              43.7807612
            ],
            [
              -72.0923144,
              43.7807504
            ],
            [
              -72.0923486,
              43.7807161
            ],
            [
              -72.0923581,
              43.7806709
            ],
            [
              -72.0923389,
              43.7806258
            ],
            [
              -72.0923257,
              43.7805807
            ],
            [
              -72.0923224,
              43.7805356
            ],
            [
              -72.0923265,
              43.7804905
            ],
            [
              -72.092332,
              43.7804453
            ],
            [
              -72.0923343,
              43.7804002
            ],
            [
              -72.0923144,
              43.7803633
            ],
            [
              -72.0923105,
              43.7803551
            ],
            [
              -72.0922839,
              43.78031
            ],
            [
              -72.0922692,
              43.7802649
            ],
            [
              -72.0922705,
              43.7802198
            ],
            [
              -72.0922823,
              43.7801746
            ],
            [
              -72.0922867,
              43.7801295
            ],
            [
              -72.0922879,
              43.7800844
            ],
            [
              -72.0922729,
              43.7800393
            ],
            [
              -72.0922586,
              43.7799942
            ],
            [
              -72.0922523,
              43.7799859
            ],
            [
              -72.0922226,
              43.779949
            ],
            [
              -72.0921902,
              43.7799056
            ],
            [
              -72.0921889,
              43.7799039
            ],
            [
              -72.0921733,
              43.7798588
            ],
            [
              -72.0921281,
              43.7798242
            ],
            [
              -72.0921223,
              43.7798137
            ],
            [
              -72.0920998,
              43.7797686
            ],
            [
              -72.0920784,
              43.7797234
            ],
            [
              -72.092066,
              43.7797208
            ],
            [
              -72.0920223,
              43.7796783
            ],
            [
              -72.0920039,
              43.7796585
            ],
            [
              -72.0919729,
              43.7796332
            ],
            [
              -72.0919744,
              43.7795881
            ],
            [
              -72.0919845,
              43.779543
            ],
            [
              -72.0919823,
              43.7794978
            ],
            [
              -72.0919599,
              43.7794527
            ],
            [
              -72.0919418,
              43.7794403
            ],
            [
              -72.0918797,
              43.7794216
            ],
            [
              -72.0918542,
              43.7794076
            ],
            [
              -72.0918176,
              43.7793954
            ],
            [
              -72.0917777,
              43.7793625
            ],
            [
              -72.0917678,
              43.7793174
            ],
            [
              -72.0917555,
              43.7793063
            ],
            [
              -72.0916934,
              43.7792799
            ],
            [
              -72.0916801,
              43.7792722
            ],
            [
              -72.0916312,
              43.7792516
            ],
            [
              -72.0915691,
              43.7792408
            ],
            [
              -72.0915298,
              43.7792271
            ],
            [
              -72.091507,
              43.7792119
            ],
            [
              -72.0914449,
              43.7791992
            ],
            [
              -72.0913828,
              43.7791899
            ],
            [
              -72.091359,
              43.779182
            ],
            [
              -72.0913207,
              43.7791565
            ],
            [
              -72.0912586,
              43.7791428
            ],
            [
              -72.0912388,
              43.7791369
            ],
            [
              -72.0911993,
              43.7790918
            ],
            [
              -72.0912094,
              43.7790467
            ],
            [
              -72.0912147,
              43.7790015
            ],
            [
              -72.0911965,
              43.779001
            ],
            [
              -72.0911344,
              43.7789997
            ],
            [
              -72.0910723,
              43.7789867
            ],
            [
              -72.0910309,
              43.7789564
            ],
            [
              -72.0910211,
              43.7789113
            ],
            [
              -72.0910427,
              43.7788662
            ],
            [
              -72.0910101,
              43.7788433
            ],
            [
              -72.090948,
              43.7788457
            ],
            [
              -72.0908859,
              43.7788471
            ],
            [
              -72.0908623,
              43.7788662
            ],
            [
              -72.0908423,
              43.7789113
            ],
            [
              -72.0908238,
              43.7789376
            ],
            [
              -72.0907617,
              43.7789517
            ],
            [
              -72.0906996,
              43.7789286
            ],
            [
              -72.0906802,
              43.7789113
            ],
            [
              -72.0906588,
              43.7788662
            ],
            [
              -72.0906546,
              43.7788211
            ],
            [
              -72.0906375,
              43.7787925
            ],
            [
              -72.090627,
              43.7787759
            ],
            [
              -72.0905927,
              43.7787308
            ],
            [
              -72.0905754,
              43.778708
            ],
            [
              -72.0905454,
              43.7786857
            ],
            [
              -72.0905206,
              43.7786406
            ],
            [
              -72.0905219,
              43.7785955
            ],
            [
              -72.0905133,
              43.7785707
            ],
            [
              -72.0905075,
              43.7785503
            ],
            [
              -72.0904512,
              43.7785113
            ],
            [
              -72.0904323,
              43.7785052
            ],
            [
              -72.0903891,
              43.7784851
            ],
            [
              -72.0903269,
              43.7784643
            ],
            [
              -72.0903185,
              43.7784601
            ],
            [
              -72.0902648,
              43.7784246
            ],
            [
              -72.0902371,
              43.778415
            ],
            [
              -72.0902027,
              43.7783948
            ],
            [
              -72.0901701,
              43.7783699
            ],
            [
              -72.0901406,
              43.7783422
            ],
            [
              -72.0901188,
              43.7783247
            ],
            [
              -72.0900895,
              43.7782796
            ],
            [
              -72.0900785,
              43.7782723
            ],
            [
              -72.0900433,
              43.7782345
            ],
            [
              -72.0900164,
              43.7781966
            ],
            [
              -72.0900007,
              43.7781894
            ],
            [
              -72.0899591,
              43.7781443
            ],
            [
              -72.0899543,
              43.7781417
            ],
            [
              -72.0898922,
              43.7781146
            ],
            [
              -72.0898687,
              43.7780991
            ],
            [
              -72.0898301,
              43.7780909
            ],
            [
              -72.089768,
              43.7780554
            ],
            [
              -72.0897666,
              43.778054
            ],
            [
              -72.0897059,
              43.7780331
            ],
            [
              -72.089671,
              43.7780089
            ],
            [
              -72.0896437,
              43.7779903
            ],
            [
              -72.0895816,
              43.7779705
            ],
            [
              -72.089571,
              43.7779638
            ],
            [
              -72.0895195,
              43.77792
            ],
            [
              -72.0895177,
              43.7779187
            ],
            [
              -72.0894574,
              43.7778737
            ],
            [
              -72.0894556,
              43.7778736
            ],
            [
              -72.0893953,
              43.7778676
            ],
            [
              -72.0893332,
              43.7778526
            ],
            [
              -72.089276,
              43.7778284
            ],
            [
              -72.0892711,
              43.7778263
            ],
            [
              -72.0892291,
              43.7777833
            ],
            [
              -72.089209,
              43.7777689
            ],
            [
              -72.0891469,
              43.7777445
            ],
            [
              -72.089129,
              43.7777382
            ],
            [
              -72.0890848,
              43.7777244
            ],
            [
              -72.0890226,
              43.7777002
            ],
            [
              -72.0889988,
              43.7776931
            ],
            [
              -72.0889605,
              43.7776756
            ],
            [
              -72.0889121,
              43.777648
            ],
            [
              -72.0888984,
              43.7776432
            ],
            [
              -72.0888426,
              43.7776028
            ],
            [
              -72.0888363,
              43.7775989
            ],
            [
              -72.0887742,
              43.7775887
            ],
            [
              -72.0887311,
              43.7775577
            ],
            [
              -72.0887121,
              43.7775491
            ],
            [
              -72.08865,
              43.7775473
            ],
            [
              -72.0885879,
              43.7775318
            ],
            [
              -72.088538,
              43.7775126
            ],
            [
              -72.0885258,
              43.7775036
            ],
            [
              -72.0884637,
              43.7774783
            ],
            [
              -72.0884534,
              43.7774675
            ],
            [
              -72.0884047,
              43.7774224
            ],
            [
              -72.0884016,
              43.7774205
            ],
            [
              -72.0883471,
              43.7774
            ]
          ]
        ]
      }
    },
    {
      "type": "Feature",
      "id": "contour/460m",
      "properties": {
        "elevation_m": 460,
        "is_index": false
      },
      "geometry": {
        "type": "MultiLineString",
        "coordinates": [
          [
            [
              -72.1029917,
              43.7774
            ],
            [
              -72.1029973,
              43.7774124
            ],
            [
              -72.1030005,
              43.7774224
            ],
            [
              -72.1029973,
              43.7774345
            ],
            [
              -72.1029884,
              43.7774675
            ],
            [
              -72.102994,
              43.7775126
            ],
            [
              -72.1029956,
              43.7775577
            ],
            [
              -72.1029973,
              43.7775643
            ],
            [
              -72.103006,
              43.7776028
            ],
            [
              -72.1030016,
              43.777648
            ],
            [
              -72.1029973,
              43.7776621
            ],
            [
              -72.1029865,
              43.7776931
            ],
            [
              -72.1029645,
              43.7777382
            ],
            [
              -72.1029446,
              43.7777833
            ],
            [
              -72.1029352,
              43.7778132
            ],
            [
              -72.1029302,
              43.7778284
            ],
            [
              -72.1029214,
              43.7778736
            ],
            [
              -72.1029079,
              43.7779187
            ],
            [
              -72.1028858,
              43.7779638
            ],
            [
              -72.1028804,
              43.7780089
            ],
            [
              -72.1028795,
              43.778054
            ],
            [
              -72.1028734,
              43.7780991
            ],
            [
              -72.1028731,
              43.7781004
            ],
            [
              -72.1028595,
              43.7781443
            ],
            [
              -72.1028417,
              43.7781894
            ],
            [
              -72.1028232,
              43.7782345
            ],
            [
              -72.1028113,
              43.7782796
            ],
            [
              -72.1028109,
              43.7782802
            ],
            [
              -72.1027847,
              43.7783247
            ],
            [
              -72.1027488,
              43.7783697
            ],
            [
              -72.1027487,
              43.7783699
            ],
            [
              -72.1027137,
              43.778415
            ],
            [
              -72.1026899,
              43.7784601
            ],
            [
              -72.1026867,
              43.778466
            ],
            [
              -72.1026662,
              43.7785052
            ],
            [
              -72.1026447,
              43.7785503
            ],
            [
              -72.1026369,
              43.7785955
            ],
            [
              -72.1026246,
              43.7786258
            ],
            [
              -72.1026177,
              43.7786406
            ],
            [
              -72.1025987,
              43.7786857
            ],
            [
              -72.1025708,
              43.7787308
            ],
            [
              -72.1025625,
              43.7787562
            ],
            [
              -72.1025504,
              43.7787759
            ],
            [
              -72.1025204,
              43.7788211
            ],
            [
              -72.1025004,
              43.778858
            ],
            [
              -72.1024936,
              43.7788662
            ],
            [
              -72.1024691,
              43.7789113
            ],
            [
              -72.1024418,
              43.7789564
            ],
            [
              -72.1024383,
              43.7789664
            ],
            [
              -72.1024094,
              43.7790015
            ],
            [
              -72.1023762,
              43.7790204
            ],
            [
              -72.1023553,
              43.7790467
            ],
            [
              -72.1023141,
              43.7790847
            ],
            [
              -72.1023069,
              43.7790918
            ],
            [
              -72.1022754,
              43.7791369
            ],
            [
              -72.102252,
              43.7791697
            ],
            [
              -72.1022455,
              43.779182
            ],
            [
              -72.1022285,
              43.7792271
            ],
            [
              -72.1022122,
              43.7792722
            ],
            [
              -72.1021899,
              43.7793115
            ],
            [
              -72.1021874,
              43.7793174
            ],
            [
              -72.1021899,
              43.7793317
            ],
            [
              -72.1021956,
              43.7793625
            ],
            [
              -72.1021899,
              43.7793708
            ],
            [
              -72.1021659,
              43.7794076
            ],
            [
              -72.1021487,
              43.7794527
            ],
            [
              -72.1021277,
              43.7794751
            ],
            [
              -72.1021084,
              43.7794978
            ],
            [
              -72.1020954,
              43.779543
            ],
            [
              -72.1020656,
              43.7795721
            ],
            [
              -72.1020496,
              43.7795881
            ],
            [
              -72.1020311,
              43.7796332
            ],
            [
              -72.1020035,
              43.7796562
            ],
            [
              -72.1019848,
              43.7796783
            ],
            [
              -72.1019414,
              43.7797155
            ],
            [
              -72.1019316,
              43.7797234
            ],
            [
              -72.1018984,
              43.7797686
            ],
            [
              -72.1018793,
              43.7797925
            ],
            [
              -72.1018634,
              43.7798137
            ],
            [
              -72.1018452,
              43.7798588
            ],
            [
              -72.1018245,
              43.7799039
            ],
            [
              -72.1018172,
              43.7799154
            ],
            [
              -72.1018028,
              43.779949
            ],
            [
              -72.1017846,
              43.7799942
            ],
            [
              -72.1017551,
              43.7800359
            ],
            [
              -72.1017546,
              43.7800393
            ],
            [
              -72.1017551,
              43.7800781
            ],
            [
              -72.1017571,
              43.7800844
            ],
            [
              -72.1018128,
              43.7801295
            ],
            [
              -72.1018172,
              43.7801614
            ],
            [
              -72.1018183,
              43.7801746
            ],
            [
              -72.1018284,
              43.7802198
            ],
            [
              -72.1018339,
              43.7802649
            ],
            [
              -72.1018513,
              43.78031
            ],
            [
              -72.1018793,
              43.7803401
            ],
            [
              -72.1018933,
              43.7803551
            ],
            [
              -72.1019312,
              43.7804002
            ],
            [
              -72.1019327,
              43.7804453
            ],
            [
              -72.1019402,
              43.7804905
            ],
            [
              -72.1019414,
              43.780494
            ],
            [
              -72.1019531,
              43.7805356
            ],
            [
              -72.1019605,
              43.7805807
            ],
            [
              -72.101969,
              43.7806258
            ],
            [
              -72.1019655,
              43.7806709
            ],
            [
              -72.1019668,
              43.7807161
            ],
            [
              -72.1019636,
              43.7807612
            ],
            [
              -72.1019583,
              43.7808063
            ],
            [
              -72.1019564,
              43.7808514
            ],
            [
              -72.1019614,
              43.7808965
            ],
            [
              -72.1019527,
              43.7809417
            ],
            [
              -72.1019414,
              43.7809584
            ],
            [
              -72.1019255,
              43.7809868
            ],
            [
              -72.1019177,
              43.7810319
            ],
            [
              -72.1019161,
              43.781077
            ],
            [
              -72.1019414,
              43.7811205
            ],
            [
              -72.1019478,
              43.7811221
            ],
            [
              -72.1020035,
              43.7811322
            ],
            [
              -72.1020656,
              43.7811533
            ],
            [
              -72.1020919,
              43.7811673
            ],
            [
              -72.1021277,
              43.7811957
            ],
            [
              -72.1021422,
              43.7812124
            ],
            [
              -72.1021722,
              43.7812575
            ],
            [
              -72.1021899,
              43.7812887
            ],
            [
              -72.1021939,
              43.7813026
            ],
            [
              -72.1022066,
              43.7813477
            ],
            [
              -72.102205,
              43.7813928
            ],
            [
              -72.1021899,
              43.7814286
            ],
            [
              -72.1021864,
              43.781438
            ],
            [
              -72.1021708,
              43.7814831
            ],
            [
              -72.1021662,
              43.7815282
            ],
            [
              -72.1021653,
              43.7815733
            ],
            [
              -72.102159,
              43.7816184
            ],
            [
              -72.1021528,
              43.7816636
            ],
            [
              -72.1021328,
              43.7817087
            ],
            [
              -72.1021596,
              43.7817538
            ],
            [
              -72.1021649,
              43.7817989
            ],
            [
              -72.1021594,
              43.781844
            ],
            [
              -72.1021469,
              43.7818892
            ],
            [
              -72.1021277,
              43.7819341
            ],
            [
              -72.1021276,
              43.7819343
            ],
            [
              -72.1021056,
              43.7819794
            ],
            [
              -72.1020854,
              43.7820245
            ],
            [
              -72.102083,
              43.7820696
            ],
            [
              -72.1020865,
              43.7821148
            ],
            [
              -72.102085,
              43.7821599
            ],
            [
              -72.1020724,
              43.782205
            ],
            [
              -72.102075,
              43.7822501
            ],
            [
              -72.1020777,
              43.7822952
            ],
            [
              -72.1020798,
              43.7823404
            ],
            [
              -72.1020752,
              43.7823855
            ],
            [
              -72.1020763,
              43.7824306
            ],
            [
              -72.1020742,
              43.7824757
            ],
            [
              -72.1020771,
              43.7825208
            ],
            [
              -72.1020703,
              43.7825659
            ],
            [
              -72.1020656,
              43.7825997
            ],
            [
              -72.1020648,
              43.7826111
            ],
            [
              -72.1020656,
              43.7826177
            ],
            [
              -72.1020875,
              43.7826562
            ],
            [
              -72.1021223,
              43.7827013
            ],
            [
              -72.1021277,
              43.7827083
            ],
            [
              -72.1021592,
              43.7827464
            ],
            [
              -72.1021899,
              43.7827826
            ],
            [
              -72.1022006,
              43.7827915
            ],
            [
              -72.1022472,
              43.7828367
            ],
            [
              -72.102252,
              43.7828423
            ],
            [
              -72.1022823,
              43.7828818
            ],
            [
              -72.1023141,
              43.7829199
            ],
            [
              -72.102322,
              43.7829269
            ],
            [
              -72.1023762,
              43.7829611
            ],
            [
              -72.1024047,
              43.782972
            ],
            [
              -72.1024383,
              43.7829851
            ],
            [
              -72.1025004,
              43.7829976
            ],
            [
              -72.1025625,
              43.7829955
            ],
            [
              -72.1026246,
              43.7829797
            ],
            [
              -72.1026519,
              43.782972
            ],
            [
              -72.1026867,
              43.782964
            ],
            [
              -72.1027488,
              43.7829547
            ],
            [
              -72.1028109,
              43.7829515
            ],
            [
              -72.1028731,
              43.7829469
            ],
            [
              -72.1029352,
              43.7829494
            ],
            [
              -72.1029973,
              43.7829669
            ],
            [
              -72.103014,
              43.782972
            ],
            [
              -72.1030594,
              43.7829972
            ],
            [
              -72.1030786,
              43.7830171
            ],
            [
              -72.1031142,
              43.7830623
            ],
            [
              -72.1031215,
              43.783068
            ],
            [
              -72.1031836,
              43.7831051
            ],
            [
              -72.1031866,
              43.7831074
            ],
            [
              -72.1032381,
              43.7831525
            ],
            [
              -72.1032457,
              43.7831593
            ],
            [
              -72.1032701,
              43.7831976
            ],
            [
              -72.1032801,
              43.7832427
            ],
            [
              -72.1033078,
              43.7832694
            ],
            [
              -72.1033699,
              43.7832434
            ],
            [
              -72.1033714,
              43.7832427
            ],
            [
              -72.103432,
              43.7832058
            ],
            [
              -72.1034941,
              43.7832065
            ],
            [
              -72.1035563,
              43.7832001
            ],
            [
              -72.1036184,
              43.783206
            ],
            [
              -72.103646,
              43.7832427
            ],
            [
              -72.103662,
              43.7832879
            ],
            [
              -72.1036672,
              43.783333
            ],
            [
              -72.1036805,
              43.7833569
            ],
            [
              -72.1037037,
              43.7833781
            ],
            [
              -72.1037195,
              43.7834232
            ],
            [
              -72.1037426,
              43.7834511
            ],
            [
              -72.1037597,
              43.7834683
            ],
            [
              -72.1038047,
              43.783492
            ],
            [
              -72.1038504,
              43.7835135
            ],
            [
              -72.1038668,
              43.783523
            ],
            [
              -72.1039289,
              43.7835502
            ],
            [
              -72.1039465,
              43.7835586
            ],
            [
              -72.103991,
              43.7835769
            ],
            [
              -72.1040531,
              43.7835681
            ],
            [
              -72.1041152,
              43.7835799
            ],
            [
              -72.1041622,
              43.7836037
            ],
            [
              -72.1041774,
              43.7836096
            ],
            [
              -72.1042395,
              43.7836074
            ],
            [
              -72.1043016,
              43.7836261
            ],
            [
              -72.1043637,
              43.7836422
            ],
            [
              -72.1044159,
              43.7836488
            ],
            [
              -72.1044258,
              43.7836501
            ],
            [
              -72.1044879,
              43.7836695
            ],
            [
              -72.10455,
              43.7836927
            ],
            [
              -72.1045522,
              43.7836939
            ],
            [
              -72.1046121,
              43.7837143
            ],
            [
              -72.1046742,
              43.7837369
            ],
            [
              -72.1046853,
              43.783739
            ],
            [
              -72.1047363,
              43.7837588
            ],
            [
              -72.1047984,
              43.7837535
            ],
            [
              -72.1048606,
              43.7837489
            ],
            [
              -72.1049195,
              43.783739
            ],
            [
              -72.1049227,
              43.7837382
            ],
            [
              -72.1049848,
              43.7837254
            ],
            [
              -72.1050469,
              43.7837262
            ],
            [
              -72.105109,
              43.7837341
            ],
            [
              -72.105121,
              43.783739
            ],
            [
              -72.1051711,
              43.7837601
            ],
            [
              -72.1052332,
              43.783771
            ],
            [
              -72.1052953,
              43.7837792
            ],
            [
              -72.1053574,
              43.7837784
            ],
            [
              -72.1054195,
              43.7837731
            ],
            [
              -72.1054817,
              43.7837712
            ],
            [
              -72.1055438,
              43.7837703
            ],
            [
              -72.1056059,
              43.7837594
            ],
            [
              -72.1056602,
              43.783739
            ],
            [
              -72.105668,
              43.7837368
            ],
            [
              -72.1057301,
              43.7837167
            ],
            [
              -72.1057922,
              43.7837001
            ],
            [
              -72.1058409,
              43.7836939
            ],
            [
              -72.1058543,
              43.7836918
            ],
            [
              -72.1059164,
              43.7836736
            ],
            [
              -72.1059751,
              43.7836488
            ],
            [
              -72.1059785,
              43.7836476
            ],
            [
              -72.1060406,
              43.7836151
            ],
            [
              -72.1060588,
              43.7836037
            ],
            [
              -72.1061027,
              43.7835706
            ],
            [
              -72.1061357,
              43.7835586
            ],
            [
              -72.1061649,
              43.7835276
            ],
            [
              -72.1061887,
              43.7835135
            ],
            [
              -72.106227,
              43.7835067
            ],
            [
              -72.1062891,
              43.7834876
            ],
            [
              -72.1063512,
              43.7834691
            ],
            [
              -72.1063527,
              43.7834683
            ],
            [
              -72.1064133,
              43.7834363
            ],
            [
              -72.106427,
              43.7834232
            ],
            [
              -72.1064754,
              43.7833893
            ],
            [
              -72.1064927,
              43.7833781
            ],
            [
              -72.1065375,
              43.7833472
            ],
            [
              -72.1065636,
              43.783333
            ],
            [
              -72.1065996,
              43.7833156
            ],
            [
              -72.1066617,
              43.783294
            ],
            [
              -72.1066836,
              43.7832879
            ],
            [
              -72.1067238,
              43.7832762
            ],
            [
              -72.106786,
              43.7832713
            ],
            [
              -72.1068273,
              43.7832427
            ],
            [
              -72.1068481,
              43.7832262
            ],
            [
              -72.1069102,
              43.783206
            ],
            [
              -72.1069368,
              43.7831976
            ],
            [
              -72.1069723,
              43.7831858
            ],
            [
              -72.1070208,
              43.7831525
            ],
            [
              -72.1070344,
              43.7831436
            ],
            [
              -72.1070675,
              43.7831074
            ],
            [
              -72.1070827,
              43.7830623
            ],
            [
              -72.1070965,
              43.7830452
            ],
            [
              -72.1071261,
              43.7830171
            ],
            [
              -72.1071414,
              43.782972
            ],
            [
              -72.1071586,
              43.7829507
            ],
            [
              -72.1071942,
              43.7829269
            ],
            [
              -72.1072207,
              43.7828978
            ],
            [
              -72.1072353,
              43.7828818
            ],
            [
              -72.1072737,
              43.7828367
            ],
            [
              -72.1072828,
              43.7828197
            ],
            [
              -72.1073143,
              43.7827915
            ],
            [
              -72.1073449,
              43.782777
            ],
            [
              -72.107407,
              43.7827645
            ],
            [
              -72.1074429,
              43.7827464
            ],
            [
              -72.1074692,
              43.7827336
            ],
            [
              -72.1075,
              43.7827125
            ]
          ],
          [
            [
              -72.0857,
              43.7884311
            ],
            [
              -72.0857017,
              43.7884314
            ],
            [
              -72.0857308,
              43.7884367
            ],
            [
              -72.085793,
              43.7884484
            ],
            [
              -72.0858551,
              43.788454
            ],
            [
              -72.0859172,
              43.7884575
            ],
            [
              -72.0859793,
              43.788452
            ],
            [
              -72.0860414,
              43.7884502
            ],
            [
              -72.0861035,
              43.7884499
            ],
            [
              -72.0861656,
              43.788438
            ],
            [
              -72.0861852,
              43.7884314
            ],
            [
              -72.0862277,
              43.7884177
            ],
            [
              -72.0862898,
              43.7883943
            ],
            [
              -72.0863097,
              43.7883863
            ],
            [
              -72.0863519,
              43.7883709
            ],
            [
              -72.086414,
              43.7883479
            ],
            [
              -72.0864762,
              43.7883431
            ],
            [
              -72.0864859,
              43.7883412
            ],
            [
              -72.0865383,
              43.7883301
            ],
            [
              -72.0866004,
              43.7883061
            ],
            [
              -72.086623,
              43.7882961
            ],
            [
              -72.0866625,
              43.7882865
            ],
            [
              -72.0867246,
              43.7882834
            ],
            [
              -72.0867867,
              43.7882827
            ],
            [
              -72.0868488,
              43.7882747
            ],
            [
              -72.0869109,
              43.7882644
            ],
            [
              -72.0869674,
              43.788251
            ],
            [
              -72.086973,
              43.7882488
            ],
            [
              -72.0870351,
              43.788212
            ],
            [
              -72.0870732,
              43.7882058
            ],
            [
              -72.0870973,
              43.7882019
            ],
            [
              -72.0871594,
              43.7881853
            ],
            [
              -72.0872215,
              43.788167
            ],
            [
              -72.0872447,
              43.7881607
            ],
            [
              -72.0872836,
              43.7881519
            ],
            [
              -72.0873457,
              43.7881391
            ],
            [
              -72.0874078,
              43.7881185
            ],
            [
              -72.0874165,
              43.7881156
            ],
            [
              -72.0874699,
              43.7880951
            ],
            [
              -72.087532,
              43.7880812
            ],
            [
              -72.0875703,
              43.7880705
            ],
            [
              -72.0875941,
              43.788061
            ],
            [
              -72.0876383,
              43.7880254
            ],
            [
              -72.0876562,
              43.7880165
            ],
            [
              -72.0877183,
              43.787988
            ],
            [
              -72.0877331,
              43.7879802
            ],
            [
              -72.0877805,
              43.7879589
            ],
            [
              -72.0878426,
              43.7879478
            ],
            [
              -72.0879047,
              43.7879355
            ],
            [
              -72.0879059,
              43.7879351
            ],
            [
              -72.0879668,
              43.7879186
            ],
            [
              -72.0880289,
              43.7879025
            ],
            [
              -72.088091,
              43.7878923
            ],
            [
              -72.088108,
              43.78789
            ],
            [
              -72.0881531,
              43.7878849
            ],
            [
              -72.0882152,
              43.7878826
            ],
            [
              -72.0882773,
              43.7878696
            ],
            [
              -72.0883394,
              43.7878587
            ],
            [
              -72.0883885,
              43.7878449
            ],
            [
              -72.0884016,
              43.7878412
            ],
            [
              -72.0884637,
              43.7878146
            ],
            [
              -72.0885051,
              43.7877998
            ],
            [
              -72.0885258,
              43.7877867
            ],
            [
              -72.088569,
              43.7877547
            ],
            [
              -72.0885879,
              43.7877462
            ],
            [
              -72.08865,
              43.7877237
            ],
            [
              -72.0886761,
              43.7877095
            ],
            [
              -72.0887121,
              43.7876807
            ],
            [
              -72.0887352,
              43.7876644
            ],
            [
              -72.0887742,
              43.7876411
            ],
            [
              -72.0888078,
              43.7876193
            ],
            [
              -72.0888363,
              43.7875968
            ],
            [
              -72.0888841,
              43.7875742
            ],
            [
              -72.0888984,
              43.7875701
            ],
            [
              -72.0889605,
              43.7875686
            ],
            [
              -72.0890226,
              43.7875514
            ],
            [
              -72.0890614,
              43.7875291
            ],
            [
              -72.0890848,
              43.7875187
            ],
            [
              -72.0891469,
              43.7875017
            ],
            [
              -72.089209,
              43.7874886
            ],
            [
              -72.0892266,
              43.7874839
            ],
            [
              -72.0892711,
              43.7874679
            ],
            [
              -72.0893332,
              43.7874605
            ],
            [
              -72.0893953,
              43.7874648
            ],
            [
              -72.0894574,
              43.7874657
            ],
            [
              -72.0895195,
              43.7874518
            ],
            [
              -72.0895816,
              43.7874422
            ],
            [
              -72.0896097,
              43.7874388
            ],
            [
              -72.0896437,
              43.7874302
            ],
            [
              -72.0897059,
              43.7873956
            ],
            [
              -72.0897344,
              43.7873937
            ],
            [
              -72.089768,
              43.787392
            ],
            [
              -72.0898301,
              43.7873764
            ],
            [
              -72.0898922,
              43.787365
            ],
            [
              -72.0899543,
              43.7873602
            ],
            [
              -72.0900164,
              43.7873487
            ],
            [
              -72.0900169,
              43.7873486
            ],
            [
              -72.0900785,
              43.7873156
            ],
            [
              -72.0901165,
              43.7873035
            ],
            [
              -72.0901406,
              43.7872951
            ],
            [
              -72.0902027,
              43.7872873
            ],
            [
              -72.0902648,
              43.7872743
            ],
            [
              -72.0903269,
              43.7872623
            ],
            [
              -72.0903349,
              43.7872583
            ],
            [
              -72.0903891,
              43.7872319
            ],
            [
              -72.0904336,
              43.7872132
            ],
            [
              -72.0904512,
              43.7872064
            ],
            [
              -72.0905133,
              43.7871928
            ],
            [
              -72.0905754,
              43.7872008
            ],
            [
              -72.0906375,
              43.7872077
            ],
            [
              -72.0906996,
              43.7872058
            ],
            [
              -72.0907617,
              43.7872036
            ],
            [
              -72.0908238,
              43.787182
            ],
            [
              -72.0908859,
              43.7871762
            ],
            [
              -72.0909144,
              43.7871681
            ],
            [
              -72.090948,
              43.7871336
            ],
            [
              -72.0909569,
              43.787123
            ],
            [
              -72.0910101,
              43.7870905
            ],
            [
              -72.091032,
              43.7870779
            ],
            [
              -72.0910723,
              43.7870538
            ],
            [
              -72.0910953,
              43.7870327
            ],
            [
              -72.0911344,
              43.7870011
            ],
            [
              -72.0911484,
              43.7869876
            ],
            [
              -72.0911965,
              43.7869546
            ],
            [
              -72.0912266,
              43.7869425
            ],
            [
              -72.0912586,
              43.7869188
            ],
            [
              -72.0912797,
              43.7868974
            ],
            [
              -72.0913207,
              43.7868568
            ],
            [
              -72.0913275,
              43.7868523
            ],
            [
              -72.0913646,
              43.7868072
            ],
            [
              -72.0913828,
              43.7867796
            ],
            [
              -72.0913909,
              43.786762
            ],
            [
              -72.091408,
              43.7867169
            ],
            [
              -72.0914396,
              43.7866718
            ],
            [
              -72.0914449,
              43.7866667
            ],
            [
              -72.0914843,
              43.7866267
            ],
            [
              -72.091507,
              43.7866107
            ],
            [
              -72.0915452,
              43.7865816
            ],
            [
              -72.0915691,
              43.7865588
            ],
            [
              -72.0915893,
              43.7865364
            ],
            [
              -72.0916312,
              43.7864997
            ],
            [
              -72.0916388,
              43.7864913
            ],
            [
              -72.0916873,
              43.7864462
            ],
            [
              -72.0916934,
              43.7864407
            ],
            [
              -72.091739,
              43.7864011
            ],
            [
              -72.0917555,
              43.786374
            ],
            [
              -72.0917642,
              43.786356
            ],
            [
              -72.0917938,
              43.7863108
            ],
            [
              -72.0918151,
              43.7862657
            ],
            [
              -72.0918176,
              43.7862514
            ],
            [
              -72.0918243,
              43.7862206
            ],
            [
              -72.0918421,
              43.7861755
            ],
            [
              -72.0918729,
              43.7861304
            ],
            [
              -72.0918797,
              43.7861252
            ],
            [
              -72.0919418,
              43.7860978
            ],
            [
              -72.091975,
              43.7860852
            ],
            [
              -72.0920039,
              43.7860774
            ],
            [
              -72.092066,
              43.7860798
            ],
            [
              -72.0920887,
              43.7860852
            ],
            [
              -72.0921281,
              43.786094
            ],
            [
              -72.0921902,
              43.7861106
            ],
            [
              -72.0922523,
              43.7861195
            ],
            [
              -72.0923144,
              43.7861196
            ],
            [
              -72.0923766,
              43.7860973
            ],
            [
              -72.0923974,
              43.7860852
            ],
            [
              -72.0924349,
              43.7860401
            ],
            [
              -72.0924387,
              43.7860307
            ],
            [
              -72.0924523,
              43.785995
            ],
            [
              -72.0924387,
              43.7859709
            ],
            [
              -72.0924278,
              43.7859499
            ],
            [
              -72.0924203,
              43.7859048
            ],
            [
              -72.0924387,
              43.7858653
            ],
            [
              -72.0924439,
              43.7858596
            ],
            [
              -72.0924943,
              43.7858145
            ],
            [
              -72.0925008,
              43.7858093
            ],
            [
              -72.0925629,
              43.785779
            ],
            [
              -72.0925934,
              43.7857694
            ],
            [
              -72.092625,
              43.7857589
            ],
            [
              -72.0926871,
              43.7857319
            ],
            [
              -72.0926955,
              43.7857243
            ],
            [
              -72.0927048,
              43.7856792
            ],
            [
              -72.0927384,
              43.7856341
            ],
            [
              -72.0927492,
              43.7856297
            ],
            [
              -72.0928113,
              43.7856089
            ],
            [
              -72.0928407,
              43.7855889
            ],
            [
              -72.092831,
              43.7855438
            ],
            [
              -72.0928218,
              43.7854987
            ],
            [
              -72.0928465,
              43.7854536
            ],
            [
              -72.0928691,
              43.7854085
            ],
            [
              -72.0928734,
              43.7854033
            ],
            [
              -72.0929081,
              43.7853633
            ],
            [
              -72.092924,
              43.7853182
            ],
            [
              -72.0929355,
              43.7852903
            ],
            [
              -72.0929417,
              43.7852731
            ],
            [
              -72.0929482,
              43.785228
            ],
            [
              -72.0929361,
              43.7851829
            ],
            [
              -72.0929355,
              43.7851806
            ],
            [
              -72.0929266,
              43.7851377
            ],
            [
              -72.0929355,
              43.7851079
            ],
            [
              -72.0929476,
              43.7850926
            ],
            [
              -72.0929977,
              43.7850503
            ],
            [
              -72.0930015,
              43.7850475
            ],
            [
              -72.0930242,
              43.7850024
            ],
            [
              -72.0930056,
              43.7849573
            ],
            [
              -72.0929977,
              43.7849451
            ],
            [
              -72.0929799,
              43.7849121
            ],
            [
              -72.0929578,
              43.784867
            ],
            [
              -72.0929391,
              43.7848219
            ],
            [
              -72.0929355,
              43.7848051
            ],
            [
              -72.0929296,
              43.7847768
            ],
            [
              -72.0929355,
              43.7847605
            ],
            [
              -72.0929472,
              43.7847317
            ],
            [
              -72.0929626,
              43.7846865
            ],
            [
              -72.0929686,
              43.7846414
            ],
            [
              -72.0929585,
              43.7845963
            ],
            [
              -72.092955,
              43.7845512
            ],
            [
              -72.0929545,
              43.7845061
            ],
            [
              -72.0929355,
              43.784473
            ],
            [
              -72.0929286,
              43.784461
            ],
            [
              -72.0928826,
              43.7844158
            ],
            [
              -72.0928734,
              43.7844065
            ],
            [
              -72.0928388,
              43.7843707
            ],
            [
              -72.0928113,
              43.784341
            ],
            [
              -72.0927965,
              43.7843256
            ],
            [
              -72.0927756,
              43.7842805
            ],
            [
              -72.0927638,
              43.7842354
            ],
            [
              -72.0927958,
              43.7841902
            ],
            [
              -72.0928084,
              43.7841451
            ],
            [
              -72.0927781,
              43.7841
            ],
            [
              -72.0927492,
              43.7840671
            ],
            [
              -72.0927364,
              43.7840549
            ],
            [
              -72.0927168,
              43.7840098
            ],
            [
              -72.092708,
              43.7839646
            ],
            [
              -72.0926871,
              43.7839277
            ],
            [
              -72.0926808,
              43.7839195
            ],
            [
              -72.0926639,
              43.7838744
            ],
            [
              -72.092625,
              43.7838414
            ],
            [
              -72.0926153,
              43.7838293
            ],
            [
              -72.092625,
              43.7838115
            ],
            [
              -72.0926871,
              43.7837997
            ],
            [
              -72.0927055,
              43.7837842
            ],
            [
              -72.0927152,
              43.783739
            ],
            [
              -72.0926961,
              43.7836939
            ],
            [
              -72.0926871,
              43.7836761
            ],
            [
              -72.0926714,
              43.7836488
            ],
            [
              -72.0926568,
              43.7836037
            ],
            [
              -72.0926457,
              43.7835586
            ],
            [
              -72.0926305,
              43.7835135
            ],
            [
              -72.0926305,
              43.7834683
            ],
            [
              -72.092625,
              43.7834253
            ],
            [
              -72.0926248,
              43.7834232
            ],
            [
              -72.0926247,
              43.7833781
            ],
            [
              -72.0926233,
              43.783333
            ],
            [
              -72.0926009,
              43.7832879
            ],
            [
              -72.092584,
              43.7832427
            ],
            [
              -72.0925629,
              43.783213
            ],
            [
              -72.0925532,
              43.7831976
            ],
            [
              -72.0925235,
              43.7831525
            ],
            [
              -72.0925008,
              43.7831326
            ],
            [
              -72.092477,
              43.7831074
            ],
            [
              -72.0924387,
              43.7830717
            ],
            [
              -72.0924273,
              43.7830623
            ],
            [
              -72.0923911,
              43.7830171
            ],
            [
              -72.0923766,
              43.7829833
            ],
            [
              -72.0923714,
              43.782972
            ],
            [
              -72.0923766,
              43.7829414
            ],
            [
              -72.0923785,
              43.7829269
            ],
            [
              -72.092383,
              43.7828818
            ],
            [
              -72.0923773,
              43.7828367
            ],
            [
              -72.0923766,
              43.7828308
            ],
            [
              -72.0923704,
              43.7827915
            ],
            [
              -72.0923595,
              43.7827464
            ],
            [
              -72.0923766,
              43.7827145
            ],
            [
              -72.0923827,
              43.7827013
            ],
            [
              -72.0923958,
              43.7826562
            ],
            [
              -72.0924031,
              43.7826111
            ],
            [
              -72.0924092,
              43.7825659
            ],
            [
              -72.0924081,
              43.7825208
            ],
            [
              -72.0924207,
              43.7824757
            ],
            [
              -72.0924254,
              43.7824306
            ],
            [
              -72.0924387,
              43.7823951
            ],
            [
              -72.0924429,
              43.7823855
            ],
            [
              -72.0924527,
              43.7823404
            ],
            [
              -72.0925008,
              43.7823101
            ],
            [
              -72.0925223,
              43.7822952
            ],
            [
              -72.0925525,
              43.7822501
            ],
            [
              -72.0925413,
              43.782205
            ],
            [
              -72.0925221,
              43.7821599
            ],
            [
              -72.0925347,
              43.7821148
            ],
            [
              -72.0925629,
              43.7820739
            ],
            [
              -72.0925647,
              43.7820696
            ],
            [
              -72.0925629,
              43.7820616
            ],
            [
              -72.0925529,
              43.7820245
            ],
            [
              -72.092549,
              43.7819794
            ],
            [
              -72.0925629,
              43.7819417
            ],
            [
              -72.0925655,
              43.7819343
            ],
            [
              -72.0925629,
              43.7819159
            ],
            [
              -72.0925591,
              43.7818892
            ],
            [
              -72.0925586,
              43.781844
            ],
            [
              -72.0925629,
              43.7818367
            ],
            [
              -72.0926033,
              43.7817989
            ],
            [
              -72.0925873,
              43.7817538
            ],
            [
              -72.0925629,
              43.7817359
            ],
            [
              -72.0925377,
              43.7817087
            ],
            [
              -72.0925008,
              43.7816751
            ],
            [
              -72.0924883,
              43.7816636
            ],
            [
              -72.0924552,
              43.7816184
            ],
            [
              -72.0924387,
              43.781597
            ],
            [
              -72.0924174,
              43.7815733
            ],
            [
              -72.0923766,
              43.7815479
            ],
            [
              -72.0923476,
              43.7815282
            ],
            [
              -72.0923342,
              43.7814831
            ],
            [
              -72.0923363,
              43.781438
            ],
            [
              -72.0923144,
              43.7814025
            ],
            [
              -72.0923106,
              43.7813928
            ],
            [
              -72.0922896,
              43.7813477
            ],
            [
              -72.0922931,
              43.7813026
            ],
            [
              -72.0922658,
              43.7812575
            ],
            [
              -72.0922523,
              43.7812541
            ],
            [
              -72.0921902,
              43.7812193
            ],
            [
              -72.0921786,
              43.7812124
            ],
            [
              -72.0921609,
              43.7811673
            ],
            [
              -72.0921584,
              43.7811221
            ],
            [
              -72.0921457,
              43.781077
            ],
            [
              -72.0921281,
              43.7810555
            ],
            [
              -72.0920958,
              43.7810319
            ],
            [
              -72.092066,
              43.7810128
            ],
            [
              -72.0920215,
              43.7809868
            ],
            [
              -72.0920039,
              43.7809472
            ],
            [
              -72.0920021,
              43.7809417
            ],
            [
              -72.09198,
              43.7808965
            ],
            [
              -72.0919553,
              43.7808514
            ],
            [
              -72.0919526,
              43.7808063
            ],
            [
              -72.0919418,
              43.7807741
            ],
            [
              -72.0919346,
              43.7807612
            ],
            [
              -72.091916,
              43.7807161
            ],
            [
              -72.0919119,
              43.7806709
            ],
            [
              -72.0918943,
              43.7806258
            ],
            [
              -72.091898,
              43.7805807
            ],
            [
              -72.0919195,
              43.7805356
            ],
            [
              -72.0919192,
              43.7804905
            ],
            [
              -72.0919041,
              43.7804453
            ],
            [
              -72.0918797,
              43.7804127
            ],
            [
              -72.091869,
              43.7804002
            ],
            [
              -72.091865,
              43.7803551
            ],
            [
              -72.0918472,
              43.78031
            ],
            [
              -72.0918251,
              43.7802649
            ],
            [
              -72.0918176,
              43.7802587
            ],
            [
              -72.0917555,
              43.7802318
            ],
            [
              -72.0917232,
              43.7802198
            ],
            [
              -72.0916934,
              43.7801925
            ],
            [
              -72.0916635,
              43.7801746
            ],
            [
              -72.0916312,
              43.7801346
            ],
            [
              -72.0916273,
              43.7801295
            ],
            [
              -72.0915795,
              43.7800844
            ],
            [
              -72.0915691,
              43.7800747
            ],
            [
              -72.0915345,
              43.7800393
            ],
            [
              -72.091507,
              43.7800116
            ],
            [
              -72.0914932,
              43.7799942
            ],
            [
              -72.0914618,
              43.779949
            ],
            [
              -72.0914449,
              43.7799281
            ],
            [
              -72.091413,
              43.7799039
            ],
            [
              -72.0913828,
              43.7798843
            ],
            [
              -72.0913489,
              43.7798588
            ],
            [
              -72.0913207,
              43.7798311
            ],
            [
              -72.0913068,
              43.7798137
            ],
            [
              -72.0912586,
              43.7797761
            ],
            [
              -72.0912477,
              43.7797686
            ],
            [
              -72.0911975,
              43.7797234
            ],
            [
              -72.0911965,
              43.7797224
            ],
            [
              -72.0911344,
              43.7796848
            ],
            [
              -72.091123,
              43.7796783
            ],
            [
              -72.0910723,
              43.779637
            ],
            [
              -72.091064,
              43.7796332
            ],
            [
              -72.0910101,
              43.7796035
            ],
            [
              -72.090948,
              43.7795948
            ],
            [
              -72.0909292,
              43.7795881
            ],
            [
              -72.0908859,
              43.779569
            ],
            [
              -72.0908373,
              43.779543
            ],
            [
              -72.0908238,
              43.7795363
            ],
            [
              -72.0907643,
              43.7794978
            ],
            [
              -72.0907617,
              43.7794963
            ],
            [
              -72.0907188,
              43.7794527
            ],
            [
              -72.0906996,
              43.7794297
            ],
            [
              -72.0906799,
              43.7794076
            ],
            [
              -72.0906425,
              43.7793625
            ],
            [
              -72.0906375,
              43.7793576
            ],
            [
              -72.0905784,
              43.7793174
            ],
            [
              -72.0905754,
              43.7793149
            ],
            [
              -72.0905133,
              43.7792767
            ],
            [
              -72.0905065,
              43.7792722
            ],
            [
              -72.0904525,
              43.7792271
            ],
            [
              -72.0904512,
              43.779226
            ],
            [
              -72.0903891,
              43.7791924
            ],
            [
              -72.0903588,
              43.779182
            ],
            [
              -72.0903269,
              43.7791711
            ],
            [
              -72.0902648,
              43.7791435
            ],
            [
              -72.0902411,
              43.7791369
            ],
            [
              -72.0902027,
              43.7791273
            ],
            [
              -72.0901406,
              43.7790989
            ],
            [
              -72.0901181,
              43.7790918
            ],
            [
              -72.0900785,
              43.7790745
            ],
            [
              -72.0900164,
              43.7790538
            ],
            [
              -72.0900028,
              43.7790467
            ],
            [
              -72.0899595,
              43.7790015
            ],
            [
              -72.0899543,
              43.7789965
            ],
            [
              -72.0899152,
              43.7789564
            ],
            [
              -72.0898922,
              43.7789408
            ],
            [
              -72.0898584,
              43.7789113
            ],
            [
              -72.0898301,
              43.778894
            ],
            [
              -72.0897823,
              43.7788662
            ],
            [
              -72.089768,
              43.7788503
            ],
            [
              -72.0897442,
              43.7788211
            ],
            [
              -72.0897059,
              43.7787781
            ],
            [
              -72.089695,
              43.7787759
            ],
            [
              -72.0896437,
              43.7787439
            ],
            [
              -72.0896382,
              43.7787308
            ],
            [
              -72.089589,
              43.7786857
            ],
            [
              -72.0895816,
              43.7786831
            ],
            [
              -72.0895195,
              43.7786517
            ],
            [
              -72.0895047,
              43.7786406
            ],
            [
              -72.0894574,
              43.7786097
            ],
            [
              -72.089432,
              43.7785955
            ],
            [
              -72.0893953,
              43.7785782
            ],
            [
              -72.0893332,
              43.7785628
            ],
            [
              -72.0892819,
              43.7785503
            ],
            [
              -72.0892711,
              43.7785475
            ],
            [
              -72.089209,
              43.7785174
            ],
            [
              -72.089198,
              43.7785052
            ],
            [
              -72.0891624,
              43.7784601
            ],
            [
              -72.0891469,
              43.7784432
            ],
            [
              -72.0891127,
              43.778415
            ],
            [
              -72.0890848,
              43.778402
            ],
            [
              -72.0890226,
              43.7783875
            ],
            [
              -72.0889861,
              43.7783699
            ],
            [
              -72.0889605,
              43.7783547
            ],
            [
              -72.0888984,
              43.7783257
            ],
            [
              -72.0888964,
              43.7783247
            ],
            [
              -72.0888369,
              43.7782796
            ],
            [
              -72.0888363,
              43.7782792
            ],
            [
              -72.0887742,
              43.7782437
            ],
            [
              -72.088755,
              43.7782345
            ],
            [
              -72.0887121,
              43.7782179
            ],
            [
              -72.08865,
              43.778192
            ],
            [
              -72.0886443,
              43.7781894
            ],
            [
              -72.0885897,
              43.7781443
            ],
            [
              -72.0885879,
              43.7781428
            ],
            [
              -72.0885258,
              43.778113
            ],
            [
              -72.0884995,
              43.7780991
            ],
            [
              -72.0884637,
              43.7780821
            ],
            [
              -72.0884016,
              43.7780652
            ],
            [
              -72.0883818,
              43.778054
            ],
            [
              -72.0883394,
              43.7780301
            ],
            [
              -72.0882868,
              43.7780089
            ],
            [
              -72.0882773,
              43.7780049
            ],
            [
              -72.0882152,
              43.777965
            ],
            [
              -72.088214,
              43.7779638
            ],
            [
              -72.08818,
              43.7779187
            ],
            [
              -72.0881531,
              43.7778952
            ],
            [
              -72.088091,
              43.7778744
            ],
            [
              -72.0880896,
              43.7778736
            ],
            [
              -72.0880619,
              43.7778284
            ],
            [
              -72.0880322,
              43.7777833
            ],
            [
              -72.0880289,
              43.7777806
            ],
            [
              -72.0879771,
              43.7777382
            ],
            [
              -72.0879668,
              43.777732
            ],
            [
              -72.0879047,
              43.7776959
            ],
            [
              -72.0879016,
              43.7776931
            ],
            [
              -72.0878426,
              43.7776559
            ],
            [
              -72.0878328,
              43.777648
            ],
            [
              -72.0878068,
              43.7776028
            ],
            [
              -72.0877805,
              43.7775792
            ],
            [
              -72.0877279,
              43.7775577
            ],
            [
              -72.0877183,
              43.7775434
            ],
            [
              -72.0876915,
              43.7775126
            ],
            [
              -72.0876625,
              43.7774675
            ],
            [
              -72.0876562,
              43.7774496
            ],
            [
              -72.0876441,
              43.7774224
            ],
            [
              -72.0876562,
              43.7774046
            ],
            [
              -72.0876607,
              43.7774
            ]
          ],
          [
            [
              -72.1032457,
              43.7832877
            ],
            [
              -72.1032457,
              43.7832879
            ],
            [
              -72.1032457,
              43.783288
            ],
            [
              -72.103246,
              43.7832879
            ],
            [
              -72.1032457,
              43.7832877
            ]
          ]
        ]
      }
    },
    {
      "type": "Feature",
      "id": "contour/480m",
      "properties": {
        "elevation_m": 480,
        "is_index": false
      },
      "geometry": {
        "type": "MultiLineString",
        "coordinates": [
          [
            [
              -72.1033461,
              43.7774
            ],
            [
              -72.1033501,
              43.7774224
            ],
            [
              -72.1033513,
              43.7774675
            ],
            [
              -72.1033567,
              43.7775126
            ],
            [
              -72.1033477,
              43.7775577
            ],
            [
              -72.1033392,
              43.7776028
            ],
            [
              -72.1033265,
              43.777648
            ],
            [
              -72.1033084,
              43.7776931
            ],
            [
              -72.1033078,
              43.7776943
            ],
            [
              -72.1032829,
              43.7777382
            ],
            [
              -72.1032642,
              43.7777833
            ],
            [
              -72.1032457,
              43.7778199
            ],
            [
              -72.1032417,
              43.7778284
            ],
            [
              -72.1032204,
              43.7778736
            ],
            [
              -72.103191,
              43.7779187
            ],
            [
              -72.1031836,
              43.7779484
            ],
            [
              -72.1031798,
              43.7779638
            ],
            [
              -72.1031807,
              43.7780089
            ],
            [
              -72.1031822,
              43.778054
            ],
            [
              -72.1031393,
              43.7780991
            ],
            [
              -72.1031251,
              43.7781443
            ],
            [
              -72.1031215,
              43.7781471
            ],
            [
              -72.1030736,
              43.7781894
            ],
            [
              -72.1030594,
              43.7782131
            ],
            [
              -72.1030427,
              43.7782345
            ],
            [
              -72.1030296,
              43.7782796
            ],
            [
              -72.1030101,
              43.7783247
            ],
            [
              -72.1029973,
              43.7783359
            ],
            [
              -72.102955,
              43.7783699
            ],
            [
              -72.1029352,
              43.7783901
            ],
            [
              -72.1028999,
              43.778415
            ],
            [
              -72.1028731,
              43.7784469
            ],
            [
              -72.1028588,
              43.7784601
            ],
            [
              -72.1028289,
              43.7785052
            ],
            [
              -72.1028109,
              43.7785229
            ],
            [
              -72.1027867,
              43.7785503
            ],
            [
              -72.1027495,
              43.7785955
            ],
            [
              -72.1027488,
              43.7785962
            ],
            [
              -72.1027147,
              43.7786406
            ],
            [
              -72.1026867,
              43.7786842
            ],
            [
              -72.1026858,
              43.7786857
            ],
            [
              -72.1026608,
              43.7787308
            ],
            [
              -72.1026322,
              43.7787759
            ],
            [
              -72.1026246,
              43.7787858
            ],
            [
              -72.1026009,
              43.7788211
            ],
            [
              -72.1025751,
              43.7788662
            ],
            [
              -72.1025625,
              43.7788802
            ],
            [
              -72.1025405,
              43.7789113
            ],
            [
              -72.1025151,
              43.7789564
            ],
            [
              -72.1025004,
              43.7789736
            ],
            [
              -72.1024836,
              43.7790015
            ],
            [
              -72.1024574,
              43.7790467
            ],
            [
              -72.1024383,
              43.7790738
            ],
            [
              -72.1024243,
              43.7790918
            ],
            [
              -72.1024015,
              43.7791369
            ],
            [
              -72.1023845,
              43.779182
            ],
            [
              -72.1023762,
              43.7792051
            ],
            [
              -72.1023685,
              43.7792271
            ],
            [
              -72.102349,
              43.7792722
            ],
            [
              -72.1023287,
              43.7793174
            ],
            [
              -72.1023141,
              43.7793602
            ],
            [
              -72.102313,
              43.7793625
            ],
            [
              -72.102266,
              43.7794076
            ],
            [
              -72.102252,
              43.7794245
            ],
            [
              -72.1022377,
              43.7794527
            ],
            [
              -72.1022138,
              43.7794978
            ],
            [
              -72.1021899,
              43.7795297
            ],
            [
              -72.1021804,
              43.779543
            ],
            [
              -72.1021899,
              43.7795805
            ],
            [
              -72.102194,
              43.7795881
            ],
            [
              -72.1021899,
              43.7796041
            ],
            [
              -72.1021823,
              43.7796332
            ],
            [
              -72.1021602,
              43.7796783
            ],
            [
              -72.1021492,
              43.7797234
            ],
            [
              -72.1021409,
              43.7797686
            ],
            [
              -72.1021347,
              43.7798137
            ],
            [
              -72.1021281,
              43.7798588
            ],
            [
              -72.1021277,
              43.7798617
            ],
            [
              -72.10212,
              43.7799039
            ],
            [
              -72.102099,
              43.779949
            ],
            [
              -72.102096,
              43.7799942
            ],
            [
              -72.1021004,
              43.7800393
            ],
            [
              -72.1021095,
              43.7800844
            ],
            [
              -72.102106,
              43.7801295
            ],
            [
              -72.1021044,
              43.7801746
            ],
            [
              -72.1021073,
              43.7802198
            ],
            [
              -72.1021171,
              43.7802649
            ],
            [
              -72.1021186,
              43.78031
            ],
            [
              -72.1021277,
              43.7803306
            ],
            [
              -72.102162,
              43.7803551
            ],
            [
              -72.1021899,
              43.7803811
            ],
            [
              -72.1022458,
              43.7804002
            ],
            [
              -72.102252,
              43.7804029
            ],
            [
              -72.1022829,
              43.7804002
            ],
            [
              -72.1023141,
              43.7803983
            ],
            [
              -72.1023762,
              43.7803961
            ],
            [
              -72.1023907,
              43.7804002
            ],
            [
              -72.1024383,
              43.7804178
            ],
            [
              -72.1024956,
              43.7804453
            ],
            [
              -72.1025004,
              43.780448
            ],
            [
              -72.1025595,
              43.7804905
            ],
            [
              -72.1025625,
              43.7804928
            ],
            [
              -72.1025997,
              43.7805356
            ],
            [
              -72.1026246,
              43.7805647
            ],
            [
              -72.1026328,
              43.7805807
            ],
            [
              -72.1026451,
              43.7806258
            ],
            [
              -72.1026483,
              43.7806709
            ],
            [
              -72.102634,
              43.7807161
            ],
            [
              -72.1026285,
              43.7807612
            ],
            [
              -72.1026246,
              43.7807738
            ],
            [
              -72.1026073,
              43.7808063
            ],
            [
              -72.1025917,
              43.7808514
            ],
            [
              -72.1025857,
              43.7808965
            ],
            [
              -72.1025824,
              43.7809417
            ],
            [
              -72.1025778,
              43.7809868
            ],
            [
              -72.1025779,
              43.7810319
            ],
            [
              -72.1025692,
              43.781077
            ],
            [
              -72.1025625,
              43.7811039
            ],
            [
              -72.1025571,
              43.7811221
            ],
            [
              -72.1025227,
              43.7811673
            ],
            [
              -72.1025215,
              43.7812124
            ],
            [
              -72.1025289,
              43.7812575
            ],
            [
              -72.1025284,
              43.7813026
            ],
            [
              -72.1025129,
              43.7813477
            ],
            [
              -72.1025036,
              43.7813928
            ],
            [
              -72.1025004,
              43.7813994
            ],
            [
              -72.1024767,
              43.781438
            ],
            [
              -72.1024744,
              43.7814831
            ],
            [
              -72.102464,
              43.7815282
            ],
            [
              -72.1024573,
              43.7815733
            ],
            [
              -72.1024481,
              43.7816184
            ],
            [
              -72.1024383,
              43.7816415
            ],
            [
              -72.102429,
              43.7816636
            ],
            [
              -72.1024115,
              43.7817087
            ],
            [
              -72.1024078,
              43.7817538
            ],
            [
              -72.1024078,
              43.7817989
            ],
            [
              -72.1024092,
              43.781844
            ],
            [
              -72.1023832,
              43.7818892
            ],
            [
              -72.1023762,
              43.7818986
            ],
            [
              -72.1023567,
              43.7819343
            ],
            [
              -72.1023456,
              43.7819794
            ],
            [
              -72.1023301,
              43.7820245
            ],
            [
              -72.1023141,
              43.7820654
            ],
            [
              -72.1023127,
              43.7820696
            ],
            [
              -72.1022999,
              43.7821148
            ],
            [
              -72.102306,
              43.7821599
            ],
            [
              -72.1023141,
              43.7821731
            ],
            [
              -72.1023705,
              43.782205
            ],
            [
              -72.1023762,
              43.7822083
            ],
            [
              -72.1024383,
              43.7822479
            ],
            [
              -72.1024406,
              43.7822501
            ],
            [
              -72.1024946,
              43.7822952
            ],
            [
              -72.1025004,
              43.7823004
            ],
            [
              -72.1025545,
              43.7823404
            ],
            [
              -72.1025625,
              43.7823464
            ],
            [
              -72.1026246,
              43.7823514
            ],
            [
              -72.1026789,
              43.7823404
            ],
            [
              -72.1026867,
              43.7823382
            ],
            [
              -72.102747,
              43.7823404
            ],
            [
              -72.1027488,
              43.7823404
            ],
            [
              -72.10275,
              43.7823404
            ],
            [
              -72.1028109,
              43.7823369
            ],
            [
              -72.1028731,
              43.782328
            ],
            [
              -72.1029352,
              43.7822968
            ],
            [
              -72.1029382,
              43.7822952
            ],
            [
              -72.1029973,
              43.7822615
            ],
            [
              -72.1030498,
              43.7822501
            ],
            [
              -72.1030594,
              43.7822476
            ],
            [
              -72.1031215,
              43.7822177
            ],
            [
              -72.1031836,
              43.7822092
            ],
            [
              -72.1032457,
              43.7822207
            ],
            [
              -72.1033014,
              43.7822501
            ],
            [
              -72.1033078,
              43.7822536
            ],
            [
              -72.1033497,
              43.7822952
            ],
            [
              -72.1033699,
              43.7823036
            ],
            [
              -72.103432,
              43.7822962
            ],
            [
              -72.1034941,
              43.7823209
            ],
            [
              -72.1035563,
              43.7823265
            ],
            [
              -72.1036184,
              43.7823295
            ],
            [
              -72.1036805,
              43.7823185
            ],
            [
              -72.1037426,
              43.782304
            ],
            [
              -72.1037747,
              43.7822952
            ],
            [
              -72.1038047,
              43.7822891
            ],
            [
              -72.1038668,
              43.7822714
            ],
            [
              -72.1039086,
              43.7822501
            ],
            [
              -72.1039289,
              43.7822383
            ],
            [
              -72.103991,
              43.7822312
            ],
            [
              -72.1040462,
              43.782205
            ],
            [
              -72.1040531,
              43.7822025
            ],
            [
              -72.1040649,
              43.782205
            ],
            [
              -72.1041152,
              43.782223
            ],
            [
              -72.1041774,
              43.7822125
            ],
            [
              -72.1042395,
              43.7822159
            ],
            [
              -72.104288,
              43.7822501
            ],
            [
              -72.1043016,
              43.7822535
            ],
            [
              -72.1043171,
              43.7822501
            ],
            [
              -72.1043637,
              43.7822399
            ],
            [
              -72.1044258,
              43.7822221
            ],
            [
              -72.1044879,
              43.7822052
            ],
            [
              -72.1044884,
              43.782205
            ],
            [
              -72.10455,
              43.7821864
            ],
            [
              -72.1046121,
              43.7821637
            ],
            [
              -72.1046523,
              43.7821599
            ],
            [
              -72.1046742,
              43.7821579
            ],
            [
              -72.1046786,
              43.7821599
            ],
            [
              -72.1046989,
              43.782205
            ],
            [
              -72.1046742,
              43.782244
            ],
            [
              -72.104671,
              43.7822501
            ],
            [
              -72.104617,
              43.7822952
            ],
            [
              -72.1046742,
              43.7823269
            ],
            [
              -72.1047363,
              43.7823158
            ],
            [
              -72.1047984,
              43.782315
            ],
            [
              -72.1048543,
              43.7823404
            ],
            [
              -72.1048606,
              43.78235
            ],
            [
              -72.1048838,
              43.7823855
            ],
            [
              -72.1049061,
              43.7824306
            ],
            [
              -72.1049227,
              43.7824626
            ],
            [
              -72.104926,
              43.7824757
            ],
            [
              -72.1049546,
              43.7825208
            ],
            [
              -72.1049848,
              43.7825319
            ],
            [
              -72.105021,
              43.7825659
            ],
            [
              -72.1050338,
              43.7826111
            ],
            [
              -72.1050469,
              43.7826234
            ],
            [
              -72.105109,
              43.7826211
            ],
            [
              -72.105148,
              43.7826111
            ],
            [
              -72.1051711,
              43.7826048
            ],
            [
              -72.1052332,
              43.7825958
            ],
            [
              -72.1052953,
              43.7825965
            ],
            [
              -72.1053574,
              43.7825804
            ],
            [
              -72.1053917,
              43.7825659
            ],
            [
              -72.1054195,
              43.7825513
            ],
            [
              -72.1054817,
              43.7825364
            ],
            [
              -72.1055273,
              43.7825208
            ],
            [
              -72.1055438,
              43.7825163
            ],
            [
              -72.1056059,
              43.7824974
            ],
            [
              -72.105668,
              43.7824806
            ],
            [
              -72.1056839,
              43.7824757
            ],
            [
              -72.1057301,
              43.7824596
            ],
            [
              -72.1057922,
              43.7824486
            ],
            [
              -72.1058343,
              43.7824306
            ],
            [
              -72.1058543,
              43.7824168
            ],
            [
              -72.1059164,
              43.7824066
            ],
            [
              -72.1059785,
              43.7823944
            ],
            [
              -72.1060406,
              43.7823889
            ],
            [
              -72.1060497,
              43.7823855
            ],
            [
              -72.1061027,
              43.7823556
            ],
            [
              -72.1061343,
              43.7823404
            ],
            [
              -72.1061649,
              43.782329
            ],
            [
              -72.106227,
              43.7822989
            ],
            [
              -72.1062332,
              43.7822952
            ],
            [
              -72.1062891,
              43.7822588
            ],
            [
              -72.1063027,
              43.7822501
            ],
            [
              -72.1063512,
              43.7822099
            ],
            [
              -72.1063642,
              43.782205
            ],
            [
              -72.1064133,
              43.7821808
            ],
            [
              -72.1064429,
              43.7821599
            ],
            [
              -72.1064588,
              43.7821148
            ],
            [
              -72.1064754,
              43.7820747
            ],
            [
              -72.1064933,
              43.7820696
            ],
            [
              -72.1065375,
              43.7820601
            ],
            [
              -72.1065996,
              43.7820509
            ],
            [
              -72.106627,
              43.7820245
            ],
            [
              -72.1066617,
              43.7819879
            ],
            [
              -72.1066701,
              43.7819794
            ],
            [
              -72.1067238,
              43.7819362
            ],
            [
              -72.1067256,
              43.7819343
            ],
            [
              -72.1067797,
              43.7818892
            ],
            [
              -72.106786,
              43.7818838
            ],
            [
              -72.106834,
              43.781844
            ],
            [
              -72.1068481,
              43.7818243
            ],
            [
              -72.1068741,
              43.7817989
            ],
            [
              -72.1069102,
              43.7817656
            ],
            [
              -72.1069219,
              43.7817538
            ],
            [
              -72.1069723,
              43.7817203
            ],
            [
              -72.1069859,
              43.7817087
            ],
            [
              -72.1070344,
              43.7816785
            ],
            [
              -72.1070598,
              43.7816636
            ],
            [
              -72.1070965,
              43.7816446
            ],
            [
              -72.107137,
              43.7816184
            ],
            [
              -72.1071586,
              43.7815996
            ],
            [
              -72.1072084,
              43.7815733
            ],
            [
              -72.1072207,
              43.781566
            ],
            [
              -72.1072698,
              43.7815282
            ],
            [
              -72.1072828,
              43.7815149
            ],
            [
              -72.1073222,
              43.7814831
            ],
            [
              -72.1073449,
              43.781462
            ],
            [
              -72.1073704,
              43.781438
            ],
            [
              -72.107407,
              43.781413
            ],
            [
              -72.1074277,
              43.7813928
            ],
            [
              -72.1074692,
              43.7813551
            ],
            [
              -72.107478,
              43.7813477
            ],
            [
              -72.1075,
              43.781323
            ]
          ],
          [
            [
              -72.0857,
              43.787899
            ],
            [
              -72.0857308,
              43.7879044
            ],
            [
              -72.085793,
              43.7879032
            ],
            [
              -72.0858551,
              43.7878989
            ],
            [
              -72.0858752,
              43.78789
            ],
            [
              -72.0859172,
              43.7878712
            ],
            [
              -72.0859793,
              43.7878564
            ],
            [
              -72.0860185,
              43.7878449
            ],
            [
              -72.0860414,
              43.7878378
            ],
            [
              -72.0861035,
              43.7878306
            ],
            [
              -72.0861656,
              43.7878208
            ],
            [
              -72.0862277,
              43.7878108
            ],
            [
              -72.0862898,
              43.7878024
            ],
            [
              -72.0862963,
              43.7877998
            ],
            [
              -72.0863519,
              43.7877775
            ],
            [
              -72.086414,
              43.7877667
            ],
            [
              -72.0864762,
              43.7877646
            ],
            [
              -72.0865124,
              43.7877547
            ],
            [
              -72.0865383,
              43.7877479
            ],
            [
              -72.0866004,
              43.787714
            ],
            [
              -72.086617,
              43.7877095
            ],
            [
              -72.0866625,
              43.7877003
            ],
            [
              -72.0867246,
              43.7876959
            ],
            [
              -72.0867867,
              43.7876841
            ],
            [
              -72.0868488,
              43.7876669
            ],
            [
              -72.0868578,
              43.7876644
            ],
            [
              -72.0869109,
              43.7876535
            ],
            [
              -72.086973,
              43.7876598
            ],
            [
              -72.0870351,
              43.7876634
            ],
            [
              -72.0870973,
              43.7876593
            ],
            [
              -72.0871594,
              43.7876488
            ],
            [
              -72.0872215,
              43.787628
            ],
            [
              -72.0872452,
              43.7876193
            ],
            [
              -72.0872836,
              43.7876053
            ],
            [
              -72.0873457,
              43.7875863
            ],
            [
              -72.0873728,
              43.7875742
            ],
            [
              -72.0874078,
              43.7875588
            ],
            [
              -72.0874699,
              43.7875364
            ],
            [
              -72.0874967,
              43.7875291
            ],
            [
              -72.087532,
              43.7875199
            ],
            [
              -72.0875941,
              43.7874869
            ],
            [
              -72.0875987,
              43.7874839
            ],
            [
              -72.0876562,
              43.7874484
            ],
            [
              -72.0876723,
              43.7874388
            ],
            [
              -72.0877183,
              43.787417
            ],
            [
              -72.0877805,
              43.7873956
            ],
            [
              -72.0878046,
              43.7873937
            ],
            [
              -72.0878426,
              43.7873909
            ],
            [
              -72.0879047,
              43.787372
            ],
            [
              -72.0879502,
              43.7873486
            ],
            [
              -72.0879668,
              43.7873408
            ],
            [
              -72.0880289,
              43.7873202
            ],
            [
              -72.0880625,
              43.7873035
            ],
            [
              -72.088091,
              43.787282
            ],
            [
              -72.0881293,
              43.7872583
            ],
            [
              -72.0881531,
              43.7872437
            ],
            [
              -72.0881917,
              43.7872132
            ],
            [
              -72.0882152,
              43.7871982
            ],
            [
              -72.0882773,
              43.7871828
            ],
            [
              -72.0883394,
              43.787173
            ],
            [
              -72.0883576,
              43.7871681
            ],
            [
              -72.0884016,
              43.787157
            ],
            [
              -72.0884637,
              43.7871428
            ],
            [
              -72.0884894,
              43.787123
            ],
            [
              -72.0885217,
              43.7870779
            ],
            [
              -72.0885258,
              43.7870752
            ],
            [
              -72.0885879,
              43.7870559
            ],
            [
              -72.08865,
              43.7870341
            ],
            [
              -72.0886533,
              43.7870327
            ],
            [
              -72.0887121,
              43.7869972
            ],
            [
              -72.0887561,
              43.7869876
            ],
            [
              -72.0887742,
              43.7869848
            ],
            [
              -72.0888363,
              43.7869858
            ],
            [
              -72.0888484,
              43.7869876
            ],
            [
              -72.0888984,
              43.7869949
            ],
            [
              -72.0889267,
              43.7869876
            ],
            [
              -72.0889605,
              43.7869757
            ],
            [
              -72.0889996,
              43.7869425
            ],
            [
              -72.0890226,
              43.7869269
            ],
            [
              -72.0890848,
              43.7868986
            ],
            [
              -72.0891354,
              43.7868974
            ],
            [
              -72.0891469,
              43.7868971
            ],
            [
              -72.0891977,
              43.7868523
            ],
            [
              -72.089209,
              43.7868408
            ],
            [
              -72.0892456,
              43.7868072
            ],
            [
              -72.0892711,
              43.7867918
            ],
            [
              -72.0893332,
              43.7867635
            ],
            [
              -72.0893356,
              43.786762
            ],
            [
              -72.0893893,
              43.7867169
            ],
            [
              -72.0893953,
              43.7867108
            ],
            [
              -72.0894521,
              43.7866718
            ],
            [
              -72.0894574,
              43.7866685
            ],
            [
              -72.0895052,
              43.7866267
            ],
            [
              -72.0895195,
              43.7866163
            ],
            [
              -72.0895802,
              43.7865816
            ],
            [
              -72.0895816,
              43.7865794
            ],
            [
              -72.0896162,
              43.7865364
            ],
            [
              -72.0896437,
              43.7865236
            ],
            [
              -72.0897059,
              43.7865084
            ],
            [
              -72.089768,
              43.7864913
            ],
            [
              -72.089768,
              43.7864913
            ],
            [
              -72.0898301,
              43.7864719
            ],
            [
              -72.0898758,
              43.7864462
            ],
            [
              -72.0898922,
              43.78643
            ],
            [
              -72.0899329,
              43.7864011
            ],
            [
              -72.0899543,
              43.7863845
            ],
            [
              -72.0900164,
              43.7863622
            ],
            [
              -72.0900785,
              43.7863609
            ],
            [
              -72.0901406,
              43.7863641
            ],
            [
              -72.0902027,
              43.7863737
            ],
            [
              -72.0902632,
              43.7864011
            ],
            [
              -72.0902648,
              43.7864015
            ],
            [
              -72.0903269,
              43.7864214
            ],
            [
              -72.0903891,
              43.7864184
            ],
            [
              -72.0904433,
              43.7864011
            ],
            [
              -72.0904512,
              43.786399
            ],
            [
              -72.0905133,
              43.786383
            ],
            [
              -72.0905754,
              43.7863577
            ],
            [
              -72.0905788,
              43.786356
            ],
            [
              -72.0906375,
              43.786329
            ],
            [
              -72.0906732,
              43.7863108
            ],
            [
              -72.0906996,
              43.7862956
            ],
            [
              -72.0907617,
              43.7862749
            ],
            [
              -72.0908238,
              43.786276
            ],
            [
              -72.0908859,
              43.7862822
            ],
            [
              -72.0909221,
              43.7862657
            ],
            [
              -72.090948,
              43.7862448
            ],
            [
              -72.0909773,
              43.7862206
            ],
            [
              -72.0909965,
              43.7861755
            ],
            [
              -72.090994,
              43.7861304
            ],
            [
              -72.0909858,
              43.7860852
            ],
            [
              -72.0909898,
              43.7860401
            ],
            [
              -72.0910101,
              43.7860066
            ],
            [
              -72.0910184,
              43.785995
            ],
            [
              -72.0910568,
              43.7859499
            ],
            [
              -72.0910723,
              43.7859326
            ],
            [
              -72.0910935,
              43.7859048
            ],
            [
              -72.0911165,
              43.7858596
            ],
            [
              -72.0911283,
              43.7858145
            ],
            [
              -72.0911344,
              43.7858058
            ],
            [
              -72.0911539,
              43.7857694
            ],
            [
              -72.0911696,
              43.7857243
            ],
            [
              -72.0911836,
              43.7856792
            ],
            [
              -72.0911965,
              43.7856605
            ],
            [
              -72.0912088,
              43.7856341
            ],
            [
              -72.0912211,
              43.7855889
            ],
            [
              -72.0912383,
              43.7855438
            ],
            [
              -72.0912586,
              43.7855124
            ],
            [
              -72.0912685,
              43.7854987
            ],
            [
              -72.0913181,
              43.7854536
            ],
            [
              -72.0913207,
              43.785452
            ],
            [
              -72.0913828,
              43.7854217
            ],
            [
              -72.0914061,
              43.7854085
            ],
            [
              -72.0914449,
              43.7853829
            ],
            [
              -72.0914758,
              43.7853633
            ],
            [
              -72.091505,
              43.7853182
            ],
            [
              -72.0915044,
              43.7852731
            ],
            [
              -72.091507,
              43.7852676
            ],
            [
              -72.091528,
              43.785228
            ],
            [
              -72.0915691,
              43.7851865
            ],
            [
              -72.0915747,
              43.7851829
            ],
            [
              -72.0916312,
              43.7851457
            ],
            [
              -72.0916487,
              43.7851377
            ],
            [
              -72.0916934,
              43.7851217
            ],
            [
              -72.0917555,
              43.7851045
            ],
            [
              -72.0917749,
              43.7850926
            ],
            [
              -72.091803,
              43.7850475
            ],
            [
              -72.0918176,
              43.7850174
            ],
            [
              -72.091826,
              43.7850024
            ],
            [
              -72.0918304,
              43.7849573
            ],
            [
              -72.0918505,
              43.7849121
            ],
            [
              -72.0918797,
              43.7848691
            ],
            [
              -72.0918809,
              43.784867
            ],
            [
              -72.0919166,
              43.7848219
            ],
            [
              -72.0919418,
              43.7847988
            ],
            [
              -72.0919686,
              43.7847768
            ],
            [
              -72.0920039,
              43.7847417
            ],
            [
              -72.0920119,
              43.7847317
            ],
            [
              -72.092066,
              43.7847036
            ],
            [
              -72.0920884,
              43.7846865
            ],
            [
              -72.0920991,
              43.7846414
            ],
            [
              -72.0920891,
              43.7845963
            ],
            [
              -72.0920865,
              43.7845512
            ],
            [
              -72.0920901,
              43.7845061
            ],
            [
              -72.0920883,
              43.784461
            ],
            [
              -72.0921158,
              43.7844158
            ],
            [
              -72.0920921,
              43.7843707
            ],
            [
              -72.0920717,
              43.7843256
            ],
            [
              -72.092066,
              43.7843174
            ],
            [
              -72.0920336,
              43.7842805
            ],
            [
              -72.0920039,
              43.7842595
            ],
            [
              -72.0919837,
              43.7842354
            ],
            [
              -72.0919562,
              43.7841902
            ],
            [
              -72.0919418,
              43.7841666
            ],
            [
              -72.0919285,
              43.7841451
            ],
            [
              -72.0919011,
              43.7841
            ],
            [
              -72.0918797,
              43.784057
            ],
            [
              -72.0918786,
              43.7840549
            ],
            [
              -72.0918623,
              43.7840098
            ],
            [
              -72.0918432,
              43.7839646
            ],
            [
              -72.0918176,
              43.7839324
            ],
            [
              -72.0918095,
              43.7839195
            ],
            [
              -72.0917812,
              43.7838744
            ],
            [
              -72.0917555,
              43.7838375
            ],
            [
              -72.0917487,
              43.7838293
            ],
            [
              -72.0917117,
              43.7837842
            ],
            [
              -72.0916934,
              43.7837629
            ],
            [
              -72.0916725,
              43.783739
            ],
            [
              -72.0916312,
              43.7837016
            ],
            [
              -72.0916219,
              43.7836939
            ],
            [
              -72.0915691,
              43.7836518
            ],
            [
              -72.0915656,
              43.7836488
            ],
            [
              -72.0915253,
              43.7836037
            ],
            [
              -72.0915691,
              43.783565
            ],
            [
              -72.0915844,
              43.7835586
            ],
            [
              -72.0916235,
              43.7835135
            ],
            [
              -72.0916312,
              43.7835044
            ],
            [
              -72.0916696,
              43.7834683
            ],
            [
              -72.0916934,
              43.7834236
            ],
            [
              -72.0916934,
              43.7834232
            ],
            [
              -72.0917003,
              43.7833781
            ],
            [
              -72.0916934,
              43.7833406
            ],
            [
              -72.0916896,
              43.783333
            ],
            [
              -72.09165,
              43.7832879
            ],
            [
              -72.0916393,
              43.7832427
            ],
            [
              -72.091669,
              43.7831976
            ],
            [
              -72.0916934,
              43.7831664
            ],
            [
              -72.091704,
              43.7831525
            ],
            [
              -72.0917392,
              43.7831074
            ],
            [
              -72.0917442,
              43.7830623
            ],
            [
              -72.0917438,
              43.7830171
            ],
            [
              -72.0917152,
              43.782972
            ],
            [
              -72.0917062,
              43.7829269
            ],
            [
              -72.0917215,
              43.7828818
            ],
            [
              -72.0917258,
              43.7828367
            ],
            [
              -72.0917308,
              43.7827915
            ],
            [
              -72.0917364,
              43.7827464
            ],
            [
              -72.0917405,
              43.7827013
            ],
            [
              -72.0917406,
              43.7826562
            ],
            [
              -72.0917541,
              43.7826111
            ],
            [
              -72.0917484,
              43.7825659
            ],
            [
              -72.0917555,
              43.7825499
            ],
            [
              -72.0917726,
              43.7825208
            ],
            [
              -72.0918176,
              43.7824785
            ],
            [
              -72.09182,
              43.7824757
            ],
            [
              -72.0918429,
              43.7824306
            ],
            [
              -72.0918286,
              43.7823855
            ],
            [
              -72.091827,
              43.7823404
            ],
            [
              -72.0918519,
              43.7822952
            ],
            [
              -72.0918495,
              43.7822501
            ],
            [
              -72.0918503,
              43.782205
            ],
            [
              -72.0918477,
              43.7821599
            ],
            [
              -72.0918311,
              43.7821148
            ],
            [
              -72.0918176,
              43.7820763
            ],
            [
              -72.0918143,
              43.7820696
            ],
            [
              -72.0918176,
              43.7820663
            ],
            [
              -72.0918797,
              43.782038
            ],
            [
              -72.0918928,
              43.7820245
            ],
            [
              -72.0919283,
              43.7819794
            ],
            [
              -72.09192,
              43.7819343
            ],
            [
              -72.0919104,
              43.7818892
            ],
            [
              -72.0919168,
              43.781844
            ],
            [
              -72.0919143,
              43.7817989
            ],
            [
              -72.0919004,
              43.7817538
            ],
            [
              -72.0919027,
              43.7817087
            ],
            [
              -72.0919162,
              43.7816636
            ],
            [
              -72.0919123,
              43.7816184
            ],
            [
              -72.0919107,
              43.7815733
            ],
            [
              -72.0919067,
              43.7815282
            ],
            [
              -72.0919046,
              43.7814831
            ],
            [
              -72.0919113,
              43.781438
            ],
            [
              -72.0919143,
              43.7813928
            ],
            [
              -72.0919405,
              43.7813477
            ],
            [
              -72.0919418,
              43.7813464
            ],
            [
              -72.0919704,
              43.7813026
            ],
            [
              -72.0919762,
              43.7812575
            ],
            [
              -72.0919578,
              43.7812124
            ],
            [
              -72.0919418,
              43.7811916
            ],
            [
              -72.091918,
              43.7811673
            ],
            [
              -72.0918797,
              43.781136
            ],
            [
              -72.0918696,
              43.7811221
            ],
            [
              -72.0918382,
              43.781077
            ],
            [
              -72.0918176,
              43.78105
            ],
            [
              -72.0918052,
              43.7810319
            ],
            [
              -72.0917823,
              43.7809868
            ],
            [
              -72.0917691,
              43.7809417
            ],
            [
              -72.0917555,
              43.7809204
            ],
            [
              -72.0917476,
              43.7808965
            ],
            [
              -72.0917238,
              43.7808514
            ],
            [
              -72.0917013,
              43.7808063
            ],
            [
              -72.0916934,
              43.7807921
            ],
            [
              -72.0916783,
              43.7807612
            ],
            [
              -72.0916543,
              43.7807161
            ],
            [
              -72.0916387,
              43.7806709
            ],
            [
              -72.0916339,
              43.7806258
            ],
            [
              -72.0916312,
              43.7806223
            ],
            [
              -72.0915833,
              43.7805807
            ],
            [
              -72.0915691,
              43.7805553
            ],
            [
              -72.0915573,
              43.7805356
            ],
            [
              -72.0915078,
              43.7804905
            ],
            [
              -72.091507,
              43.7804895
            ],
            [
              -72.0914705,
              43.7804453
            ],
            [
              -72.0914449,
              43.780406
            ],
            [
              -72.0914418,
              43.7804002
            ],
            [
              -72.0914195,
              43.7803551
            ],
            [
              -72.0913968,
              43.78031
            ],
            [
              -72.0913828,
              43.7802891
            ],
            [
              -72.0913706,
              43.7802649
            ],
            [
              -72.09135,
              43.7802198
            ],
            [
              -72.0913207,
              43.7801832
            ],
            [
              -72.0913159,
              43.7801746
            ],
            [
              -72.0912923,
              43.7801295
            ],
            [
              -72.0912586,
              43.7801015
            ],
            [
              -72.0912433,
              43.7800844
            ],
            [
              -72.0911965,
              43.7800457
            ],
            [
              -72.0911883,
              43.7800393
            ],
            [
              -72.0911378,
              43.7799942
            ],
            [
              -72.0911344,
              43.7799914
            ],
            [
              -72.0910845,
              43.779949
            ],
            [
              -72.0910723,
              43.7799328
            ],
            [
              -72.0910514,
              43.7799039
            ],
            [
              -72.0910101,
              43.7798786
            ],
            [
              -72.0909575,
              43.7798588
            ],
            [
              -72.090948,
              43.7798562
            ],
            [
              -72.0908859,
              43.7798285
            ],
            [
              -72.0908473,
              43.7798137
            ],
            [
              -72.0908238,
              43.779801
            ],
            [
              -72.0907617,
              43.7797687
            ],
            [
              -72.0907615,
              43.7797686
            ],
            [
              -72.0906996,
              43.7797416
            ],
            [
              -72.0906649,
              43.7797234
            ],
            [
              -72.0906375,
              43.7797099
            ],
            [
              -72.0905754,
              43.7796788
            ],
            [
              -72.0905749,
              43.7796783
            ],
            [
              -72.090549,
              43.7796332
            ],
            [
              -72.0905133,
              43.7796032
            ],
            [
              -72.0904914,
              43.7795881
            ],
            [
              -72.0904512,
              43.7795594
            ],
            [
              -72.09042,
              43.779543
            ],
            [
              -72.0903891,
              43.779518
            ],
            [
              -72.0903772,
              43.7794978
            ],
            [
              -72.0903269,
              43.7794658
            ],
            [
              -72.0903043,
              43.7794527
            ],
            [
              -72.0902648,
              43.7794331
            ],
            [
              -72.0902027,
              43.7794126
            ],
            [
              -72.0901901,
              43.7794076
            ],
            [
              -72.0901406,
              43.7793636
            ],
            [
              -72.0901395,
              43.7793625
            ],
            [
              -72.0900785,
              43.7793233
            ],
            [
              -72.0900645,
              43.7793174
            ],
            [
              -72.0900327,
              43.7792722
            ],
            [
              -72.0900186,
              43.7792271
            ],
            [
              -72.0900164,
              43.7792259
            ],
            [
              -72.0899679,
              43.779182
            ],
            [
              -72.0899543,
              43.779172
            ],
            [
              -72.0899117,
              43.7791369
            ],
            [
              -72.0898922,
              43.7791257
            ],
            [
              -72.0898304,
              43.7790918
            ],
            [
              -72.0898301,
              43.7790916
            ],
            [
              -72.089768,
              43.7790594
            ],
            [
              -72.0897461,
              43.7790467
            ],
            [
              -72.0897059,
              43.7790079
            ],
            [
              -72.0896904,
              43.7790015
            ],
            [
              -72.0896437,
              43.7789828
            ],
            [
              -72.0895816,
              43.7789696
            ],
            [
              -72.0895337,
              43.7789564
            ],
            [
              -72.0895195,
              43.7789482
            ],
            [
              -72.0894574,
              43.7789143
            ],
            [
              -72.0894503,
              43.7789113
            ],
            [
              -72.0893953,
              43.7788702
            ],
            [
              -72.0893916,
              43.7788662
            ],
            [
              -72.0893332,
              43.7788267
            ],
            [
              -72.0892711,
              43.7788217
            ],
            [
              -72.0892698,
              43.7788211
            ],
            [
              -72.089209,
              43.7787816
            ],
            [
              -72.0892,
              43.7787759
            ],
            [
              -72.0891758,
              43.7787308
            ],
            [
              -72.089165,
              43.7786857
            ],
            [
              -72.0891469,
              43.778668
            ],
            [
              -72.0891027,
              43.7786406
            ],
            [
              -72.0890848,
              43.7786335
            ],
            [
              -72.0890226,
              43.7786236
            ],
            [
              -72.0889605,
              43.778604
            ],
            [
              -72.0889388,
              43.7785955
            ],
            [
              -72.0888984,
              43.7785712
            ],
            [
              -72.0888458,
              43.7785503
            ],
            [
              -72.0888397,
              43.7785052
            ],
            [
              -72.0888363,
              43.7784952
            ],
            [
              -72.0888236,
              43.7784601
            ],
            [
              -72.0887742,
              43.7784248
            ],
            [
              -72.0887511,
              43.778415
            ],
            [
              -72.0887121,
              43.7784057
            ],
            [
              -72.08865,
              43.7783783
            ],
            [
              -72.0886241,
              43.7783699
            ],
            [
              -72.0885879,
              43.778357
            ],
            [
              -72.0885258,
              43.7783347
            ],
            [
              -72.0884787,
              43.7783247
            ],
            [
              -72.0884637,
              43.7783192
            ],
            [
              -72.0884016,
              43.7782983
            ],
            [
              -72.0883675,
              43.7782796
            ],
            [
              -72.0883394,
              43.7782609
            ],
            [
              -72.0883183,
              43.7782345
            ],
            [
              -72.0882773,
              43.778201
            ],
            [
              -72.0882583,
              43.7781894
            ],
            [
              -72.088233,
              43.7781443
            ],
            [
              -72.0882152,
              43.7781339
            ],
            [
              -72.0881531,
              43.7781129
            ],
            [
              -72.088126,
              43.7780991
            ],
            [
              -72.088091,
              43.7780644
            ],
            [
              -72.0880795,
              43.778054
            ],
            [
              -72.0880289,
              43.7780196
            ],
            [
              -72.0880007,
              43.7780089
            ],
            [
              -72.0879668,
              43.7779881
            ],
            [
              -72.0879459,
              43.7779638
            ],
            [
              -72.0879047,
              43.7779266
            ],
            [
              -72.0878838,
              43.7779187
            ],
            [
              -72.0878426,
              43.7778935
            ],
            [
              -72.0877805,
              43.7778801
            ],
            [
              -72.0877531,
              43.7778736
            ],
            [
              -72.0877183,
              43.7778397
            ],
            [
              -72.087711,
              43.7778284
            ],
            [
              -72.0876593,
              43.7777833
            ],
            [
              -72.0876562,
              43.7777815
            ],
            [
              -72.0876084,
              43.7777382
            ],
            [
              -72.0875941,
              43.7777207
            ],
            [
              -72.0875798,
              43.7776931
            ],
            [
              -72.0875941,
              43.7776767
            ],
            [
              -72.0876055,
              43.777648
            ],
            [
              -72.0875941,
              43.7776355
            ],
            [
              -72.0875378,
              43.7776028
            ],
            [
              -72.087532,
              43.7776003
            ],
            [
              -72.0874699,
              43.7775808
            ],
            [
              -72.0874333,
              43.7775577
            ],
            [
              -72.0874078,
              43.7775457
            ],
            [
              -72.0873529,
              43.7775126
            ],
            [
              -72.0873457,
              43.7775037
            ],
            [
              -72.0873259,
              43.7774675
            ],
            [
              -72.0872836,
              43.7774283
            ],
            [
              -72.0872779,
              43.7774224
            ],
            [
              -72.0872371,
              43.7774
            ]
          ]
        ]
      }
    },
    {
      "type": "Feature",
      "id": "contour/500m",
      "properties": {
        "elevation_m": 500,
        "is_index": true
      },
      "geometry": {
        "type": "MultiLineString",
        "coordinates": [
          [
            [
              -72.1037583,
              43.7774
            ],
            [
              -72.1037454,
              43.7774224
            ],
            [
              -72.1037426,
              43.777429
            ],
            [
              -72.1037251,
              43.7774675
            ],
            [
              -72.1036919,
              43.7775126
            ],
            [
              -72.1036805,
              43.7775256
            ],
            [
              -72.1036556,
              43.7775577
            ],
            [
              -72.1036249,
              43.7776028
            ],
            [
              -72.1036184,
              43.777616
            ],
            [
              -72.103603,
              43.777648
            ],
            [
              -72.1035845,
              43.7776931
            ],
            [
              -72.1035822,
              43.7777382
            ],
            [
              -72.1035793,
              43.7777833
            ],
            [
              -72.1035563,
              43.7778222
            ],
            [
              -72.1035523,
              43.7778284
            ],
            [
              -72.1035174,
              43.7778736
            ],
            [
              -72.1034941,
              43.7779077
            ],
            [
              -72.1034876,
              43.7779187
            ],
            [
              -72.103472,
              43.7779638
            ],
            [
              -72.1034364,
              43.7780089
            ],
            [
              -72.103432,
              43.7780121
            ],
            [
              -72.1033712,
              43.778054
            ],
            [
              -72.1033699,
              43.7780548
            ],
            [
              -72.1033078,
              43.7780805
            ],
            [
              -72.1032492,
              43.7780991
            ],
            [
              -72.1032457,
              43.7781021
            ],
            [
              -72.1032201,
              43.7781443
            ],
            [
              -72.1031836,
              43.7781783
            ],
            [
              -72.1031699,
              43.7781894
            ],
            [
              -72.1031215,
              43.7782334
            ],
            [
              -72.1031209,
              43.7782345
            ],
            [
              -72.1030977,
              43.7782796
            ],
            [
              -72.1030594,
              43.7783114
            ],
            [
              -72.1030491,
              43.7783247
            ],
            [
              -72.1029973,
              43.7783698
            ],
            [
              -72.1029972,
              43.7783699
            ],
            [
              -72.1029973,
              43.7783706
            ],
            [
              -72.1030097,
              43.778415
            ],
            [
              -72.1029973,
              43.7784232
            ],
            [
              -72.10296,
              43.7784601
            ],
            [
              -72.1029352,
              43.7784867
            ],
            [
              -72.1029177,
              43.7785052
            ],
            [
              -72.1028731,
              43.7785466
            ],
            [
              -72.1028698,
              43.7785503
            ],
            [
              -72.1028438,
              43.7785955
            ],
            [
              -72.1028109,
              43.7786335
            ],
            [
              -72.1028061,
              43.7786406
            ],
            [
              -72.1027931,
              43.7786857
            ],
            [
              -72.1027628,
              43.7787308
            ],
            [
              -72.1027488,
              43.7787618
            ],
            [
              -72.1027398,
              43.7787759
            ],
            [
              -72.1027009,
              43.7788211
            ],
            [
              -72.1026867,
              43.7788639
            ],
            [
              -72.1026859,
              43.7788662
            ],
            [
              -72.102668,
              43.7789113
            ],
            [
              -72.1026536,
              43.7789564
            ],
            [
              -72.1026425,
              43.7790015
            ],
            [
              -72.1026308,
              43.7790467
            ],
            [
              -72.1026246,
              43.7790593
            ],
            [
              -72.1026041,
              43.7790918
            ],
            [
              -72.1025814,
              43.7791369
            ],
            [
              -72.1025634,
              43.779182
            ],
            [
              -72.1025625,
              43.779184
            ],
            [
              -72.1025359,
              43.7792271
            ],
            [
              -72.102508,
              43.7792722
            ],
            [
              -72.1025004,
              43.7792845
            ],
            [
              -72.1024775,
              43.7793174
            ],
            [
              -72.1024802,
              43.7793625
            ],
            [
              -72.1024481,
              43.7794076
            ],
            [
              -72.1024383,
              43.7794178
            ],
            [
              -72.1024162,
              43.7794527
            ],
            [
              -72.1023955,
              43.7794978
            ],
            [
              -72.1023935,
              43.779543
            ],
            [
              -72.1023847,
              43.7795881
            ],
            [
              -72.10239,
              43.7796332
            ],
            [
              -72.1023986,
              43.7796783
            ],
            [
              -72.1023762,
              43.7797141
            ],
            [
              -72.1023733,
              43.7797234
            ],
            [
              -72.1023659,
              43.7797686
            ],
            [
              -72.1023762,
              43.7797891
            ],
            [
              -72.1024383,
              43.7798002
            ],
            [
              -72.1024698,
              43.7798137
            ],
            [
              -72.1025004,
              43.7798248
            ],
            [
              -72.1025601,
              43.7798588
            ],
            [
              -72.1025625,
              43.7798601
            ],
            [
              -72.1026246,
              43.7799034
            ],
            [
              -72.1026254,
              43.7799039
            ],
            [
              -72.1026865,
              43.779949
            ],
            [
              -72.1026867,
              43.7799492
            ],
            [
              -72.1027488,
              43.7799867
            ],
            [
              -72.1027601,
              43.7799942
            ],
            [
              -72.1028109,
              43.7800263
            ],
            [
              -72.1028353,
              43.7800393
            ],
            [
              -72.1028731,
              43.7800604
            ],
            [
              -72.1029271,
              43.7800844
            ],
            [
              -72.1029352,
              43.7800882
            ],
            [
              -72.1029711,
              43.7801295
            ],
            [
              -72.1029914,
              43.7801746
            ],
            [
              -72.1029973,
              43.780199
            ],
            [
              -72.1030017,
              43.7802198
            ],
            [
              -72.1030032,
              43.7802649
            ],
            [
              -72.1030048,
              43.78031
            ],
            [
              -72.1030077,
              43.7803551
            ],
            [
              -72.1030007,
              43.7804002
            ],
            [
              -72.1029973,
              43.7804244
            ],
            [
              -72.1029935,
              43.7804453
            ],
            [
              -72.1029728,
              43.7804905
            ],
            [
              -72.1029632,
              43.7805356
            ],
            [
              -72.1029352,
              43.78057
            ],
            [
              -72.1029254,
              43.7805807
            ],
            [
              -72.1029084,
              43.7806258
            ],
            [
              -72.1028851,
              43.7806709
            ],
            [
              -72.1028731,
              43.7807044
            ],
            [
              -72.1028675,
              43.7807161
            ],
            [
              -72.1028628,
              43.7807612
            ],
            [
              -72.1028636,
              43.7808063
            ],
            [
              -72.102842,
              43.7808514
            ],
            [
              -72.1028227,
              43.7808965
            ],
            [
              -72.1028109,
              43.7809166
            ],
            [
              -72.1027986,
              43.7809417
            ],
            [
              -72.102776,
              43.7809868
            ],
            [
              -72.1027852,
              43.7810319
            ],
            [
              -72.1028099,
              43.781077
            ],
            [
              -72.1027984,
              43.7811221
            ],
            [
              -72.1027953,
              43.7811673
            ],
            [
              -72.1027866,
              43.7812124
            ],
            [
              -72.1027811,
              43.7812575
            ],
            [
              -72.1027612,
              43.7813026
            ],
            [
              -72.1027488,
              43.7813262
            ],
            [
              -72.1027382,
              43.7813477
            ],
            [
              -72.1027302,
              43.7813928
            ],
            [
              -72.1027488,
              43.7814122
            ],
            [
              -72.1028109,
              43.7814241
            ],
            [
              -72.1028731,
              43.7814365
            ],
            [
              -72.1028815,
              43.781438
            ],
            [
              -72.1029352,
              43.7814464
            ],
            [
              -72.1029973,
              43.7814542
            ],
            [
              -72.1030594,
              43.7814643
            ],
            [
              -72.1031215,
              43.7814762
            ],
            [
              -72.1031464,
              43.7814831
            ],
            [
              -72.1031836,
              43.7814938
            ],
            [
              -72.1032457,
              43.7815097
            ],
            [
              -72.1033078,
              43.7815208
            ],
            [
              -72.1033223,
              43.7815282
            ],
            [
              -72.1033613,
              43.7815733
            ],
            [
              -72.1033699,
              43.7815963
            ],
            [
              -72.1033802,
              43.7816184
            ],
            [
              -72.103432,
              43.7816573
            ],
            [
              -72.1034941,
              43.7816544
            ],
            [
              -72.1035525,
              43.7816184
            ],
            [
              -72.1035563,
              43.7816145
            ],
            [
              -72.1036184,
              43.7815831
            ],
            [
              -72.1036805,
              43.7815901
            ],
            [
              -72.1037426,
              43.7815931
            ],
            [
              -72.1037982,
              43.7815733
            ],
            [
              -72.1038047,
              43.7815706
            ],
            [
              -72.1038668,
              43.7815459
            ],
            [
              -72.1039038,
              43.7815282
            ],
            [
              -72.1039289,
              43.7815182
            ],
            [
              -72.103991,
              43.7815176
            ],
            [
              -72.1040519,
              43.7815282
            ],
            [
              -72.1040531,
              43.7815286
            ],
            [
              -72.1040547,
              43.7815282
            ],
            [
              -72.1041152,
              43.7815061
            ],
            [
              -72.1041453,
              43.7814831
            ],
            [
              -72.1041774,
              43.7814637
            ],
            [
              -72.1042371,
              43.781438
            ],
            [
              -72.1042395,
              43.7814374
            ],
            [
              -72.1043016,
              43.7814261
            ],
            [
              -72.1043637,
              43.7814123
            ],
            [
              -72.1044258,
              43.7813938
            ],
            [
              -72.1044294,
              43.7813928
            ],
            [
              -72.1044879,
              43.781377
            ],
            [
              -72.10455,
              43.7813602
            ],
            [
              -72.1045976,
              43.7813477
            ],
            [
              -72.1046121,
              43.7813439
            ],
            [
              -72.1046295,
              43.7813477
            ],
            [
              -72.1046742,
              43.7813583
            ],
            [
              -72.1047113,
              43.7813477
            ],
            [
              -72.1047363,
              43.7813406
            ],
            [
              -72.1047984,
              43.7813324
            ],
            [
              -72.1048606,
              43.7813276
            ],
            [
              -72.1049227,
              43.7813153
            ],
            [
              -72.1049635,
              43.7813026
            ],
            [
              -72.1049848,
              43.7812949
            ],
            [
              -72.1050469,
              43.7812775
            ],
            [
              -72.1050953,
              43.7812575
            ],
            [
              -72.105109,
              43.7812511
            ],
            [
              -72.1051711,
              43.7812345
            ],
            [
              -72.1052332,
              43.781225
            ],
            [
              -72.1052953,
              43.7812165
            ],
            [
              -72.1053064,
              43.7812124
            ],
            [
              -72.1053574,
              43.7811921
            ],
            [
              -72.1054111,
              43.7811673
            ],
            [
              -72.1054195,
              43.7811636
            ],
            [
              -72.1054817,
              43.7811319
            ],
            [
              -72.1055137,
              43.7811221
            ],
            [
              -72.1055438,
              43.7811123
            ],
            [
              -72.1056059,
              43.7810951
            ],
            [
              -72.105668,
              43.7811108
            ],
            [
              -72.1056803,
              43.7811221
            ],
            [
              -72.1057301,
              43.7811588
            ],
            [
              -72.1057922,
              43.7811672
            ],
            [
              -72.1057926,
              43.7811673
            ],
            [
              -72.1058543,
              43.7811894
            ],
            [
              -72.1058779,
              43.7812124
            ],
            [
              -72.1059164,
              43.7812502
            ],
            [
              -72.1059785,
              43.7812461
            ],
            [
              -72.1060406,
              43.7812242
            ],
            [
              -72.106081,
              43.7812124
            ],
            [
              -72.1061027,
              43.7812069
            ],
            [
              -72.1061649,
              43.7811771
            ],
            [
              -72.1061853,
              43.7811673
            ],
            [
              -72.106227,
              43.7811479
            ],
            [
              -72.106282,
              43.7811221
            ],
            [
              -72.1062891,
              43.7811185
            ],
            [
              -72.106348,
              43.781077
            ],
            [
              -72.1063512,
              43.7810743
            ],
            [
              -72.1064047,
              43.7810319
            ],
            [
              -72.1064133,
              43.7810207
            ],
            [
              -72.1064754,
              43.7810007
            ],
            [
              -72.1064936,
              43.7809868
            ],
            [
              -72.1065247,
              43.7809417
            ],
            [
              -72.1065375,
              43.7809342
            ],
            [
              -72.1065996,
              43.7809038
            ],
            [
              -72.1066202,
              43.7808965
            ],
            [
              -72.1066617,
              43.7808821
            ],
            [
              -72.1067238,
              43.7808526
            ],
            [
              -72.1067254,
              43.7808514
            ],
            [
              -72.1067535,
              43.7808063
            ],
            [
              -72.1067725,
              43.7807612
            ],
            [
              -72.106786,
              43.7807254
            ],
            [
              -72.1067901,
              43.7807161
            ],
            [
              -72.1068321,
              43.7806709
            ],
            [
              -72.1068481,
              43.7806581
            ],
            [
              -72.1069102,
              43.7806364
            ],
            [
              -72.1069264,
              43.7806258
            ],
            [
              -72.1069723,
              43.7805923
            ],
            [
              -72.1069946,
              43.7805807
            ],
            [
              -72.1070344,
              43.7805592
            ],
            [
              -72.1070733,
              43.7805356
            ],
            [
              -72.1070965,
              43.7805169
            ],
            [
              -72.1071148,
              43.7804905
            ],
            [
              -72.1071313,
              43.7804453
            ],
            [
              -72.107116,
              43.7804002
            ],
            [
              -72.1070965,
              43.7803564
            ],
            [
              -72.1070957,
              43.7803551
            ],
            [
              -72.1070965,
              43.7803485
            ],
            [
              -72.1071005,
              43.78031
            ],
            [
              -72.1071019,
              43.7802649
            ],
            [
              -72.1070994,
              43.7802198
            ],
            [
              -72.1070997,
              43.7801746
            ],
            [
              -72.1071128,
              43.7801295
            ],
            [
              -72.1071222,
              43.7800844
            ],
            [
              -72.1071439,
              43.7800393
            ],
            [
              -72.1071586,
              43.7800195
            ],
            [
              -72.1071828,
              43.7799942
            ],
            [
              -72.1072207,
              43.7799653
            ],
            [
              -72.1072427,
              43.779949
            ],
            [
              -72.1072828,
              43.7799193
            ],
            [
              -72.1073004,
              43.7799039
            ],
            [
              -72.1073449,
              43.7798637
            ],
            [
              -72.1073513,
              43.7798588
            ],
            [
              -72.107407,
              43.7798161
            ],
            [
              -72.1074097,
              43.7798137
            ],
            [
              -72.10746,
              43.7797686
            ],
            [
              -72.1074692,
              43.7797611
            ],
            [
              -72.1075,
              43.7797354
            ]
          ],
          [
            [
              -72.0857,
              43.787268
            ],
            [
              -72.0857308,
              43.7872708
            ],
            [
              -72.085793,
              43.7872789
            ],
            [
              -72.0858551,
              43.7872806
            ],
            [
              -72.0859172,
              43.7872756
            ],
            [
              -72.0859793,
              43.7872667
            ],
            [
              -72.0860366,
              43.7872583
            ],
            [
              -72.0860414,
              43.7872577
            ],
            [
              -72.0861035,
              43.787252
            ],
            [
              -72.0861656,
              43.7872481
            ],
            [
              -72.0862277,
              43.7872443
            ],
            [
              -72.0862898,
              43.7872367
            ],
            [
              -72.0863519,
              43.7872219
            ],
            [
              -72.0863714,
              43.7872132
            ],
            [
              -72.086414,
              43.7871907
            ],
            [
              -72.0864762,
              43.7871935
            ],
            [
              -72.0865383,
              43.7871926
            ],
            [
              -72.0866004,
              43.7871817
            ],
            [
              -72.0866467,
              43.7871681
            ],
            [
              -72.0866625,
              43.7871639
            ],
            [
              -72.0867246,
              43.7871434
            ],
            [
              -72.0867752,
              43.787123
            ],
            [
              -72.0867867,
              43.7871188
            ],
            [
              -72.0868488,
              43.7871072
            ],
            [
              -72.0869109,
              43.7871166
            ],
            [
              -72.086973,
              43.7871208
            ],
            [
              -72.0870351,
              43.7871213
            ],
            [
              -72.0870973,
              43.78712
            ],
            [
              -72.0871594,
              43.7871196
            ],
            [
              -72.0872215,
              43.7871016
            ],
            [
              -72.0872668,
              43.7870779
            ],
            [
              -72.0872836,
              43.7870688
            ],
            [
              -72.0873457,
              43.7870437
            ],
            [
              -72.0873681,
              43.7870327
            ],
            [
              -72.0873932,
              43.7869876
            ],
            [
              -72.0874078,
              43.7869733
            ],
            [
              -72.0874543,
              43.7869425
            ],
            [
              -72.0874699,
              43.7869378
            ],
            [
              -72.087532,
              43.7869217
            ],
            [
              -72.0875742,
              43.7868974
            ],
            [
              -72.0875941,
              43.786883
            ],
            [
              -72.0876406,
              43.7868523
            ],
            [
              -72.0876562,
              43.7868445
            ],
            [
              -72.0877183,
              43.786822
            ],
            [
              -72.0877584,
              43.7868072
            ],
            [
              -72.0877805,
              43.786796
            ],
            [
              -72.0878316,
              43.786762
            ],
            [
              -72.0878426,
              43.7867538
            ],
            [
              -72.0878754,
              43.7867169
            ],
            [
              -72.0879047,
              43.7866943
            ],
            [
              -72.0879346,
              43.7866718
            ],
            [
              -72.0879668,
              43.7866466
            ],
            [
              -72.0880205,
              43.7866267
            ],
            [
              -72.0880289,
              43.7866233
            ],
            [
              -72.088091,
              43.7865936
            ],
            [
              -72.0881531,
              43.7865863
            ],
            [
              -72.0882152,
              43.7865871
            ],
            [
              -72.0882361,
              43.7865816
            ],
            [
              -72.0882773,
              43.7865686
            ],
            [
              -72.0883394,
              43.7865468
            ],
            [
              -72.0883947,
              43.7865364
            ],
            [
              -72.0884016,
              43.7865351
            ],
            [
              -72.0884637,
              43.7865187
            ],
            [
              -72.0885154,
              43.7864913
            ],
            [
              -72.0885258,
              43.7864846
            ],
            [
              -72.0885879,
              43.7864648
            ],
            [
              -72.0886363,
              43.7864462
            ],
            [
              -72.08865,
              43.7864387
            ],
            [
              -72.0886798,
              43.7864011
            ],
            [
              -72.0886815,
              43.786356
            ],
            [
              -72.0886989,
              43.7863108
            ],
            [
              -72.0887121,
              43.7862774
            ],
            [
              -72.0887167,
              43.7862657
            ],
            [
              -72.0887407,
              43.7862206
            ],
            [
              -72.0887658,
              43.7861755
            ],
            [
              -72.0887727,
              43.7861304
            ],
            [
              -72.0887742,
              43.7861276
            ],
            [
              -72.0888363,
              43.7860917
            ],
            [
              -72.0888499,
              43.7860852
            ],
            [
              -72.0888984,
              43.7860631
            ],
            [
              -72.0889402,
              43.7860401
            ],
            [
              -72.0889605,
              43.7860186
            ],
            [
              -72.0889896,
              43.785995
            ],
            [
              -72.0890226,
              43.785971
            ],
            [
              -72.0890504,
              43.7859499
            ],
            [
              -72.0890848,
              43.785929
            ],
            [
              -72.0891469,
              43.7859173
            ],
            [
              -72.089209,
              43.7859119
            ],
            [
              -72.0892711,
              43.785906
            ],
            [
              -72.0892746,
              43.7859048
            ],
            [
              -72.0893332,
              43.7858711
            ],
            [
              -72.0893609,
              43.7858596
            ],
            [
              -72.0893953,
              43.7858268
            ],
            [
              -72.0894009,
              43.7858145
            ],
            [
              -72.0894252,
              43.7857694
            ],
            [
              -72.0894574,
              43.7857375
            ],
            [
              -72.0894828,
              43.7857243
            ],
            [
              -72.0895195,
              43.7857111
            ],
            [
              -72.0895816,
              43.7856936
            ],
            [
              -72.0896147,
              43.7856792
            ],
            [
              -72.0896437,
              43.7856645
            ],
            [
              -72.0896988,
              43.7856341
            ],
            [
              -72.0897059,
              43.7856271
            ],
            [
              -72.0897437,
              43.7855889
            ],
            [
              -72.089768,
              43.7855629
            ],
            [
              -72.0897867,
              43.7855438
            ],
            [
              -72.0898081,
              43.7854987
            ],
            [
              -72.0898301,
              43.785477
            ],
            [
              -72.0898582,
              43.7854536
            ],
            [
              -72.0898922,
              43.7854175
            ],
            [
              -72.0899543,
              43.7854307
            ],
            [
              -72.0899926,
              43.7854536
            ],
            [
              -72.0900164,
              43.7854592
            ],
            [
              -72.090023,
              43.7854536
            ],
            [
              -72.0900204,
              43.7854085
            ],
            [
              -72.0900164,
              43.7853989
            ],
            [
              -72.0899991,
              43.7853633
            ],
            [
              -72.0899908,
              43.7853182
            ],
            [
              -72.0899851,
              43.7852731
            ],
            [
              -72.0899948,
              43.785228
            ],
            [
              -72.0900164,
              43.7852122
            ],
            [
              -72.0900785,
              43.7851849
            ],
            [
              -72.0900821,
              43.7851829
            ],
            [
              -72.0901246,
              43.7851377
            ],
            [
              -72.0901406,
              43.7851147
            ],
            [
              -72.0901532,
              43.7850926
            ],
            [
              -72.0901503,
              43.7850475
            ],
            [
              -72.0901639,
              43.7850024
            ],
            [
              -72.0901871,
              43.7849573
            ],
            [
              -72.0902027,
              43.7849381
            ],
            [
              -72.0902297,
              43.7849121
            ],
            [
              -72.0902648,
              43.7848778
            ],
            [
              -72.0902747,
              43.784867
            ],
            [
              -72.0903097,
              43.7848219
            ],
            [
              -72.0903135,
              43.7847768
            ],
            [
              -72.0903103,
              43.7847317
            ],
            [
              -72.0902721,
              43.7846865
            ],
            [
              -72.0902695,
              43.7846414
            ],
            [
              -72.0902877,
              43.7845963
            ],
            [
              -72.0903059,
              43.7845512
            ],
            [
              -72.0903269,
              43.784524
            ],
            [
              -72.0903833,
              43.7845061
            ],
            [
              -72.0903891,
              43.7845027
            ],
            [
              -72.0904394,
              43.784461
            ],
            [
              -72.0904259,
              43.7844158
            ],
            [
              -72.0903992,
              43.7843707
            ],
            [
              -72.0904111,
              43.7843256
            ],
            [
              -72.0904328,
              43.7842805
            ],
            [
              -72.0903976,
              43.7842354
            ],
            [
              -72.0903891,
              43.7842062
            ],
            [
              -72.0903858,
              43.7841902
            ],
            [
              -72.0903891,
              43.7841713
            ],
            [
              -72.090398,
              43.7841451
            ],
            [
              -72.0904232,
              43.7841
            ],
            [
              -72.0904249,
              43.7840549
            ],
            [
              -72.0904344,
              43.7840098
            ],
            [
              -72.0904512,
              43.7839761
            ],
            [
              -72.0904566,
              43.7839646
            ],
            [
              -72.0904545,
              43.7839195
            ],
            [
              -72.0904512,
              43.7839167
            ],
            [
              -72.0904124,
              43.7838744
            ],
            [
              -72.0903891,
              43.7838519
            ],
            [
              -72.0903625,
              43.7838293
            ],
            [
              -72.0903473,
              43.7837842
            ],
            [
              -72.0903269,
              43.7837718
            ],
            [
              -72.0903009,
              43.783739
            ],
            [
              -72.0902932,
              43.7836939
            ],
            [
              -72.0902941,
              43.7836488
            ],
            [
              -72.0903108,
              43.7836037
            ],
            [
              -72.0903214,
              43.7835586
            ],
            [
              -72.0903269,
              43.7835518
            ],
            [
              -72.0903768,
              43.7835135
            ],
            [
              -72.0903891,
              43.7835045
            ],
            [
              -72.0904512,
              43.7834833
            ],
            [
              -72.0905133,
              43.7834751
            ],
            [
              -72.0905331,
              43.7834683
            ],
            [
              -72.0905276,
              43.7834232
            ],
            [
              -72.0905133,
              43.7834046
            ],
            [
              -72.090486,
              43.7833781
            ],
            [
              -72.0904603,
              43.783333
            ],
            [
              -72.0904512,
              43.7833187
            ],
            [
              -72.0904261,
              43.7832879
            ],
            [
              -72.0903891,
              43.7832441
            ],
            [
              -72.0903875,
              43.7832427
            ],
            [
              -72.0903595,
              43.7831976
            ],
            [
              -72.0903353,
              43.7831525
            ],
            [
              -72.0903269,
              43.7831404
            ],
            [
              -72.0903028,
              43.7831074
            ],
            [
              -72.0903034,
              43.7830623
            ],
            [
              -72.0903269,
              43.7830398
            ],
            [
              -72.0903891,
              43.7830404
            ],
            [
              -72.0904512,
              43.783044
            ],
            [
              -72.0905133,
              43.7830405
            ],
            [
              -72.0905754,
              43.7830264
            ],
            [
              -72.0906055,
              43.7830171
            ],
            [
              -72.0906375,
              43.7830034
            ],
            [
              -72.090681,
              43.782972
            ],
            [
              -72.0906996,
              43.7829462
            ],
            [
              -72.0907141,
              43.7829269
            ],
            [
              -72.09075,
              43.7828818
            ],
            [
              -72.0907596,
              43.7828367
            ],
            [
              -72.0907617,
              43.7828276
            ],
            [
              -72.0907676,
              43.7827915
            ],
            [
              -72.0907646,
              43.7827464
            ],
            [
              -72.0907617,
              43.7827408
            ],
            [
              -72.0907408,
              43.7827013
            ],
            [
              -72.0907298,
              43.7826562
            ],
            [
              -72.0907224,
              43.7826111
            ],
            [
              -72.0907099,
              43.7825659
            ],
            [
              -72.0906996,
              43.7825387
            ],
            [
              -72.090692,
              43.7825208
            ],
            [
              -72.0906375,
              43.7824896
            ],
            [
              -72.0906174,
              43.7824757
            ],
            [
              -72.0906194,
              43.7824306
            ],
            [
              -72.0906375,
              43.7823952
            ],
            [
              -72.0906425,
              43.7823855
            ],
            [
              -72.0906742,
              43.7823404
            ],
            [
              -72.0906996,
              43.7823155
            ],
            [
              -72.09072,
              43.7822952
            ],
            [
              -72.0907617,
              43.7822788
            ],
            [
              -72.0908238,
              43.7822509
            ],
            [
              -72.0908249,
              43.7822501
            ],
            [
              -72.0908403,
              43.782205
            ],
            [
              -72.0908339,
              43.7821599
            ],
            [
              -72.0908276,
              43.7821148
            ],
            [
              -72.0908238,
              43.782098
            ],
            [
              -72.0908173,
              43.7820696
            ],
            [
              -72.0908138,
              43.7820245
            ],
            [
              -72.0908112,
              43.7819794
            ],
            [
              -72.0908062,
              43.7819343
            ],
            [
              -72.0908238,
              43.7819083
            ],
            [
              -72.0908383,
              43.7818892
            ],
            [
              -72.0908532,
              43.781844
            ],
            [
              -72.0908238,
              43.781821
            ],
            [
              -72.0907886,
              43.7817989
            ],
            [
              -72.0907617,
              43.7817713
            ],
            [
              -72.0907521,
              43.7817538
            ],
            [
              -72.0907617,
              43.7817458
            ],
            [
              -72.090801,
              43.7817087
            ],
            [
              -72.0908238,
              43.7816961
            ],
            [
              -72.0908814,
              43.7816636
            ],
            [
              -72.0908859,
              43.7816614
            ],
            [
              -72.090948,
              43.7816429
            ],
            [
              -72.0910101,
              43.7816244
            ],
            [
              -72.091034,
              43.7816184
            ],
            [
              -72.0910723,
              43.7816044
            ],
            [
              -72.0911344,
              43.7815836
            ],
            [
              -72.0911867,
              43.7815733
            ],
            [
              -72.0911965,
              43.7815709
            ],
            [
              -72.0912586,
              43.781549
            ],
            [
              -72.0912962,
              43.7815282
            ],
            [
              -72.0913207,
              43.7815192
            ],
            [
              -72.0913828,
              43.7814983
            ],
            [
              -72.0913929,
              43.7814831
            ],
            [
              -72.0914146,
              43.781438
            ],
            [
              -72.0914102,
              43.7813928
            ],
            [
              -72.0913828,
              43.7813577
            ],
            [
              -72.0913725,
              43.7813477
            ],
            [
              -72.0913409,
              43.7813026
            ],
            [
              -72.091331,
              43.7812575
            ],
            [
              -72.0913207,
              43.7812246
            ],
            [
              -72.0913169,
              43.7812124
            ],
            [
              -72.0913207,
              43.7812012
            ],
            [
              -72.0913513,
              43.7811673
            ],
            [
              -72.091362,
              43.7811221
            ],
            [
              -72.0913508,
              43.781077
            ],
            [
              -72.0913376,
              43.7810319
            ],
            [
              -72.0913302,
              43.7809868
            ],
            [
              -72.0913254,
              43.7809417
            ],
            [
              -72.0913207,
              43.7809231
            ],
            [
              -72.0913138,
              43.7808965
            ],
            [
              -72.0913155,
              43.7808514
            ],
            [
              -72.0913207,
              43.780837
            ],
            [
              -72.0913541,
              43.7808063
            ],
            [
              -72.0913828,
              43.7807912
            ],
            [
              -72.0914112,
              43.7807612
            ],
            [
              -72.09141,
              43.7807161
            ],
            [
              -72.091405,
              43.7806709
            ],
            [
              -72.0914074,
              43.7806258
            ],
            [
              -72.0913874,
              43.7805807
            ],
            [
              -72.0913828,
              43.7805527
            ],
            [
              -72.0913791,
              43.7805356
            ],
            [
              -72.0913474,
              43.7804905
            ],
            [
              -72.0913207,
              43.7804575
            ],
            [
              -72.0913058,
              43.7804453
            ],
            [
              -72.0912607,
              43.7804002
            ],
            [
              -72.0912586,
              43.7803973
            ],
            [
              -72.0912238,
              43.7803551
            ],
            [
              -72.0911965,
              43.7803277
            ],
            [
              -72.091173,
              43.78031
            ],
            [
              -72.0911344,
              43.7802673
            ],
            [
              -72.0911318,
              43.7802649
            ],
            [
              -72.091081,
              43.7802198
            ],
            [
              -72.0910723,
              43.7802079
            ],
            [
              -72.0910337,
              43.7801746
            ],
            [
              -72.0910101,
              43.7801556
            ],
            [
              -72.0909788,
              43.7801295
            ],
            [
              -72.090948,
              43.7801096
            ],
            [
              -72.0909258,
              43.7800844
            ],
            [
              -72.0908939,
              43.7800393
            ],
            [
              -72.0908859,
              43.7800273
            ],
            [
              -72.0908545,
              43.7799942
            ],
            [
              -72.0908238,
              43.7799721
            ],
            [
              -72.0907617,
              43.779952
            ],
            [
              -72.0907548,
              43.779949
            ],
            [
              -72.0906996,
              43.7799242
            ],
            [
              -72.0906639,
              43.7799039
            ],
            [
              -72.0906375,
              43.7798896
            ],
            [
              -72.0906013,
              43.7798588
            ],
            [
              -72.0905754,
              43.779835
            ],
            [
              -72.0905284,
              43.7798137
            ],
            [
              -72.0905133,
              43.7798087
            ],
            [
              -72.0904695,
              43.7797686
            ],
            [
              -72.0904512,
              43.7797426
            ],
            [
              -72.0904307,
              43.7797234
            ],
            [
              -72.0903891,
              43.7796854
            ],
            [
              -72.0903806,
              43.7796783
            ],
            [
              -72.0903269,
              43.7796553
            ],
            [
              -72.0902648,
              43.7796352
            ],
            [
              -72.0902614,
              43.7796332
            ],
            [
              -72.0902027,
              43.7795919
            ],
            [
              -72.0901991,
              43.7795881
            ],
            [
              -72.0901481,
              43.779543
            ],
            [
              -72.0901406,
              43.7795368
            ],
            [
              -72.0900918,
              43.7794978
            ],
            [
              -72.0900785,
              43.7794875
            ],
            [
              -72.0900317,
              43.7794527
            ],
            [
              -72.0900164,
              43.7794436
            ],
            [
              -72.0899577,
              43.7794076
            ],
            [
              -72.0899543,
              43.7794057
            ],
            [
              -72.0898922,
              43.7793796
            ],
            [
              -72.0898301,
              43.7793675
            ],
            [
              -72.0898027,
              43.7793625
            ],
            [
              -72.089768,
              43.7793458
            ],
            [
              -72.0897157,
              43.7793174
            ],
            [
              -72.0897059,
              43.7793111
            ],
            [
              -72.0896437,
              43.7792742
            ],
            [
              -72.0896396,
              43.7792722
            ],
            [
              -72.0895816,
              43.7792327
            ],
            [
              -72.0895642,
              43.7792271
            ],
            [
              -72.0895195,
              43.779196
            ],
            [
              -72.0895107,
              43.779182
            ],
            [
              -72.0894904,
              43.7791369
            ],
            [
              -72.0894734,
              43.7790918
            ],
            [
              -72.0894574,
              43.7790769
            ],
            [
              -72.0894261,
              43.7790467
            ],
            [
              -72.0893964,
              43.7790015
            ],
            [
              -72.0893953,
              43.779001
            ],
            [
              -72.0893432,
              43.7789564
            ],
            [
              -72.0893332,
              43.7789514
            ],
            [
              -72.0892711,
              43.7789292
            ],
            [
              -72.0892412,
              43.7789113
            ],
            [
              -72.089209,
              43.7788961
            ],
            [
              -72.0891588,
              43.7788662
            ],
            [
              -72.0891469,
              43.7788595
            ],
            [
              -72.0890882,
              43.7788211
            ],
            [
              -72.0890848,
              43.7788191
            ],
            [
              -72.0890226,
              43.7788089
            ],
            [
              -72.0889701,
              43.7787759
            ],
            [
              -72.0889605,
              43.7787622
            ],
            [
              -72.0888984,
              43.7787325
            ],
            [
              -72.088892,
              43.7787308
            ],
            [
              -72.0888363,
              43.7787099
            ],
            [
              -72.0887962,
              43.7786857
            ],
            [
              -72.0887742,
              43.77867
            ],
            [
              -72.0887121,
              43.7786436
            ],
            [
              -72.0887066,
              43.7786406
            ],
            [
              -72.08865,
              43.7786194
            ],
            [
              -72.0886092,
              43.7785955
            ],
            [
              -72.0885879,
              43.7785872
            ],
            [
              -72.0885258,
              43.7785726
            ],
            [
              -72.0884722,
              43.7785503
            ],
            [
              -72.0884637,
              43.7785464
            ],
            [
              -72.0884016,
              43.7785275
            ],
            [
              -72.0883443,
              43.7785052
            ],
            [
              -72.0883394,
              43.7785027
            ],
            [
              -72.0882773,
              43.7784674
            ],
            [
              -72.0882596,
              43.7784601
            ],
            [
              -72.0882152,
              43.7784301
            ],
            [
              -72.0882005,
              43.778415
            ],
            [
              -72.0881567,
              43.7783699
            ],
            [
              -72.0881531,
              43.7783647
            ],
            [
              -72.0881157,
              43.7783247
            ],
            [
              -72.088091,
              43.7782845
            ],
            [
              -72.0880863,
              43.7782796
            ],
            [
              -72.0880289,
              43.7782525
            ],
            [
              -72.088006,
              43.7782345
            ],
            [
              -72.0879668,
              43.7782154
            ],
            [
              -72.0879287,
              43.7781894
            ],
            [
              -72.0879047,
              43.7781773
            ],
            [
              -72.0878444,
              43.7781443
            ],
            [
              -72.0878426,
              43.778143
            ],
            [
              -72.0877805,
              43.7781012
            ],
            [
              -72.0877734,
              43.7780991
            ],
            [
              -72.0877183,
              43.7780833
            ],
            [
              -72.0876668,
              43.778054
            ],
            [
              -72.0876562,
              43.7780509
            ],
            [
              -72.0875941,
              43.7780349
            ],
            [
              -72.0875522,
              43.7780089
            ],
            [
              -72.087532,
              43.7779941
            ],
            [
              -72.0874751,
              43.7779638
            ],
            [
              -72.0874699,
              43.7779619
            ],
            [
              -72.0874078,
              43.7779431
            ],
            [
              -72.0873457,
              43.7779208
            ],
            [
              -72.0873379,
              43.7779187
            ],
            [
              -72.0872836,
              43.7779011
            ],
            [
              -72.0872215,
              43.7778844
            ],
            [
              -72.0871947,
              43.7778736
            ],
            [
              -72.0871594,
              43.7778376
            ],
            [
              -72.0871337,
              43.7778284
            ],
            [
              -72.0870973,
              43.7778176
            ],
            [
              -72.0870351,
              43.7778071
            ],
            [
              -72.086973,
              43.7778061
            ],
            [
              -72.0869109,
              43.7777915
            ],
            [
              -72.0868985,
              43.7777833
            ],
            [
              -72.0868488,
              43.7777439
            ],
            [
              -72.0868432,
              43.7777382
            ],
            [
              -72.0867867,
              43.7776982
            ],
            [
              -72.0867783,
              43.7776931
            ],
            [
              -72.0867246,
              43.777675
            ],
            [
              -72.0866625,
              43.7776534
            ],
            [
              -72.0866004,
              43.7776481
            ],
            [
              -72.0865995,
              43.777648
            ],
            [
              -72.0865383,
              43.7776275
            ],
            [
              -72.0864762,
              43.7776115
            ],
            [
              -72.0864443,
              43.7776028
            ],
            [
              -72.086414,
              43.7775855
            ],
            [
              -72.0863774,
              43.7775577
            ],
            [
              -72.0863519,
              43.7775438
            ],
            [
              -72.0862898,
              43.7775155
            ],
            [
              -72.0862849,
              43.7775126
            ],
            [
              -72.0862277,
              43.7774815
            ],
            [
              -72.0862034,
              43.7774675
            ],
            [
              -72.0861656,
              43.777427
            ],
            [
              -72.0861606,
              43.7774224
            ],
            [
              -72.0861381,
              43.7774
            ]
          ],
          [
            [
              -72.0908859,
              43.7817973
            ],
            [
              -72.0908787,
              43.7817989
            ],
            [
              -72.0908859,
              43.7818035
            ],
            [
              -72.0909065,
              43.7817989
            ],
            [
              -72.0908859,
              43.7817973
            ]
          ]
        ]
      }
    },
    {
      "type": "Feature",
      "id": "contour/520m",
      "properties": {
        "elevation_m": 520,
        "is_index": false
      },
      "geometry": {
        "type": "MultiLineString",
        "coordinates": [
          [
            [
              -72.1040919,
              43.7774
            ],
            [
              -72.1040727,
              43.7774224
            ],
            [
              -72.1040531,
              43.7774441
            ],
            [
              -72.1040349,
              43.7774675
            ],
            [
              -72.1040013,
              43.7775126
            ],
            [
              -72.103991,
              43.7775274
            ],
            [
              -72.1039726,
              43.7775577
            ],
            [
              -72.103933,
              43.7776028
            ],
            [
              -72.1039289,
              43.7776286
            ],
            [
              -72.103924,
              43.777648
            ],
            [
              -72.1038949,
              43.7776931
            ],
            [
              -72.1038684,
              43.7777382
            ],
            [
              -72.1038668,
              43.7777396
            ],
            [
              -72.1038377,
              43.7777833
            ],
            [
              -72.1038047,
              43.7778269
            ],
            [
              -72.1038032,
              43.7778284
            ],
            [
              -72.1037426,
              43.7778627
            ],
            [
              -72.1037314,
              43.7778736
            ],
            [
              -72.1037314,
              43.7779187
            ],
            [
              -72.1037426,
              43.7779485
            ],
            [
              -72.1037469,
              43.7779638
            ],
            [
              -72.1037426,
              43.7779671
            ],
            [
              -72.1036805,
              43.7779891
            ],
            [
              -72.1036461,
              43.7780089
            ],
            [
              -72.1036184,
              43.7780253
            ],
            [
              -72.103582,
              43.778054
            ],
            [
              -72.1035563,
              43.7780729
            ],
            [
              -72.1035263,
              43.7780991
            ],
            [
              -72.1034941,
              43.7781188
            ],
            [
              -72.1034467,
              43.7781443
            ],
            [
              -72.103432,
              43.7781517
            ],
            [
              -72.1033699,
              43.7781712
            ],
            [
              -72.1033396,
              43.7781894
            ],
            [
              -72.1033078,
              43.7782104
            ],
            [
              -72.1032669,
              43.7782345
            ],
            [
              -72.1032457,
              43.7782584
            ],
            [
              -72.1032196,
              43.7782796
            ],
            [
              -72.1031855,
              43.7783247
            ],
            [
              -72.1031836,
              43.778329
            ],
            [
              -72.1031577,
              43.7783699
            ],
            [
              -72.1031215,
              43.7784005
            ],
            [
              -72.1031138,
              43.778415
            ],
            [
              -72.1030779,
              43.7784601
            ],
            [
              -72.1030594,
              43.7785032
            ],
            [
              -72.1030585,
              43.7785052
            ],
            [
              -72.1030337,
              43.7785503
            ],
            [
              -72.1029973,
              43.778589
            ],
            [
              -72.1029904,
              43.7785955
            ],
            [
              -72.102959,
              43.7786406
            ],
            [
              -72.1029352,
              43.7786853
            ],
            [
              -72.102935,
              43.7786857
            ],
            [
              -72.1029084,
              43.7787308
            ],
            [
              -72.1028744,
              43.7787759
            ],
            [
              -72.1028731,
              43.7787783
            ],
            [
              -72.1028526,
              43.7788211
            ],
            [
              -72.1028364,
              43.7788662
            ],
            [
              -72.1028253,
              43.7789113
            ],
            [
              -72.1028112,
              43.7789564
            ],
            [
              -72.1028109,
              43.778957
            ],
            [
              -72.1027874,
              43.7790015
            ],
            [
              -72.1027718,
              43.7790467
            ],
            [
              -72.1027552,
              43.7790918
            ],
            [
              -72.1027488,
              43.7791083
            ],
            [
              -72.1027376,
              43.7791369
            ],
            [
              -72.1027188,
              43.779182
            ],
            [
              -72.1027106,
              43.7792271
            ],
            [
              -72.1027065,
              43.7792722
            ],
            [
              -72.1027076,
              43.7793174
            ],
            [
              -72.1027197,
              43.7793625
            ],
            [
              -72.1027488,
              43.7793964
            ],
            [
              -72.1027596,
              43.7794076
            ],
            [
              -72.1027674,
              43.7794527
            ],
            [
              -72.102785,
              43.7794978
            ],
            [
              -72.1028109,
              43.7795197
            ],
            [
              -72.1028549,
              43.779543
            ],
            [
              -72.1028731,
              43.779567
            ],
            [
              -72.1028909,
              43.7795881
            ],
            [
              -72.1029352,
              43.7796219
            ],
            [
              -72.1029475,
              43.7796332
            ],
            [
              -72.1029973,
              43.7796783
            ],
            [
              -72.1029973,
              43.7796783
            ],
            [
              -72.1030428,
              43.7797234
            ],
            [
              -72.1030594,
              43.7797387
            ],
            [
              -72.103094,
              43.7797686
            ],
            [
              -72.1031215,
              43.7797909
            ],
            [
              -72.1031384,
              43.7798137
            ],
            [
              -72.1031612,
              43.7798588
            ],
            [
              -72.1031743,
              43.7799039
            ],
            [
              -72.1031836,
              43.7799358
            ],
            [
              -72.1031882,
              43.779949
            ],
            [
              -72.1032057,
              43.7799942
            ],
            [
              -72.1032171,
              43.7800393
            ],
            [
              -72.1032357,
              43.7800844
            ],
            [
              -72.1032396,
              43.7801295
            ],
            [
              -72.1032457,
              43.7801553
            ],
            [
              -72.1032585,
              43.7801746
            ],
            [
              -72.1033078,
              43.7802192
            ],
            [
              -72.1033083,
              43.7802198
            ],
            [
              -72.1033269,
              43.7802649
            ],
            [
              -72.1033308,
              43.78031
            ],
            [
              -72.1033347,
              43.7803551
            ],
            [
              -72.1033369,
              43.7804002
            ],
            [
              -72.1033418,
              43.7804453
            ],
            [
              -72.1033699,
              43.7804882
            ],
            [
              -72.1033724,
              43.7804905
            ],
            [
              -72.1034024,
              43.7805356
            ],
            [
              -72.1034116,
              43.7805807
            ],
            [
              -72.1034199,
              43.7806258
            ],
            [
              -72.1034308,
              43.7806709
            ],
            [
              -72.103432,
              43.7806731
            ],
            [
              -72.1034825,
              43.7807161
            ],
            [
              -72.1034941,
              43.7807235
            ],
            [
              -72.1035563,
              43.780745
            ],
            [
              -72.1036166,
              43.7807612
            ],
            [
              -72.1036184,
              43.7807618
            ],
            [
              -72.1036805,
              43.7807765
            ],
            [
              -72.1037426,
              43.7807886
            ],
            [
              -72.1038047,
              43.7807819
            ],
            [
              -72.1038668,
              43.7807706
            ],
            [
              -72.1038912,
              43.7807612
            ],
            [
              -72.1039289,
              43.7807481
            ],
            [
              -72.103991,
              43.7807273
            ],
            [
              -72.1040151,
              43.7807161
            ],
            [
              -72.1040531,
              43.7806967
            ],
            [
              -72.1041152,
              43.7806769
            ],
            [
              -72.10417,
              43.7806709
            ],
            [
              -72.1041774,
              43.7806702
            ],
            [
              -72.1042395,
              43.7806696
            ],
            [
              -72.1043016,
              43.780644
            ],
            [
              -72.1043637,
              43.7806532
            ],
            [
              -72.1044258,
              43.7806636
            ],
            [
              -72.1044879,
              43.7806544
            ],
            [
              -72.10455,
              43.7806573
            ],
            [
              -72.1046121,
              43.7806293
            ],
            [
              -72.1046261,
              43.7806258
            ],
            [
              -72.1046742,
              43.7806153
            ],
            [
              -72.1047363,
              43.780608
            ],
            [
              -72.1047984,
              43.7805859
            ],
            [
              -72.1048166,
              43.7805807
            ],
            [
              -72.1048606,
              43.7805715
            ],
            [
              -72.1049227,
              43.7805739
            ],
            [
              -72.104983,
              43.7805807
            ],
            [
              -72.1049848,
              43.7805809
            ],
            [
              -72.1050469,
              43.7805878
            ],
            [
              -72.105109,
              43.7805817
            ],
            [
              -72.1051174,
              43.7805807
            ],
            [
              -72.1051711,
              43.7805743
            ],
            [
              -72.1052332,
              43.7805565
            ],
            [
              -72.1052953,
              43.7805473
            ],
            [
              -72.1053429,
              43.7805356
            ],
            [
              -72.1053574,
              43.7805323
            ],
            [
              -72.1054195,
              43.7805097
            ],
            [
              -72.1054817,
              43.7804941
            ],
            [
              -72.1054893,
              43.7804905
            ],
            [
              -72.1055438,
              43.7804614
            ],
            [
              -72.1056059,
              43.7804466
            ],
            [
              -72.1056091,
              43.7804453
            ],
            [
              -72.105668,
              43.7804193
            ],
            [
              -72.1057301,
              43.7804029
            ],
            [
              -72.1057416,
              43.7804002
            ],
            [
              -72.1057922,
              43.7803888
            ],
            [
              -72.1058458,
              43.7803551
            ],
            [
              -72.1058543,
              43.7803508
            ],
            [
              -72.1059164,
              43.7803211
            ],
            [
              -72.105932,
              43.78031
            ],
            [
              -72.1059785,
              43.7802828
            ],
            [
              -72.1060079,
              43.7802649
            ],
            [
              -72.1060406,
              43.7802373
            ],
            [
              -72.1060689,
              43.7802198
            ],
            [
              -72.1061027,
              43.7801913
            ],
            [
              -72.1061313,
              43.7801746
            ],
            [
              -72.1061649,
              43.7801604
            ],
            [
              -72.106227,
              43.7801405
            ],
            [
              -72.1062462,
              43.7801295
            ],
            [
              -72.1062874,
              43.7800844
            ],
            [
              -72.1062891,
              43.7800831
            ],
            [
              -72.1063339,
              43.7800393
            ],
            [
              -72.1063471,
              43.7799942
            ],
            [
              -72.1063512,
              43.7799866
            ],
            [
              -72.1063748,
              43.779949
            ],
            [
              -72.1063926,
              43.7799039
            ],
            [
              -72.1064133,
              43.7798878
            ],
            [
              -72.1064754,
              43.7798629
            ],
            [
              -72.1064857,
              43.7798588
            ],
            [
              -72.1065375,
              43.7798406
            ],
            [
              -72.1065662,
              43.7798137
            ],
            [
              -72.1065996,
              43.7797888
            ],
            [
              -72.1066254,
              43.7797686
            ],
            [
              -72.1066617,
              43.7797415
            ],
            [
              -72.1066941,
              43.7797234
            ],
            [
              -72.1067238,
              43.779704
            ],
            [
              -72.1067625,
              43.7796783
            ],
            [
              -72.106786,
              43.7796548
            ],
            [
              -72.1068004,
              43.7796332
            ],
            [
              -72.1068252,
              43.7795881
            ],
            [
              -72.1068429,
              43.779543
            ],
            [
              -72.1068481,
              43.7795363
            ],
            [
              -72.1068806,
              43.7794978
            ],
            [
              -72.1069102,
              43.7794588
            ],
            [
              -72.1069173,
              43.7794527
            ],
            [
              -72.1069583,
              43.7794076
            ],
            [
              -72.1069723,
              43.7793864
            ],
            [
              -72.106986,
              43.7793625
            ],
            [
              -72.1070203,
              43.7793174
            ],
            [
              -72.1070344,
              43.779298
            ],
            [
              -72.107053,
              43.7792722
            ],
            [
              -72.1070873,
              43.7792271
            ],
            [
              -72.1070965,
              43.7792027
            ],
            [
              -72.1071028,
              43.779182
            ],
            [
              -72.107127,
              43.7791369
            ],
            [
              -72.1071586,
              43.7790978
            ],
            [
              -72.1071629,
              43.7790918
            ],
            [
              -72.107189,
              43.7790467
            ],
            [
              -72.1072047,
              43.7790015
            ],
            [
              -72.1072162,
              43.7789564
            ],
            [
              -72.1072188,
              43.7789113
            ],
            [
              -72.1072207,
              43.7789039
            ],
            [
              -72.1072308,
              43.7788662
            ],
            [
              -72.1072437,
              43.7788211
            ],
            [
              -72.1072618,
              43.7787759
            ],
            [
              -72.107273,
              43.7787308
            ],
            [
              -72.1072828,
              43.7787092
            ],
            [
              -72.1072963,
              43.7786857
            ],
            [
              -72.1073204,
              43.7786406
            ],
            [
              -72.1073201,
              43.7785955
            ],
            [
              -72.1073224,
              43.7785503
            ],
            [
              -72.1073243,
              43.7785052
            ],
            [
              -72.1073449,
              43.778464
            ],
            [
              -72.1073481,
              43.7784601
            ],
            [
              -72.107407,
              43.7784186
            ],
            [
              -72.1074146,
              43.778415
            ],
            [
              -72.1074692,
              43.7783883
            ],
            [
              -72.1075,
              43.7783959
            ]
          ],
          [
            [
              -72.0857,
              43.7865994
            ],
            [
              -72.0857308,
              43.7866196
            ],
            [
              -72.085743,
              43.7866267
            ],
            [
              -72.085793,
              43.7866469
            ],
            [
              -72.0858551,
              43.7866369
            ],
            [
              -72.0859172,
              43.7866396
            ],
            [
              -72.0859793,
              43.7866319
            ],
            [
              -72.0859904,
              43.7866267
            ],
            [
              -72.0860012,
              43.7865816
            ],
            [
              -72.0860359,
              43.7865364
            ],
            [
              -72.0860414,
              43.7865339
            ],
            [
              -72.0861035,
              43.7865134
            ],
            [
              -72.0861656,
              43.7864993
            ],
            [
              -72.0861764,
              43.7864913
            ],
            [
              -72.0862277,
              43.7864658
            ],
            [
              -72.0862898,
              43.7864583
            ],
            [
              -72.0863519,
              43.7864568
            ],
            [
              -72.086414,
              43.7864519
            ],
            [
              -72.0864762,
              43.7864487
            ],
            [
              -72.0865383,
              43.7864508
            ],
            [
              -72.0866004,
              43.7864547
            ],
            [
              -72.0866494,
              43.7864462
            ],
            [
              -72.0866625,
              43.7864434
            ],
            [
              -72.0867246,
              43.7864437
            ],
            [
              -72.0867867,
              43.7864306
            ],
            [
              -72.0868488,
              43.7864185
            ],
            [
              -72.0869109,
              43.7864093
            ],
            [
              -72.086973,
              43.7864126
            ],
            [
              -72.0870351,
              43.786411
            ],
            [
              -72.0870973,
              43.7864103
            ],
            [
              -72.0871315,
              43.7864011
            ],
            [
              -72.0871594,
              43.7863934
            ],
            [
              -72.0872215,
              43.7863593
            ],
            [
              -72.0872309,
              43.786356
            ],
            [
              -72.0872836,
              43.7863285
            ],
            [
              -72.0873101,
              43.7863108
            ],
            [
              -72.0873457,
              43.7862911
            ],
            [
              -72.0873903,
              43.7862657
            ],
            [
              -72.0874078,
              43.7862582
            ],
            [
              -72.0874699,
              43.7862232
            ],
            [
              -72.0874742,
              43.7862206
            ],
            [
              -72.087532,
              43.7861909
            ],
            [
              -72.0875577,
              43.7861755
            ],
            [
              -72.0875874,
              43.7861304
            ],
            [
              -72.0875941,
              43.7861209
            ],
            [
              -72.0876205,
              43.7860852
            ],
            [
              -72.0876437,
              43.7860401
            ],
            [
              -72.0876562,
              43.7860285
            ],
            [
              -72.087697,
              43.785995
            ],
            [
              -72.0877183,
              43.7859669
            ],
            [
              -72.0877542,
              43.7859499
            ],
            [
              -72.0877805,
              43.7859412
            ],
            [
              -72.0878426,
              43.785906
            ],
            [
              -72.0878436,
              43.7859048
            ],
            [
              -72.0879047,
              43.7858704
            ],
            [
              -72.0879186,
              43.7858596
            ],
            [
              -72.0879668,
              43.7858243
            ],
            [
              -72.0879812,
              43.7858145
            ],
            [
              -72.0880289,
              43.7857842
            ],
            [
              -72.0880608,
              43.7857694
            ],
            [
              -72.088091,
              43.7857568
            ],
            [
              -72.0881465,
              43.7857243
            ],
            [
              -72.0881531,
              43.7857181
            ],
            [
              -72.0881808,
              43.7856792
            ],
            [
              -72.0882098,
              43.7856341
            ],
            [
              -72.0882152,
              43.7856275
            ],
            [
              -72.0882746,
              43.7855889
            ],
            [
              -72.0882773,
              43.785585
            ],
            [
              -72.0882988,
              43.7855438
            ],
            [
              -72.0883394,
              43.7854995
            ],
            [
              -72.0883433,
              43.7854987
            ],
            [
              -72.0884016,
              43.7854851
            ],
            [
              -72.0884637,
              43.7854642
            ],
            [
              -72.0884855,
              43.7854536
            ],
            [
              -72.0885258,
              43.7854456
            ],
            [
              -72.0885879,
              43.7854257
            ],
            [
              -72.0886145,
              43.7854085
            ],
            [
              -72.08865,
              43.785385
            ],
            [
              -72.0886922,
              43.7853633
            ],
            [
              -72.0887121,
              43.7853539
            ],
            [
              -72.0887536,
              43.7853182
            ],
            [
              -72.0887742,
              43.7852976
            ],
            [
              -72.088798,
              43.7852731
            ],
            [
              -72.0888315,
              43.785228
            ],
            [
              -72.0888363,
              43.7852175
            ],
            [
              -72.0888509,
              43.7851829
            ],
            [
              -72.0888613,
              43.7851377
            ],
            [
              -72.0888765,
              43.7850926
            ],
            [
              -72.0888984,
              43.7850604
            ],
            [
              -72.0889109,
              43.7850475
            ],
            [
              -72.0889605,
              43.7850221
            ],
            [
              -72.089015,
              43.7850024
            ],
            [
              -72.0890226,
              43.7849814
            ],
            [
              -72.0890298,
              43.7849573
            ],
            [
              -72.0890757,
              43.7849121
            ],
            [
              -72.0890848,
              43.7849062
            ],
            [
              -72.0891434,
              43.784867
            ],
            [
              -72.0891469,
              43.7848631
            ],
            [
              -72.0891788,
              43.7848219
            ],
            [
              -72.0891855,
              43.7847768
            ],
            [
              -72.089209,
              43.7847544
            ],
            [
              -72.0892297,
              43.7847317
            ],
            [
              -72.0892265,
              43.7846865
            ],
            [
              -72.089217,
              43.7846414
            ],
            [
              -72.0892522,
              43.7845963
            ],
            [
              -72.0892711,
              43.7845819
            ],
            [
              -72.0893007,
              43.7845512
            ],
            [
              -72.0893332,
              43.7845261
            ],
            [
              -72.0893479,
              43.7845061
            ],
            [
              -72.0893914,
              43.784461
            ],
            [
              -72.0893953,
              43.7844552
            ],
            [
              -72.089421,
              43.7844158
            ],
            [
              -72.0894574,
              43.7843716
            ],
            [
              -72.0894583,
              43.7843707
            ],
            [
              -72.0894982,
              43.7843256
            ],
            [
              -72.0895195,
              43.7842948
            ],
            [
              -72.089532,
              43.7842805
            ],
            [
              -72.0895403,
              43.7842354
            ],
            [
              -72.0895628,
              43.7841902
            ],
            [
              -72.0895816,
              43.7841632
            ],
            [
              -72.0896049,
              43.7841451
            ],
            [
              -72.0896437,
              43.784108
            ],
            [
              -72.0896475,
              43.7841
            ],
            [
              -72.0896437,
              43.7840936
            ],
            [
              -72.0896253,
              43.7840549
            ],
            [
              -72.0895979,
              43.7840098
            ],
            [
              -72.0895816,
              43.7839889
            ],
            [
              -72.0895664,
              43.7839646
            ],
            [
              -72.0895424,
              43.7839195
            ],
            [
              -72.0895276,
              43.7838744
            ],
            [
              -72.0895195,
              43.7838397
            ],
            [
              -72.0895146,
              43.7838293
            ],
            [
              -72.0895092,
              43.7837842
            ],
            [
              -72.0894882,
              43.783739
            ],
            [
              -72.0895146,
              43.7836939
            ],
            [
              -72.0895195,
              43.7836704
            ],
            [
              -72.0895226,
              43.7836488
            ],
            [
              -72.0895439,
              43.7836037
            ],
            [
              -72.089547,
              43.7835586
            ],
            [
              -72.0895383,
              43.7835135
            ],
            [
              -72.0895331,
              43.7834683
            ],
            [
              -72.0895339,
              43.7834232
            ],
            [
              -72.0895253,
              43.7833781
            ],
            [
              -72.0895195,
              43.7833505
            ],
            [
              -72.0895164,
              43.783333
            ],
            [
              -72.0895103,
              43.7832879
            ],
            [
              -72.0895067,
              43.7832427
            ],
            [
              -72.089496,
              43.7831976
            ],
            [
              -72.0894666,
              43.7831525
            ],
            [
              -72.0894574,
              43.7831425
            ],
            [
              -72.0894257,
              43.7831074
            ],
            [
              -72.0894051,
              43.7830623
            ],
            [
              -72.0893953,
              43.7830508
            ],
            [
              -72.0893679,
              43.7830171
            ],
            [
              -72.0893332,
              43.7829804
            ],
            [
              -72.0893247,
              43.782972
            ],
            [
              -72.0892947,
              43.7829269
            ],
            [
              -72.0892841,
              43.7828818
            ],
            [
              -72.0892978,
              43.7828367
            ],
            [
              -72.0892927,
              43.7827915
            ],
            [
              -72.0892711,
              43.7827489
            ],
            [
              -72.089269,
              43.7827464
            ],
            [
              -72.0892697,
              43.7827013
            ],
            [
              -72.0892711,
              43.7826991
            ],
            [
              -72.0892982,
              43.7826562
            ],
            [
              -72.0892962,
              43.7826111
            ],
            [
              -72.0893332,
              43.7825852
            ],
            [
              -72.0893646,
              43.7825659
            ],
            [
              -72.0893953,
              43.7825265
            ],
            [
              -72.0893989,
              43.7825208
            ],
            [
              -72.0894441,
              43.7824757
            ],
            [
              -72.0894574,
              43.7824688
            ],
            [
              -72.0895154,
              43.7824757
            ],
            [
              -72.0895195,
              43.7824763
            ],
            [
              -72.0895223,
              43.7824757
            ],
            [
              -72.0895816,
              43.7824615
            ],
            [
              -72.0896437,
              43.7824446
            ],
            [
              -72.089696,
              43.7824306
            ],
            [
              -72.0897059,
              43.7824268
            ],
            [
              -72.089761,
              43.7823855
            ],
            [
              -72.089768,
              43.7823662
            ],
            [
              -72.0897752,
              43.7823404
            ],
            [
              -72.0897882,
              43.7822952
            ],
            [
              -72.0898106,
              43.7822501
            ],
            [
              -72.0898301,
              43.782237
            ],
            [
              -72.0898762,
              43.782205
            ],
            [
              -72.0898922,
              43.7821833
            ],
            [
              -72.0899057,
              43.7821599
            ],
            [
              -72.0899081,
              43.7821148
            ],
            [
              -72.0898922,
              43.7820872
            ],
            [
              -72.0898836,
              43.7820696
            ],
            [
              -72.089889,
              43.7820245
            ],
            [
              -72.0898922,
              43.7820214
            ],
            [
              -72.0899419,
              43.7819794
            ],
            [
              -72.0899543,
              43.7819656
            ],
            [
              -72.0899744,
              43.7819343
            ],
            [
              -72.0900054,
              43.7818892
            ],
            [
              -72.0900164,
              43.7818749
            ],
            [
              -72.090045,
              43.781844
            ],
            [
              -72.0900769,
              43.7817989
            ],
            [
              -72.0900785,
              43.7817967
            ],
            [
              -72.0901079,
              43.7817538
            ],
            [
              -72.0901159,
              43.7817087
            ],
            [
              -72.090117,
              43.7816636
            ],
            [
              -72.090114,
              43.7816184
            ],
            [
              -72.0901173,
              43.7815733
            ],
            [
              -72.0901406,
              43.7815515
            ],
            [
              -72.0901875,
              43.7815282
            ],
            [
              -72.0902027,
              43.78152
            ],
            [
              -72.0902441,
              43.7814831
            ],
            [
              -72.0902648,
              43.7814653
            ],
            [
              -72.0903032,
              43.781438
            ],
            [
              -72.0903269,
              43.7814249
            ],
            [
              -72.0903891,
              43.7814024
            ],
            [
              -72.0904028,
              43.7813928
            ],
            [
              -72.0904434,
              43.7813477
            ],
            [
              -72.0904512,
              43.7813377
            ],
            [
              -72.0904826,
              43.7813026
            ],
            [
              -72.0905133,
              43.7812693
            ],
            [
              -72.0905428,
              43.7812575
            ],
            [
              -72.0905754,
              43.7812382
            ],
            [
              -72.0906157,
              43.7812124
            ],
            [
              -72.0906375,
              43.7812026
            ],
            [
              -72.0906664,
              43.7811673
            ],
            [
              -72.0906829,
              43.7811221
            ],
            [
              -72.0906952,
              43.781077
            ],
            [
              -72.0906996,
              43.7810662
            ],
            [
              -72.0907133,
              43.7810319
            ],
            [
              -72.0907315,
              43.7809868
            ],
            [
              -72.0907521,
              43.7809417
            ],
            [
              -72.0907617,
              43.7808996
            ],
            [
              -72.0907623,
              43.7808965
            ],
            [
              -72.0907654,
              43.7808514
            ],
            [
              -72.0907698,
              43.7808063
            ],
            [
              -72.0907784,
              43.7807612
            ],
            [
              -72.0907908,
              43.7807161
            ],
            [
              -72.090806,
              43.7806709
            ],
            [
              -72.0908112,
              43.7806258
            ],
            [
              -72.0908169,
              43.7805807
            ],
            [
              -72.0908234,
              43.7805356
            ],
            [
              -72.0908238,
              43.7805332
            ],
            [
              -72.0908315,
              43.7804905
            ],
            [
              -72.0908238,
              43.7804733
            ],
            [
              -72.0908073,
              43.7804453
            ],
            [
              -72.09078,
              43.7804002
            ],
            [
              -72.0907621,
              43.7803551
            ],
            [
              -72.0907617,
              43.7803536
            ],
            [
              -72.0907495,
              43.78031
            ],
            [
              -72.0907531,
              43.7802649
            ],
            [
              -72.0906996,
              43.7802285
            ],
            [
              -72.0906871,
              43.7802198
            ],
            [
              -72.0906375,
              43.7801937
            ],
            [
              -72.0906115,
              43.7801746
            ],
            [
              -72.0905754,
              43.7801412
            ],
            [
              -72.0905619,
              43.7801295
            ],
            [
              -72.0905133,
              43.780092
            ],
            [
              -72.0905051,
              43.7800844
            ],
            [
              -72.0904512,
              43.7800493
            ],
            [
              -72.0904372,
              43.7800393
            ],
            [
              -72.0903891,
              43.7799978
            ],
            [
              -72.0903842,
              43.7799942
            ],
            [
              -72.0903269,
              43.7799539
            ],
            [
              -72.0903218,
              43.779949
            ],
            [
              -72.0902743,
              43.7799039
            ],
            [
              -72.0902648,
              43.7798951
            ],
            [
              -72.0902087,
              43.7798588
            ],
            [
              -72.0902027,
              43.7798554
            ],
            [
              -72.0901406,
              43.7798174
            ],
            [
              -72.0901357,
              43.7798137
            ],
            [
              -72.0900785,
              43.7797776
            ],
            [
              -72.0900644,
              43.7797686
            ],
            [
              -72.0900164,
              43.7797324
            ],
            [
              -72.0900028,
              43.7797234
            ],
            [
              -72.0899543,
              43.7796864
            ],
            [
              -72.0899441,
              43.7796783
            ],
            [
              -72.0898922,
              43.779634
            ],
            [
              -72.0898912,
              43.7796332
            ],
            [
              -72.0898301,
              43.7795931
            ],
            [
              -72.0898215,
              43.7795881
            ],
            [
              -72.0897707,
              43.779543
            ],
            [
              -72.089768,
              43.7795407
            ],
            [
              -72.0897059,
              43.7795063
            ],
            [
              -72.0896932,
              43.7794978
            ],
            [
              -72.0896437,
              43.7794563
            ],
            [
              -72.0896388,
              43.7794527
            ],
            [
              -72.0895816,
              43.7794078
            ],
            [
              -72.0895813,
              43.7794076
            ],
            [
              -72.0895195,
              43.7793687
            ],
            [
              -72.0895097,
              43.7793625
            ],
            [
              -72.0894574,
              43.779335
            ],
            [
              -72.0894327,
              43.7793174
            ],
            [
              -72.0893953,
              43.779298
            ],
            [
              -72.0893332,
              43.7792729
            ],
            [
              -72.089331,
              43.7792722
            ],
            [
              -72.0892711,
              43.7792495
            ],
            [
              -72.0892407,
              43.7792271
            ],
            [
              -72.089209,
              43.7791875
            ],
            [
              -72.0892007,
              43.779182
            ],
            [
              -72.0891469,
              43.7791598
            ],
            [
              -72.0891014,
              43.7791369
            ],
            [
              -72.0890848,
              43.7791244
            ],
            [
              -72.0890323,
              43.7790918
            ],
            [
              -72.0890226,
              43.7790789
            ],
            [
              -72.0889939,
              43.7790467
            ],
            [
              -72.0889605,
              43.7790399
            ],
            [
              -72.0888984,
              43.7790275
            ],
            [
              -72.0888363,
              43.7790138
            ],
            [
              -72.0888008,
              43.7790015
            ],
            [
              -72.0887742,
              43.7789884
            ],
            [
              -72.0887121,
              43.7789652
            ],
            [
              -72.0886577,
              43.7789564
            ],
            [
              -72.08865,
              43.7789546
            ],
            [
              -72.0885879,
              43.7789253
            ],
            [
              -72.0885562,
              43.7789113
            ],
            [
              -72.0885258,
              43.7788898
            ],
            [
              -72.0884789,
              43.7788662
            ],
            [
              -72.0884637,
              43.778861
            ],
            [
              -72.0884016,
              43.7788427
            ],
            [
              -72.0883394,
              43.7788241
            ],
            [
              -72.0883333,
              43.7788211
            ],
            [
              -72.0882773,
              43.778785
            ],
            [
              -72.0882633,
              43.7787759
            ],
            [
              -72.0882152,
              43.7787425
            ],
            [
              -72.0881942,
              43.7787308
            ],
            [
              -72.0881531,
              43.7786988
            ],
            [
              -72.0881287,
              43.7786857
            ],
            [
              -72.088091,
              43.7786675
            ],
            [
              -72.0880377,
              43.7786406
            ],
            [
              -72.0880289,
              43.7786367
            ],
            [
              -72.0879668,
              43.7785992
            ],
            [
              -72.0879621,
              43.7785955
            ],
            [
              -72.0879074,
              43.7785503
            ],
            [
              -72.0879047,
              43.7785483
            ],
            [
              -72.0878557,
              43.7785052
            ],
            [
              -72.0878426,
              43.7784961
            ],
            [
              -72.0877829,
              43.7784601
            ],
            [
              -72.0877805,
              43.7784585
            ],
            [
              -72.0877375,
              43.778415
            ],
            [
              -72.0877183,
              43.778399
            ],
            [
              -72.0876769,
              43.7783699
            ],
            [
              -72.0876562,
              43.7783569
            ],
            [
              -72.0876082,
              43.7783247
            ],
            [
              -72.0875941,
              43.7783163
            ],
            [
              -72.0875377,
              43.7782796
            ],
            [
              -72.087532,
              43.7782767
            ],
            [
              -72.0874699,
              43.7782536
            ],
            [
              -72.0874078,
              43.7782346
            ],
            [
              -72.0874076,
              43.7782345
            ],
            [
              -72.0873457,
              43.7781994
            ],
            [
              -72.0873187,
              43.7781894
            ],
            [
              -72.0872836,
              43.7781639
            ],
            [
              -72.0872649,
              43.7781443
            ],
            [
              -72.0872358,
              43.7780991
            ],
            [
              -72.0872215,
              43.7780904
            ],
            [
              -72.0871712,
              43.778054
            ],
            [
              -72.0871594,
              43.778045
            ],
            [
              -72.0870973,
              43.77802
            ],
            [
              -72.0870691,
              43.7780089
            ],
            [
              -72.0870351,
              43.7779974
            ],
            [
              -72.086973,
              43.7779759
            ],
            [
              -72.0869316,
              43.7779638
            ],
            [
              -72.0869109,
              43.7779595
            ],
            [
              -72.0868488,
              43.7779474
            ],
            [
              -72.0867867,
              43.7779308
            ],
            [
              -72.0867324,
              43.7779187
            ],
            [
              -72.0867246,
              43.7779172
            ],
            [
              -72.086714,
              43.7779187
            ],
            [
              -72.0866625,
              43.7779316
            ],
            [
              -72.0866004,
              43.7779187
            ],
            [
              -72.0866004,
              43.7779187
            ],
            [
              -72.0865754,
              43.7778736
            ],
            [
              -72.0865383,
              43.7778423
            ],
            [
              -72.0865168,
              43.7778284
            ],
            [
              -72.0864762,
              43.7778079
            ],
            [
              -72.0864441,
              43.7777833
            ],
            [
              -72.086414,
              43.7777692
            ],
            [
              -72.0863519,
              43.7777547
            ],
            [
              -72.0862898,
              43.7777404
            ],
            [
              -72.0862834,
              43.7777382
            ],
            [
              -72.0862277,
              43.7776937
            ],
            [
              -72.0862269,
              43.7776931
            ],
            [
              -72.0861656,
              43.7776589
            ],
            [
              -72.0861529,
              43.777648
            ],
            [
              -72.0861035,
              43.7776249
            ],
            [
              -72.0860414,
              43.7776086
            ],
            [
              -72.0859997,
              43.7776028
            ],
            [
              -72.0859793,
              43.777597
            ],
            [
              -72.0859172,
              43.7775767
            ],
            [
              -72.0858986,
              43.7775577
            ],
            [
              -72.0858557,
              43.7775126
            ],
            [
              -72.0858551,
              43.7775121
            ],
            [
              -72.085793,
              43.7774786
            ],
            [
              -72.085772,
              43.7774675
            ],
            [
              -72.0857313,
              43.7774224
            ],
            [
              -72.0857308,
              43.7774217
            ],
            [
              -72.0857108,
              43.7774
            ]
          ]
        ]
      }
    },
    {
      "type": "Feature",
      "id": "contour/540m",
      "properties": {
        "elevation_m": 540,
        "is_index": false
      },
      "geometry": {
        "type": "MultiLineString",
        "coordinates": [
          [
            [
              -72.1042668,
              43.7774
            ],
            [
              -72.1042554,
              43.7774224
            ],
            [
              -72.1042395,
              43.7774511
            ],
            [
              -72.104224,
              43.7774675
            ],
            [
              -72.104197,
              43.7775126
            ],
            [
              -72.1041774,
              43.7775396
            ],
            [
              -72.1041569,
              43.7775577
            ],
            [
              -72.1041324,
              43.7776028
            ],
            [
              -72.1041152,
              43.7776268
            ],
            [
              -72.1040888,
              43.777648
            ],
            [
              -72.1040684,
              43.7776931
            ],
            [
              -72.1040531,
              43.7777162
            ],
            [
              -72.1040416,
              43.7777382
            ],
            [
              -72.1040006,
              43.7777833
            ],
            [
              -72.103991,
              43.7777962
            ],
            [
              -72.1039651,
              43.7778284
            ],
            [
              -72.1039289,
              43.7778566
            ],
            [
              -72.1039011,
              43.7778736
            ],
            [
              -72.1038668,
              43.7779097
            ],
            [
              -72.1038627,
              43.7779187
            ],
            [
              -72.1038534,
              43.7779638
            ],
            [
              -72.1038047,
              43.778003
            ],
            [
              -72.1037968,
              43.7780089
            ],
            [
              -72.1037426,
              43.77805
            ],
            [
              -72.1037356,
              43.778054
            ],
            [
              -72.1036805,
              43.7780971
            ],
            [
              -72.1036752,
              43.7780991
            ],
            [
              -72.1036184,
              43.7781205
            ],
            [
              -72.1035563,
              43.7781408
            ],
            [
              -72.1035506,
              43.7781443
            ],
            [
              -72.1034941,
              43.7781881
            ],
            [
              -72.1034912,
              43.7781894
            ],
            [
              -72.103432,
              43.7782218
            ],
            [
              -72.1034044,
              43.7782345
            ],
            [
              -72.1033699,
              43.7782594
            ],
            [
              -72.1033526,
              43.7782796
            ],
            [
              -72.1033115,
              43.7783247
            ],
            [
              -72.1033078,
              43.7783293
            ],
            [
              -72.103269,
              43.7783699
            ],
            [
              -72.1032457,
              43.7784002
            ],
            [
              -72.1032405,
              43.778415
            ],
            [
              -72.1032114,
              43.7784601
            ],
            [
              -72.1031898,
              43.7785052
            ],
            [
              -72.1031836,
              43.7785201
            ],
            [
              -72.1031722,
              43.7785503
            ],
            [
              -72.1031635,
              43.7785955
            ],
            [
              -72.1031493,
              43.7786406
            ],
            [
              -72.1031301,
              43.7786857
            ],
            [
              -72.1031215,
              43.7787155
            ],
            [
              -72.1031162,
              43.7787308
            ],
            [
              -72.1031,
              43.7787759
            ],
            [
              -72.1030903,
              43.7788211
            ],
            [
              -72.1030845,
              43.7788662
            ],
            [
              -72.1030945,
              43.7789113
            ],
            [
              -72.1031215,
              43.7789403
            ],
            [
              -72.1031645,
              43.7789564
            ],
            [
              -72.1031836,
              43.7789791
            ],
            [
              -72.1031876,
              43.7790015
            ],
            [
              -72.103194,
              43.7790467
            ],
            [
              -72.1031899,
              43.7790918
            ],
            [
              -72.1031879,
              43.7791369
            ],
            [
              -72.103188,
              43.779182
            ],
            [
              -72.1031844,
              43.7792271
            ],
            [
              -72.1031864,
              43.7792722
            ],
            [
              -72.1032228,
              43.7793174
            ],
            [
              -72.1032457,
              43.7793361
            ],
            [
              -72.1033078,
              43.7793618
            ],
            [
              -72.1033089,
              43.7793625
            ],
            [
              -72.1033644,
              43.7794076
            ],
            [
              -72.1033699,
              43.779413
            ],
            [
              -72.1034073,
              43.7794527
            ],
            [
              -72.103432,
              43.7794797
            ],
            [
              -72.1034538,
              43.7794978
            ],
            [
              -72.1034897,
              43.779543
            ],
            [
              -72.1034941,
              43.7795521
            ],
            [
              -72.103505,
              43.7795881
            ],
            [
              -72.1035307,
              43.7796332
            ],
            [
              -72.1035505,
              43.7796783
            ],
            [
              -72.1035548,
              43.7797234
            ],
            [
              -72.1035563,
              43.7797278
            ],
            [
              -72.1035718,
              43.7797686
            ],
            [
              -72.103596,
              43.7798137
            ],
            [
              -72.1036184,
              43.7798355
            ],
            [
              -72.1036489,
              43.7798588
            ],
            [
              -72.1036805,
              43.7798869
            ],
            [
              -72.1036969,
              43.7799039
            ],
            [
              -72.1037426,
              43.7799487
            ],
            [
              -72.103743,
              43.779949
            ],
            [
              -72.1037868,
              43.7799942
            ],
            [
              -72.1038047,
              43.7800098
            ],
            [
              -72.1038668,
              43.7800351
            ],
            [
              -72.1039289,
              43.7800348
            ],
            [
              -72.103991,
              43.7800325
            ],
            [
              -72.1040531,
              43.7800357
            ],
            [
              -72.1041152,
              43.780037
            ],
            [
              -72.1041774,
              43.7800264
            ],
            [
              -72.1042395,
              43.780011
            ],
            [
              -72.1042841,
              43.7799942
            ],
            [
              -72.1043016,
              43.7799885
            ],
            [
              -72.1043637,
              43.7799631
            ],
            [
              -72.1043965,
              43.779949
            ],
            [
              -72.1044258,
              43.7799386
            ],
            [
              -72.1044879,
              43.7799312
            ],
            [
              -72.10455,
              43.7799178
            ],
            [
              -72.1045968,
              43.7799039
            ],
            [
              -72.1046121,
              43.7798984
            ],
            [
              -72.1046742,
              43.7798842
            ],
            [
              -72.1047363,
              43.7798796
            ],
            [
              -72.1047984,
              43.7798838
            ],
            [
              -72.1048606,
              43.7798796
            ],
            [
              -72.1049227,
              43.7798681
            ],
            [
              -72.1049848,
              43.7798703
            ],
            [
              -72.1050261,
              43.7798588
            ],
            [
              -72.1050469,
              43.7798516
            ],
            [
              -72.1050587,
              43.7798588
            ],
            [
              -72.105109,
              43.77987
            ],
            [
              -72.1051539,
              43.7798588
            ],
            [
              -72.1051711,
              43.7798488
            ],
            [
              -72.1052164,
              43.7798137
            ],
            [
              -72.1052332,
              43.7798008
            ],
            [
              -72.1052902,
              43.7797686
            ],
            [
              -72.1052953,
              43.7797656
            ],
            [
              -72.1053574,
              43.7797278
            ],
            [
              -72.1053696,
              43.7797234
            ],
            [
              -72.1054195,
              43.7797024
            ],
            [
              -72.1054817,
              43.7796798
            ],
            [
              -72.1054862,
              43.7796783
            ],
            [
              -72.1055438,
              43.7796637
            ],
            [
              -72.1056059,
              43.7796387
            ],
            [
              -72.1056264,
              43.7796332
            ],
            [
              -72.105668,
              43.779621
            ],
            [
              -72.1057301,
              43.7796036
            ],
            [
              -72.1057492,
              43.7795881
            ],
            [
              -72.1057653,
              43.779543
            ],
            [
              -72.1057922,
              43.7795149
            ],
            [
              -72.105811,
              43.7794978
            ],
            [
              -72.1058543,
              43.7794738
            ],
            [
              -72.1058939,
              43.7794527
            ],
            [
              -72.1059164,
              43.7794388
            ],
            [
              -72.1059785,
              43.7794078
            ],
            [
              -72.1059796,
              43.7794076
            ],
            [
              -72.1060406,
              43.7793955
            ],
            [
              -72.1060896,
              43.7793625
            ],
            [
              -72.1061027,
              43.7793488
            ],
            [
              -72.106128,
              43.7793174
            ],
            [
              -72.1061629,
              43.7792722
            ],
            [
              -72.1061649,
              43.7792668
            ],
            [
              -72.106178,
              43.7792271
            ],
            [
              -72.1062004,
              43.779182
            ],
            [
              -72.106227,
              43.7791542
            ],
            [
              -72.1062519,
              43.7791369
            ],
            [
              -72.1062891,
              43.7791019
            ],
            [
              -72.1062941,
              43.7790918
            ],
            [
              -72.1063129,
              43.7790467
            ],
            [
              -72.1063512,
              43.7790062
            ],
            [
              -72.1063528,
              43.7790015
            ],
            [
              -72.1064133,
              43.7789581
            ],
            [
              -72.1064188,
              43.7789564
            ],
            [
              -72.1064754,
              43.7789396
            ],
            [
              -72.1065148,
              43.7789113
            ],
            [
              -72.1065375,
              43.7788916
            ],
            [
              -72.1065578,
              43.7788662
            ],
            [
              -72.1065742,
              43.7788211
            ],
            [
              -72.1065882,
              43.7787759
            ],
            [
              -72.106595,
              43.7787308
            ],
            [
              -72.1065996,
              43.7787228
            ],
            [
              -72.1066219,
              43.7786857
            ],
            [
              -72.1066535,
              43.7786406
            ],
            [
              -72.1066617,
              43.7786307
            ],
            [
              -72.1066925,
              43.7785955
            ],
            [
              -72.1067238,
              43.7785652
            ],
            [
              -72.1067428,
              43.7785503
            ],
            [
              -72.106786,
              43.7785059
            ],
            [
              -72.1067864,
              43.7785052
            ],
            [
              -72.106786,
              43.7784948
            ],
            [
              -72.1067844,
              43.7784601
            ],
            [
              -72.106773,
              43.778415
            ],
            [
              -72.1067551,
              43.7783699
            ],
            [
              -72.1067321,
              43.7783247
            ],
            [
              -72.1067265,
              43.7782796
            ],
            [
              -72.1067271,
              43.7782345
            ],
            [
              -72.1067329,
              43.7781894
            ],
            [
              -72.1067428,
              43.7781443
            ],
            [
              -72.1067489,
              43.7780991
            ],
            [
              -72.1067764,
              43.778054
            ],
            [
              -72.106786,
              43.778041
            ],
            [
              -72.1068141,
              43.7780089
            ],
            [
              -72.1068481,
              43.7779765
            ],
            [
              -72.1068589,
              43.7779638
            ],
            [
              -72.1068662,
              43.7779187
            ],
            [
              -72.1068582,
              43.7778736
            ],
            [
              -72.1068677,
              43.7778284
            ],
            [
              -72.1068819,
              43.7777833
            ],
            [
              -72.1069102,
              43.777754
            ],
            [
              -72.1069723,
              43.7777509
            ],
            [
              -72.1070344,
              43.7777436
            ],
            [
              -72.107061,
              43.7777382
            ],
            [
              -72.1070965,
              43.7777311
            ],
            [
              -72.1071586,
              43.7777292
            ],
            [
              -72.1072207,
              43.7777285
            ],
            [
              -72.1072583,
              43.7777382
            ],
            [
              -72.1072828,
              43.7777429
            ],
            [
              -72.1073449,
              43.7777683
            ],
            [
              -72.1073795,
              43.7777833
            ],
            [
              -72.107407,
              43.7777942
            ],
            [
              -72.1074679,
              43.7778284
            ],
            [
              -72.1074692,
              43.7778291
            ],
            [
              -72.1075,
              43.7778438
            ]
          ],
          [
            [
              -72.0857,
              43.7857
            ],
            [
              -72.0857308,
              43.7857101
            ],
            [
              -72.0857595,
              43.7857243
            ],
            [
              -72.085793,
              43.7857354
            ],
            [
              -72.0858551,
              43.7857573
            ],
            [
              -72.0858763,
              43.7857694
            ],
            [
              -72.0859172,
              43.7857956
            ],
            [
              -72.0859793,
              43.7857956
            ],
            [
              -72.0860414,
              43.7857955
            ],
            [
              -72.0861035,
              43.7857818
            ],
            [
              -72.0861282,
              43.7857694
            ],
            [
              -72.0861656,
              43.7857498
            ],
            [
              -72.0862277,
              43.7857258
            ],
            [
              -72.0862766,
              43.7857243
            ],
            [
              -72.0862898,
              43.785724
            ],
            [
              -72.0863519,
              43.7857211
            ],
            [
              -72.086414,
              43.7857155
            ],
            [
              -72.0864762,
              43.7857123
            ],
            [
              -72.0865383,
              43.7856954
            ],
            [
              -72.0866004,
              43.7856817
            ],
            [
              -72.0866047,
              43.7856792
            ],
            [
              -72.0866625,
              43.7856494
            ],
            [
              -72.0866908,
              43.7856341
            ],
            [
              -72.0867246,
              43.7856028
            ],
            [
              -72.0867406,
              43.7855889
            ],
            [
              -72.0867867,
              43.7855603
            ],
            [
              -72.0868146,
              43.7855438
            ],
            [
              -72.0868488,
              43.785528
            ],
            [
              -72.0869109,
              43.7855034
            ],
            [
              -72.0869215,
              43.7854987
            ],
            [
              -72.086973,
              43.7854778
            ],
            [
              -72.0870119,
              43.7854536
            ],
            [
              -72.0870351,
              43.785435
            ],
            [
              -72.0870572,
              43.7854085
            ],
            [
              -72.08709,
              43.7853633
            ],
            [
              -72.0870973,
              43.7853535
            ],
            [
              -72.0871356,
              43.7853182
            ],
            [
              -72.0871594,
              43.7852782
            ],
            [
              -72.087166,
              43.7852731
            ],
            [
              -72.0872215,
              43.7852374
            ],
            [
              -72.0872713,
              43.785228
            ],
            [
              -72.0872836,
              43.7852258
            ],
            [
              -72.0873457,
              43.7852185
            ],
            [
              -72.0873579,
              43.7851829
            ],
            [
              -72.0874035,
              43.7851377
            ],
            [
              -72.0874078,
              43.7851339
            ],
            [
              -72.087446,
              43.7850926
            ],
            [
              -72.087467,
              43.7850475
            ],
            [
              -72.0874699,
              43.7850423
            ],
            [
              -72.0874929,
              43.7850024
            ],
            [
              -72.087532,
              43.7849587
            ],
            [
              -72.0875331,
              43.7849573
            ],
            [
              -72.087542,
              43.7849121
            ],
            [
              -72.0875592,
              43.784867
            ],
            [
              -72.0875941,
              43.7848378
            ],
            [
              -72.0876562,
              43.7848353
            ],
            [
              -72.0876852,
              43.7848219
            ],
            [
              -72.0877183,
              43.7847884
            ],
            [
              -72.0877311,
              43.7847768
            ],
            [
              -72.0877775,
              43.7847317
            ],
            [
              -72.0877805,
              43.7847282
            ],
            [
              -72.0877969,
              43.7846865
            ],
            [
              -72.0878065,
              43.7846414
            ],
            [
              -72.0878197,
              43.7845963
            ],
            [
              -72.0878426,
              43.784574
            ],
            [
              -72.0879045,
              43.7845512
            ],
            [
              -72.0879047,
              43.784551
            ],
            [
              -72.0879185,
              43.7845061
            ],
            [
              -72.0879668,
              43.7844791
            ],
            [
              -72.0880289,
              43.7844728
            ],
            [
              -72.088091,
              43.7844621
            ],
            [
              -72.0880956,
              43.784461
            ],
            [
              -72.0881531,
              43.7844392
            ],
            [
              -72.0881705,
              43.7844158
            ],
            [
              -72.088195,
              43.7843707
            ],
            [
              -72.088212,
              43.7843256
            ],
            [
              -72.0882152,
              43.7843226
            ],
            [
              -72.0882389,
              43.7842805
            ],
            [
              -72.0882542,
              43.7842354
            ],
            [
              -72.0882773,
              43.7842077
            ],
            [
              -72.0882933,
              43.7841902
            ],
            [
              -72.0883328,
              43.7841451
            ],
            [
              -72.0883394,
              43.7841373
            ],
            [
              -72.0884016,
              43.7841018
            ],
            [
              -72.0884637,
              43.7841006
            ],
            [
              -72.0884645,
              43.7841
            ],
            [
              -72.0885066,
              43.7840549
            ],
            [
              -72.0885258,
              43.7840411
            ],
            [
              -72.0885613,
              43.7840098
            ],
            [
              -72.0885805,
              43.7839646
            ],
            [
              -72.0885761,
              43.7839195
            ],
            [
              -72.0885568,
              43.7838744
            ],
            [
              -72.0885258,
              43.7838439
            ],
            [
              -72.0885138,
              43.7838293
            ],
            [
              -72.0884637,
              43.7837891
            ],
            [
              -72.0884558,
              43.7837842
            ],
            [
              -72.0884418,
              43.783739
            ],
            [
              -72.0884582,
              43.7836939
            ],
            [
              -72.0884575,
              43.7836488
            ],
            [
              -72.0884285,
              43.7836037
            ],
            [
              -72.0884214,
              43.7835586
            ],
            [
              -72.0884315,
              43.7835135
            ],
            [
              -72.0884438,
              43.7834683
            ],
            [
              -72.0884637,
              43.7834342
            ],
            [
              -72.088471,
              43.7834232
            ],
            [
              -72.0884885,
              43.7833781
            ],
            [
              -72.0885248,
              43.783333
            ],
            [
              -72.0885258,
              43.7833313
            ],
            [
              -72.0885469,
              43.7832879
            ],
            [
              -72.0885666,
              43.7832427
            ],
            [
              -72.0885879,
              43.7832023
            ],
            [
              -72.0885906,
              43.7831976
            ],
            [
              -72.0886124,
              43.7831525
            ],
            [
              -72.0886178,
              43.7831074
            ],
            [
              -72.0886214,
              43.7830623
            ],
            [
              -72.0886167,
              43.7830171
            ],
            [
              -72.0886071,
              43.782972
            ],
            [
              -72.0886025,
              43.7829269
            ],
            [
              -72.0885879,
              43.7828834
            ],
            [
              -72.0885875,
              43.7828818
            ],
            [
              -72.0885764,
              43.7828367
            ],
            [
              -72.0885716,
              43.7827915
            ],
            [
              -72.0885641,
              43.7827464
            ],
            [
              -72.0885557,
              43.7827013
            ],
            [
              -72.0885703,
              43.7826562
            ],
            [
              -72.0885879,
              43.7826139
            ],
            [
              -72.0885893,
              43.7826111
            ],
            [
              -72.0886046,
              43.7825659
            ],
            [
              -72.0885955,
              43.7825208
            ],
            [
              -72.0885879,
              43.7825034
            ],
            [
              -72.0885701,
              43.7824757
            ],
            [
              -72.0885764,
              43.7824306
            ],
            [
              -72.0885733,
              43.7823855
            ],
            [
              -72.0885781,
              43.7823404
            ],
            [
              -72.0885598,
              43.7822952
            ],
            [
              -72.0885258,
              43.7822553
            ],
            [
              -72.0885216,
              43.7822501
            ],
            [
              -72.0884996,
              43.782205
            ],
            [
              -72.0885063,
              43.7821599
            ],
            [
              -72.0885258,
              43.782143
            ],
            [
              -72.0885466,
              43.7821148
            ],
            [
              -72.0885534,
              43.7820696
            ],
            [
              -72.0885734,
              43.7820245
            ],
            [
              -72.088573,
              43.7819794
            ],
            [
              -72.0885765,
              43.7819343
            ],
            [
              -72.0885879,
              43.7819281
            ],
            [
              -72.08865,
              43.7819341
            ],
            [
              -72.0887121,
              43.7819323
            ],
            [
              -72.0887742,
              43.7819225
            ],
            [
              -72.0888363,
              43.7819024
            ],
            [
              -72.0888816,
              43.7818892
            ],
            [
              -72.0888984,
              43.7818829
            ],
            [
              -72.0889605,
              43.7818607
            ],
            [
              -72.0889922,
              43.781844
            ],
            [
              -72.0890226,
              43.7818236
            ],
            [
              -72.089067,
              43.7817989
            ],
            [
              -72.0890848,
              43.78179
            ],
            [
              -72.0891398,
              43.7817538
            ],
            [
              -72.0891469,
              43.781749
            ],
            [
              -72.089209,
              43.7817134
            ],
            [
              -72.0892219,
              43.7817087
            ],
            [
              -72.0892711,
              43.7816865
            ],
            [
              -72.0893148,
              43.7816636
            ],
            [
              -72.0893273,
              43.7816184
            ],
            [
              -72.0893332,
              43.7816033
            ],
            [
              -72.0893461,
              43.7815733
            ],
            [
              -72.0893682,
              43.7815282
            ],
            [
              -72.0893953,
              43.7814928
            ],
            [
              -72.0894063,
              43.7814831
            ],
            [
              -72.0894574,
              43.7814393
            ],
            [
              -72.089459,
              43.781438
            ],
            [
              -72.0894936,
              43.7813928
            ],
            [
              -72.0895195,
              43.7813734
            ],
            [
              -72.0895524,
              43.7813477
            ],
            [
              -72.0895816,
              43.781326
            ],
            [
              -72.0895959,
              43.7813026
            ],
            [
              -72.0895943,
              43.7812575
            ],
            [
              -72.0895919,
              43.7812124
            ],
            [
              -72.0895963,
              43.7811673
            ],
            [
              -72.0896329,
              43.7811221
            ],
            [
              -72.0896437,
              43.7811132
            ],
            [
              -72.0896866,
              43.781077
            ],
            [
              -72.0897059,
              43.7810628
            ],
            [
              -72.0897595,
              43.7810319
            ],
            [
              -72.089768,
              43.7810277
            ],
            [
              -72.0898301,
              43.7810016
            ],
            [
              -72.0898922,
              43.7809915
            ],
            [
              -72.0899294,
              43.7809868
            ],
            [
              -72.0899543,
              43.7809809
            ],
            [
              -72.0900164,
              43.7809609
            ],
            [
              -72.0900444,
              43.7809417
            ],
            [
              -72.0900785,
              43.7809209
            ],
            [
              -72.0901161,
              43.7808965
            ],
            [
              -72.0901406,
              43.7808834
            ],
            [
              -72.0902027,
              43.780853
            ],
            [
              -72.0902049,
              43.7808514
            ],
            [
              -72.0902582,
              43.7808063
            ],
            [
              -72.0902648,
              43.7807994
            ],
            [
              -72.0903013,
              43.7807612
            ],
            [
              -72.0903269,
              43.7807303
            ],
            [
              -72.0903328,
              43.7807161
            ],
            [
              -72.0903505,
              43.7806709
            ],
            [
              -72.0903741,
              43.7806258
            ],
            [
              -72.0903783,
              43.7805807
            ],
            [
              -72.090366,
              43.7805356
            ],
            [
              -72.0903561,
              43.7804905
            ],
            [
              -72.0903523,
              43.7804453
            ],
            [
              -72.0903314,
              43.7804002
            ],
            [
              -72.0903269,
              43.7803957
            ],
            [
              -72.090297,
              43.7803551
            ],
            [
              -72.090271,
              43.78031
            ],
            [
              -72.0902648,
              43.7803046
            ],
            [
              -72.0902255,
              43.7802649
            ],
            [
              -72.0902027,
              43.7802495
            ],
            [
              -72.0901689,
              43.7802198
            ],
            [
              -72.0901406,
              43.7801866
            ],
            [
              -72.0901308,
              43.7801746
            ],
            [
              -72.0900785,
              43.780136
            ],
            [
              -72.090068,
              43.7801295
            ],
            [
              -72.0900164,
              43.7801009
            ],
            [
              -72.0899832,
              43.7800844
            ],
            [
              -72.0899543,
              43.7800676
            ],
            [
              -72.0899085,
              43.7800393
            ],
            [
              -72.0898922,
              43.7800276
            ],
            [
              -72.0898301,
              43.7799991
            ],
            [
              -72.089815,
              43.7799942
            ],
            [
              -72.089768,
              43.7799605
            ],
            [
              -72.0897537,
              43.779949
            ],
            [
              -72.0897134,
              43.7799039
            ],
            [
              -72.0897059,
              43.7799004
            ],
            [
              -72.0896456,
              43.7798588
            ],
            [
              -72.0896437,
              43.7798574
            ],
            [
              -72.089588,
              43.7798137
            ],
            [
              -72.0895816,
              43.7798093
            ],
            [
              -72.0895195,
              43.7797801
            ],
            [
              -72.0894883,
              43.7797686
            ],
            [
              -72.0894574,
              43.7797407
            ],
            [
              -72.0894342,
              43.7797234
            ],
            [
              -72.0894108,
              43.7796783
            ],
            [
              -72.0893976,
              43.7796332
            ],
            [
              -72.0893953,
              43.779629
            ],
            [
              -72.0893728,
              43.7795881
            ],
            [
              -72.0893332,
              43.7795523
            ],
            [
              -72.0893234,
              43.779543
            ],
            [
              -72.0892907,
              43.7794978
            ],
            [
              -72.0892711,
              43.7794879
            ],
            [
              -72.0892182,
              43.7794527
            ],
            [
              -72.089209,
              43.7794474
            ],
            [
              -72.0891469,
              43.7794233
            ],
            [
              -72.0891222,
              43.7794076
            ],
            [
              -72.0890848,
              43.7793871
            ],
            [
              -72.0890226,
              43.7793625
            ],
            [
              -72.0890225,
              43.7793625
            ],
            [
              -72.0889605,
              43.7793374
            ],
            [
              -72.0889267,
              43.7793174
            ],
            [
              -72.0888984,
              43.7793039
            ],
            [
              -72.0888363,
              43.7792734
            ],
            [
              -72.0888334,
              43.7792722
            ],
            [
              -72.0887742,
              43.7792545
            ],
            [
              -72.0887121,
              43.7792325
            ],
            [
              -72.088694,
              43.7792271
            ],
            [
              -72.08865,
              43.779216
            ],
            [
              -72.0885879,
              43.7791875
            ],
            [
              -72.0885776,
              43.779182
            ],
            [
              -72.0885258,
              43.7791607
            ],
            [
              -72.08849,
              43.7791369
            ],
            [
              -72.0884637,
              43.7791222
            ],
            [
              -72.0884016,
              43.779097
            ],
            [
              -72.088391,
              43.7790918
            ],
            [
              -72.0883394,
              43.7790749
            ],
            [
              -72.0882773,
              43.7790522
            ],
            [
              -72.0882693,
              43.7790467
            ],
            [
              -72.0882152,
              43.779025
            ],
            [
              -72.0881531,
              43.7790019
            ],
            [
              -72.0881523,
              43.7790015
            ],
            [
              -72.088091,
              43.7789709
            ],
            [
              -72.0880514,
              43.7789564
            ],
            [
              -72.0880289,
              43.7789412
            ],
            [
              -72.0879668,
              43.7789245
            ],
            [
              -72.0879047,
              43.7789188
            ],
            [
              -72.0878426,
              43.7789126
            ],
            [
              -72.0878358,
              43.7789113
            ],
            [
              -72.0877805,
              43.7788976
            ],
            [
              -72.0877183,
              43.7788734
            ],
            [
              -72.0877054,
              43.7788662
            ],
            [
              -72.0876562,
              43.7788413
            ],
            [
              -72.0876284,
              43.7788211
            ],
            [
              -72.0875941,
              43.7787964
            ],
            [
              -72.0875599,
              43.7787759
            ],
            [
              -72.087532,
              43.7787585
            ],
            [
              -72.0874699,
              43.7787381
            ],
            [
              -72.0874494,
              43.7787308
            ],
            [
              -72.0874078,
              43.7786996
            ],
            [
              -72.0873907,
              43.7786857
            ],
            [
              -72.0873535,
              43.7786406
            ],
            [
              -72.0873661,
              43.7785955
            ],
            [
              -72.08737,
              43.7785503
            ],
            [
              -72.0873667,
              43.7785052
            ],
            [
              -72.0873651,
              43.7784601
            ],
            [
              -72.0873737,
              43.778415
            ],
            [
              -72.0873733,
              43.7783699
            ],
            [
              -72.0873457,
              43.7783603
            ],
            [
              -72.0873037,
              43.7783247
            ],
            [
              -72.0872836,
              43.778318
            ],
            [
              -72.0872215,
              43.7783213
            ],
            [
              -72.0871594,
              43.778308
            ],
            [
              -72.0871016,
              43.7782796
            ],
            [
              -72.0870973,
              43.7782778
            ],
            [
              -72.0870351,
              43.7782448
            ],
            [
              -72.0870141,
              43.7782345
            ],
            [
              -72.086973,
              43.7782186
            ],
            [
              -72.0869244,
              43.7781894
            ],
            [
              -72.0869109,
              43.7781818
            ],
            [
              -72.086854,
              43.7781443
            ],
            [
              -72.0868488,
              43.7781414
            ],
            [
              -72.0867867,
              43.7781061
            ],
            [
              -72.0867735,
              43.7780991
            ],
            [
              -72.0867246,
              43.7780856
            ],
            [
              -72.0866661,
              43.778054
            ],
            [
              -72.0866625,
              43.7780527
            ],
            [
              -72.0866004,
              43.7780339
            ],
            [
              -72.0865572,
              43.7780089
            ],
            [
              -72.0865383,
              43.7780019
            ],
            [
              -72.0864762,
              43.7779819
            ],
            [
              -72.0864266,
              43.7779638
            ],
            [
              -72.086414,
              43.7779583
            ],
            [
              -72.0863519,
              43.7779244
            ],
            [
              -72.0863368,
              43.7779187
            ],
            [
              -72.0862898,
              43.7778968
            ],
            [
              -72.0862622,
              43.7778736
            ],
            [
              -72.0862277,
              43.7778498
            ],
            [
              -72.0862096,
              43.7778284
            ],
            [
              -72.0861656,
              43.7778001
            ],
            [
              -72.0861371,
              43.7777833
            ],
            [
              -72.0861035,
              43.7777587
            ],
            [
              -72.0860675,
              43.7777382
            ],
            [
              -72.0860414,
              43.7777222
            ],
            [
              -72.0859793,
              43.7777015
            ],
            [
              -72.0859655,
              43.7776931
            ],
            [
              -72.0859172,
              43.7776781
            ],
            [
              -72.0858551,
              43.7776691
            ],
            [
              -72.0858126,
              43.777648
            ],
            [
              -72.085793,
              43.7776204
            ],
            [
              -72.0857423,
              43.7776028
            ],
            [
              -72.0857308,
              43.7775968
            ],
            [
              -72.0857,
              43.7775719
            ]
          ]
        ]
      }
    },
    {
      "type": "Feature",
      "id": "contour/560m",
      "properties": {
        "elevation_m": 560,
        "is_index": false
      },
      "geometry": {
        "type": "MultiLineString",
        "coordinates": [
          [
            [
              -72.1043338,
              43.7774
            ],
            [
              -72.104319,
              43.7774224
            ],
            [
              -72.1043016,
              43.7774527
            ],
            [
              -72.1042953,
              43.7774675
            ],
            [
              -72.1042655,
              43.7775126
            ],
            [
              -72.1042501,
              43.7775577
            ],
            [
              -72.1042395,
              43.7775691
            ],
            [
              -72.1042089,
              43.7776028
            ],
            [
              -72.1041978,
              43.777648
            ],
            [
              -72.1041774,
              43.7776723
            ],
            [
              -72.1041575,
              43.7776931
            ],
            [
              -72.1041479,
              43.7777382
            ],
            [
              -72.1041397,
              43.7777833
            ],
            [
              -72.1041168,
              43.7778284
            ],
            [
              -72.1041152,
              43.7778305
            ],
            [
              -72.104078,
              43.7778736
            ],
            [
              -72.1040531,
              43.7778995
            ],
            [
              -72.1040338,
              43.7779187
            ],
            [
              -72.103999,
              43.7779638
            ],
            [
              -72.103991,
              43.7779719
            ],
            [
              -72.1039614,
              43.7780089
            ],
            [
              -72.1039289,
              43.7780336
            ],
            [
              -72.1039053,
              43.778054
            ],
            [
              -72.1038668,
              43.7780952
            ],
            [
              -72.1038615,
              43.7780991
            ],
            [
              -72.1038047,
              43.7781402
            ],
            [
              -72.1037995,
              43.7781443
            ],
            [
              -72.1037608,
              43.7781894
            ],
            [
              -72.1037426,
              43.7782033
            ],
            [
              -72.1036865,
              43.7782345
            ],
            [
              -72.1036805,
              43.7782387
            ],
            [
              -72.1036184,
              43.7782596
            ],
            [
              -72.1035678,
              43.7782796
            ],
            [
              -72.1035563,
              43.7782845
            ],
            [
              -72.1034941,
              43.7783208
            ],
            [
              -72.1034881,
              43.7783247
            ],
            [
              -72.1034497,
              43.7783699
            ],
            [
              -72.1034442,
              43.778415
            ],
            [
              -72.1034426,
              43.7784601
            ],
            [
              -72.1034398,
              43.7785052
            ],
            [
              -72.1034479,
              43.7785503
            ],
            [
              -72.1034448,
              43.7785955
            ],
            [
              -72.1034447,
              43.7786406
            ],
            [
              -72.1034634,
              43.7786857
            ],
            [
              -72.1034724,
              43.7787308
            ],
            [
              -72.1034899,
              43.7787759
            ],
            [
              -72.1034941,
              43.7787798
            ],
            [
              -72.1035563,
              43.7788182
            ],
            [
              -72.1035603,
              43.7788211
            ],
            [
              -72.1036184,
              43.7788463
            ],
            [
              -72.1036805,
              43.7788656
            ],
            [
              -72.1036825,
              43.7788662
            ],
            [
              -72.1037426,
              43.7788865
            ],
            [
              -72.1038047,
              43.7789112
            ],
            [
              -72.1038048,
              43.7789113
            ],
            [
              -72.1038476,
              43.7789564
            ],
            [
              -72.1038668,
              43.7789875
            ],
            [
              -72.1038774,
              43.7790015
            ],
            [
              -72.1039289,
              43.7790446
            ],
            [
              -72.1039302,
              43.7790467
            ],
            [
              -72.103947,
              43.7790918
            ],
            [
              -72.1039546,
              43.7791369
            ],
            [
              -72.1039723,
              43.779182
            ],
            [
              -72.103991,
              43.7792173
            ],
            [
              -72.1039979,
              43.7792271
            ],
            [
              -72.1040319,
              43.7792722
            ],
            [
              -72.1040531,
              43.7793147
            ],
            [
              -72.1040569,
              43.7793174
            ],
            [
              -72.1041152,
              43.7793412
            ],
            [
              -72.1041774,
              43.7793378
            ],
            [
              -72.1042395,
              43.7793256
            ],
            [
              -72.1042832,
              43.7793174
            ],
            [
              -72.1043016,
              43.7793128
            ],
            [
              -72.1043637,
              43.7792954
            ],
            [
              -72.1044258,
              43.7792766
            ],
            [
              -72.1044471,
              43.7792722
            ],
            [
              -72.1044879,
              43.7792618
            ],
            [
              -72.10455,
              43.7792469
            ],
            [
              -72.1045802,
              43.7792271
            ],
            [
              -72.1046121,
              43.7792087
            ],
            [
              -72.1046655,
              43.779182
            ],
            [
              -72.1046742,
              43.7791767
            ],
            [
              -72.1047363,
              43.7791663
            ],
            [
              -72.1047984,
              43.779153
            ],
            [
              -72.1048519,
              43.7791369
            ],
            [
              -72.1048606,
              43.779134
            ],
            [
              -72.1049227,
              43.7791228
            ],
            [
              -72.1049848,
              43.7791077
            ],
            [
              -72.1050469,
              43.7790997
            ],
            [
              -72.105109,
              43.7790999
            ],
            [
              -72.1051304,
              43.7790918
            ],
            [
              -72.1051711,
              43.7790774
            ],
            [
              -72.1052245,
              43.7790467
            ],
            [
              -72.1052332,
              43.7790382
            ],
            [
              -72.1052676,
              43.7790015
            ],
            [
              -72.1052953,
              43.7789825
            ],
            [
              -72.1053205,
              43.7789564
            ],
            [
              -72.1053574,
              43.7789269
            ],
            [
              -72.1053792,
              43.7789113
            ],
            [
              -72.1054195,
              43.7788844
            ],
            [
              -72.1054474,
              43.7788662
            ],
            [
              -72.1054817,
              43.7788368
            ],
            [
              -72.105496,
              43.7788211
            ],
            [
              -72.1055227,
              43.7787759
            ],
            [
              -72.1055438,
              43.7787474
            ],
            [
              -72.1055577,
              43.7787308
            ],
            [
              -72.1056059,
              43.7786951
            ],
            [
              -72.1056136,
              43.7786857
            ],
            [
              -72.1056421,
              43.7786406
            ],
            [
              -72.105668,
              43.7786121
            ],
            [
              -72.1056847,
              43.7785955
            ],
            [
              -72.1057043,
              43.7785503
            ],
            [
              -72.1057301,
              43.7785172
            ],
            [
              -72.1057443,
              43.7785052
            ],
            [
              -72.1057922,
              43.7784715
            ],
            [
              -72.1058247,
              43.7784601
            ],
            [
              -72.1058543,
              43.7784514
            ],
            [
              -72.1059164,
              43.7784316
            ],
            [
              -72.1059719,
              43.778415
            ],
            [
              -72.1059785,
              43.778411
            ],
            [
              -72.1060304,
              43.7783699
            ],
            [
              -72.1060406,
              43.7783588
            ],
            [
              -72.1060595,
              43.7783247
            ],
            [
              -72.1060875,
              43.7782796
            ],
            [
              -72.1061027,
              43.7782547
            ],
            [
              -72.1061163,
              43.7782345
            ],
            [
              -72.1061594,
              43.7781894
            ],
            [
              -72.1061649,
              43.7781835
            ],
            [
              -72.1061947,
              43.7781443
            ],
            [
              -72.106191,
              43.7780991
            ],
            [
              -72.1061649,
              43.7780623
            ],
            [
              -72.1061582,
              43.778054
            ],
            [
              -72.1061089,
              43.7780089
            ],
            [
              -72.1061027,
              43.7780041
            ],
            [
              -72.1060513,
              43.7779638
            ],
            [
              -72.1060406,
              43.7779471
            ],
            [
              -72.1060127,
              43.7779187
            ],
            [
              -72.1060251,
              43.7778736
            ],
            [
              -72.10603,
              43.7778284
            ],
            [
              -72.1060406,
              43.7778107
            ],
            [
              -72.1060579,
              43.7777833
            ],
            [
              -72.1060851,
              43.7777382
            ],
            [
              -72.1061027,
              43.7777215
            ],
            [
              -72.1061221,
              43.7776931
            ],
            [
              -72.1061216,
              43.777648
            ],
            [
              -72.1061367,
              43.7776028
            ],
            [
              -72.1061649,
              43.7775706
            ],
            [
              -72.1061789,
              43.7775577
            ],
            [
              -72.106193,
              43.7775126
            ],
            [
              -72.1061744,
              43.7774675
            ],
            [
              -72.1061649,
              43.7774524
            ],
            [
              -72.1061447,
              43.7774224
            ],
            [
              -72.1061276,
              43.7774
            ]
          ],
          [
            [
              -72.0857,
              43.7843862
            ],
            [
              -72.0857308,
              43.784375
            ],
            [
              -72.085793,
              43.7843736
            ],
            [
              -72.0858551,
              43.7843844
            ],
            [
              -72.0859172,
              43.7843997
            ],
            [
              -72.0859655,
              43.7844158
            ],
            [
              -72.0859793,
              43.7844186
            ],
            [
              -72.0860054,
              43.7844158
            ],
            [
              -72.0860414,
              43.7844131
            ],
            [
              -72.0861035,
              43.7844065
            ],
            [
              -72.0861656,
              43.784407
            ],
            [
              -72.0862277,
              43.7843929
            ],
            [
              -72.0862898,
              43.7843794
            ],
            [
              -72.0863048,
              43.7843707
            ],
            [
              -72.0863519,
              43.7843418
            ],
            [
              -72.0863781,
              43.7843256
            ],
            [
              -72.086414,
              43.7843111
            ],
            [
              -72.0864615,
              43.7842805
            ],
            [
              -72.0864762,
              43.7842709
            ],
            [
              -72.0865234,
              43.7842354
            ],
            [
              -72.0865383,
              43.7842246
            ],
            [
              -72.0865872,
              43.7841902
            ],
            [
              -72.0866004,
              43.7841845
            ],
            [
              -72.0866625,
              43.7841626
            ],
            [
              -72.0866973,
              43.7841451
            ],
            [
              -72.0867246,
              43.7841359
            ],
            [
              -72.0867867,
              43.7841102
            ],
            [
              -72.0868039,
              43.7841
            ],
            [
              -72.0868488,
              43.7840702
            ],
            [
              -72.0868754,
              43.7840549
            ],
            [
              -72.0869109,
              43.7840348
            ],
            [
              -72.0869383,
              43.7840098
            ],
            [
              -72.0869256,
              43.7839646
            ],
            [
              -72.0869135,
              43.7839195
            ],
            [
              -72.0869109,
              43.7839114
            ],
            [
              -72.0868984,
              43.7838744
            ],
            [
              -72.0868904,
              43.7838293
            ],
            [
              -72.0868912,
              43.7837842
            ],
            [
              -72.0868841,
              43.783739
            ],
            [
              -72.0869109,
              43.7837018
            ],
            [
              -72.0869193,
              43.7836939
            ],
            [
              -72.086973,
              43.7836493
            ],
            [
              -72.0869735,
              43.7836488
            ],
            [
              -72.086973,
              43.7836371
            ],
            [
              -72.0869716,
              43.7836037
            ],
            [
              -72.086973,
              43.783602
            ],
            [
              -72.087024,
              43.7835586
            ],
            [
              -72.0870351,
              43.7835475
            ],
            [
              -72.0870679,
              43.7835135
            ],
            [
              -72.0870914,
              43.7834683
            ],
            [
              -72.0870973,
              43.7834619
            ],
            [
              -72.087138,
              43.7834232
            ],
            [
              -72.0871594,
              43.7833807
            ],
            [
              -72.0871602,
              43.7833781
            ],
            [
              -72.0871969,
              43.783333
            ],
            [
              -72.0872215,
              43.7833051
            ],
            [
              -72.0872363,
              43.7832879
            ],
            [
              -72.0872542,
              43.7832427
            ],
            [
              -72.0872783,
              43.7831976
            ],
            [
              -72.0872836,
              43.7831568
            ],
            [
              -72.0872853,
              43.7831525
            ],
            [
              -72.0873457,
              43.7831253
            ],
            [
              -72.087363,
              43.7831074
            ],
            [
              -72.0873712,
              43.7830623
            ],
            [
              -72.0873642,
              43.7830171
            ],
            [
              -72.0873711,
              43.782972
            ],
            [
              -72.0873789,
              43.7829269
            ],
            [
              -72.0873704,
              43.7828818
            ],
            [
              -72.0873681,
              43.7828367
            ],
            [
              -72.0873749,
              43.7827915
            ],
            [
              -72.0873778,
              43.7827464
            ],
            [
              -72.0873707,
              43.7827013
            ],
            [
              -72.0874011,
              43.7826562
            ],
            [
              -72.0874078,
              43.7826514
            ],
            [
              -72.0874699,
              43.7826198
            ],
            [
              -72.087486,
              43.7826111
            ],
            [
              -72.0875184,
              43.7825659
            ],
            [
              -72.0875293,
              43.7825208
            ],
            [
              -72.087532,
              43.7825
            ],
            [
              -72.0875362,
              43.7824757
            ],
            [
              -72.087572,
              43.7824306
            ],
            [
              -72.0875906,
              43.7823855
            ],
            [
              -72.0875941,
              43.7823771
            ],
            [
              -72.0876079,
              43.7823404
            ],
            [
              -72.0876134,
              43.7822952
            ],
            [
              -72.0876113,
              43.7822501
            ],
            [
              -72.0875941,
              43.7822197
            ],
            [
              -72.0875859,
              43.782205
            ],
            [
              -72.0875658,
              43.7821599
            ],
            [
              -72.0875644,
              43.7821148
            ],
            [
              -72.0875744,
              43.7820696
            ],
            [
              -72.0875941,
              43.7820269
            ],
            [
              -72.0875948,
              43.7820245
            ],
            [
              -72.0875941,
              43.782001
            ],
            [
              -72.0875934,
              43.7819794
            ],
            [
              -72.0875862,
              43.7819343
            ],
            [
              -72.0875514,
              43.7818892
            ],
            [
              -72.0875413,
              43.781844
            ],
            [
              -72.0875941,
              43.7818
            ],
            [
              -72.0875958,
              43.7817989
            ],
            [
              -72.0875941,
              43.7817925
            ],
            [
              -72.087589,
              43.7817538
            ],
            [
              -72.0875885,
              43.7817087
            ],
            [
              -72.0875941,
              43.7816992
            ],
            [
              -72.0876162,
              43.7816636
            ],
            [
              -72.0876562,
              43.7816397
            ],
            [
              -72.0876916,
              43.7816184
            ],
            [
              -72.0876961,
              43.7815733
            ],
            [
              -72.0877183,
              43.7815391
            ],
            [
              -72.087736,
              43.7815282
            ],
            [
              -72.0877805,
              43.7815094
            ],
            [
              -72.0878158,
              43.7814831
            ],
            [
              -72.0878426,
              43.7814657
            ],
            [
              -72.0878671,
              43.781438
            ],
            [
              -72.0878748,
              43.7813928
            ],
            [
              -72.0879047,
              43.7813492
            ],
            [
              -72.0879062,
              43.7813477
            ],
            [
              -72.0879359,
              43.7813026
            ],
            [
              -72.0879439,
              43.7812575
            ],
            [
              -72.0879438,
              43.7812124
            ],
            [
              -72.087959,
              43.7811673
            ],
            [
              -72.0879591,
              43.7811221
            ],
            [
              -72.0879599,
              43.781077
            ],
            [
              -72.0879668,
              43.7810677
            ],
            [
              -72.0880289,
              43.7810494
            ],
            [
              -72.088091,
              43.7810514
            ],
            [
              -72.0881531,
              43.7810509
            ],
            [
              -72.0881714,
              43.7810319
            ],
            [
              -72.0882047,
              43.7809868
            ],
            [
              -72.0882152,
              43.7809795
            ],
            [
              -72.0882773,
              43.7809439
            ],
            [
              -72.0882823,
              43.7809417
            ],
            [
              -72.0883394,
              43.7809091
            ],
            [
              -72.0883816,
              43.7808965
            ],
            [
              -72.0884016,
              43.78089
            ],
            [
              -72.0884637,
              43.7808644
            ],
            [
              -72.0884878,
              43.7808514
            ],
            [
              -72.0885258,
              43.780836
            ],
            [
              -72.0885879,
              43.7808357
            ],
            [
              -72.0886316,
              43.7808063
            ],
            [
              -72.08865,
              43.7807986
            ],
            [
              -72.0887121,
              43.7807769
            ],
            [
              -72.0887503,
              43.7807612
            ],
            [
              -72.0887742,
              43.780746
            ],
            [
              -72.0888104,
              43.7807161
            ],
            [
              -72.0888363,
              43.7806849
            ],
            [
              -72.0888474,
              43.7806709
            ],
            [
              -72.0888984,
              43.7806282
            ],
            [
              -72.0889002,
              43.7806258
            ],
            [
              -72.0889267,
              43.7805807
            ],
            [
              -72.0889605,
              43.7805555
            ],
            [
              -72.0890013,
              43.7805356
            ],
            [
              -72.0890226,
              43.7805231
            ],
            [
              -72.0890848,
              43.7805153
            ],
            [
              -72.0891469,
              43.7805041
            ],
            [
              -72.0891814,
              43.7804905
            ],
            [
              -72.089209,
              43.7804743
            ],
            [
              -72.0892711,
              43.7804578
            ],
            [
              -72.0893219,
              43.7804453
            ],
            [
              -72.0893332,
              43.7804425
            ],
            [
              -72.0893953,
              43.7804034
            ],
            [
              -72.0894014,
              43.7804002
            ],
            [
              -72.0894574,
              43.7803668
            ],
            [
              -72.0894975,
              43.7803551
            ],
            [
              -72.0895195,
              43.780344
            ],
            [
              -72.0895484,
              43.78031
            ],
            [
              -72.0895528,
              43.7802649
            ],
            [
              -72.0895195,
              43.7802215
            ],
            [
              -72.0895182,
              43.7802198
            ],
            [
              -72.0894574,
              43.7801935
            ],
            [
              -72.0893953,
              43.7801781
            ],
            [
              -72.0893854,
              43.7801746
            ],
            [
              -72.0893332,
              43.7801418
            ],
            [
              -72.0892948,
              43.7801295
            ],
            [
              -72.0892711,
              43.7801251
            ],
            [
              -72.089209,
              43.7801217
            ],
            [
              -72.0891469,
              43.7801038
            ],
            [
              -72.0890848,
              43.7800874
            ],
            [
              -72.0890676,
              43.7800844
            ],
            [
              -72.0890226,
              43.7800734
            ],
            [
              -72.0889857,
              43.7800393
            ],
            [
              -72.0889605,
              43.7800112
            ],
            [
              -72.0889332,
              43.7799942
            ],
            [
              -72.0888984,
              43.7799875
            ],
            [
              -72.0888363,
              43.7799751
            ],
            [
              -72.0887742,
              43.7799532
            ],
            [
              -72.0887656,
              43.779949
            ],
            [
              -72.0887205,
              43.7799039
            ],
            [
              -72.0887121,
              43.7798996
            ],
            [
              -72.0886513,
              43.7798588
            ],
            [
              -72.08865,
              43.7798578
            ],
            [
              -72.0885879,
              43.779826
            ],
            [
              -72.0885702,
              43.7798137
            ],
            [
              -72.0885496,
              43.7797686
            ],
            [
              -72.0885258,
              43.7797353
            ],
            [
              -72.0885154,
              43.7797234
            ],
            [
              -72.0884793,
              43.7796783
            ],
            [
              -72.0884637,
              43.7796646
            ],
            [
              -72.0884145,
              43.7796332
            ],
            [
              -72.0884016,
              43.7796252
            ],
            [
              -72.0883394,
              43.7795923
            ],
            [
              -72.0883315,
              43.7795881
            ],
            [
              -72.0882773,
              43.7795445
            ],
            [
              -72.0882751,
              43.779543
            ],
            [
              -72.0882229,
              43.7794978
            ],
            [
              -72.0882152,
              43.7794917
            ],
            [
              -72.0881671,
              43.7794527
            ],
            [
              -72.0881531,
              43.7794426
            ],
            [
              -72.0881116,
              43.7794076
            ],
            [
              -72.088091,
              43.7793805
            ],
            [
              -72.0880731,
              43.7793625
            ],
            [
              -72.0880289,
              43.7793247
            ],
            [
              -72.0880215,
              43.7793174
            ],
            [
              -72.0879668,
              43.7792763
            ],
            [
              -72.087962,
              43.7792722
            ],
            [
              -72.0879047,
              43.7792381
            ],
            [
              -72.0878798,
              43.7792271
            ],
            [
              -72.0878426,
              43.7792145
            ],
            [
              -72.0877805,
              43.7791925
            ],
            [
              -72.0877343,
              43.779182
            ],
            [
              -72.0877183,
              43.7791773
            ],
            [
              -72.0876562,
              43.7791499
            ],
            [
              -72.0876348,
              43.7791369
            ],
            [
              -72.0875941,
              43.7791103
            ],
            [
              -72.0875702,
              43.7790918
            ],
            [
              -72.087532,
              43.779075
            ],
            [
              -72.0874709,
              43.7790467
            ],
            [
              -72.0874699,
              43.7790464
            ],
            [
              -72.0874078,
              43.7790237
            ],
            [
              -72.0873623,
              43.7790015
            ],
            [
              -72.0873457,
              43.7789901
            ],
            [
              -72.0872836,
              43.7789575
            ],
            [
              -72.0872818,
              43.7789564
            ],
            [
              -72.0872215,
              43.7789223
            ],
            [
              -72.0872104,
              43.7789113
            ],
            [
              -72.0871594,
              43.7788681
            ],
            [
              -72.0871559,
              43.7788662
            ],
            [
              -72.0871228,
              43.7788211
            ],
            [
              -72.0870973,
              43.7787997
            ],
            [
              -72.0870713,
              43.7787759
            ],
            [
              -72.0870351,
              43.7787497
            ],
            [
              -72.086993,
              43.7787308
            ],
            [
              -72.086973,
              43.778724
            ],
            [
              -72.0869109,
              43.7787072
            ],
            [
              -72.0868503,
              43.7786857
            ],
            [
              -72.0868488,
              43.7786845
            ],
            [
              -72.0867867,
              43.7786461
            ],
            [
              -72.0867772,
              43.7786406
            ],
            [
              -72.0867246,
              43.7786044
            ],
            [
              -72.0867148,
              43.7785955
            ],
            [
              -72.0866625,
              43.7785524
            ],
            [
              -72.0866591,
              43.7785503
            ],
            [
              -72.0866004,
              43.7785163
            ],
            [
              -72.0865786,
              43.7785052
            ],
            [
              -72.0865383,
              43.7784758
            ],
            [
              -72.0865296,
              43.7784601
            ],
            [
              -72.0864762,
              43.778422
            ],
            [
              -72.0864617,
              43.778415
            ],
            [
              -72.086414,
              43.7783749
            ],
            [
              -72.0864058,
              43.7783699
            ],
            [
              -72.0863519,
              43.7783253
            ],
            [
              -72.0863512,
              43.7783247
            ],
            [
              -72.0862898,
              43.7782825
            ],
            [
              -72.086285,
              43.7782796
            ],
            [
              -72.0862277,
              43.7782454
            ],
            [
              -72.0862145,
              43.7782345
            ],
            [
              -72.0861656,
              43.7782015
            ],
            [
              -72.0861398,
              43.7781894
            ],
            [
              -72.0861035,
              43.7781631
            ],
            [
              -72.0860825,
              43.7781443
            ],
            [
              -72.0860414,
              43.7781145
            ],
            [
              -72.0860158,
              43.7780991
            ],
            [
              -72.0859793,
              43.7780759
            ],
            [
              -72.0859368,
              43.778054
            ],
            [
              -72.0859172,
              43.7780413
            ],
            [
              -72.0858773,
              43.7780089
            ],
            [
              -72.0858551,
              43.7779872
            ],
            [
              -72.0858331,
              43.7779638
            ],
            [
              -72.0858383,
              43.7779187
            ],
            [
              -72.0858532,
              43.7778736
            ],
            [
              -72.0858246,
              43.7778284
            ],
            [
              -72.085793,
              43.777805
            ],
            [
              -72.0857681,
              43.7777833
            ],
            [
              -72.0857308,
              43.7777488
            ],
            [
              -72.0857189,
              43.7777382
            ],
            [
              -72.0857,
              43.7777217
            ]
          ]
        ]
      }
    },
    {
      "type": "Feature",
      "id": "contour/580m",
      "properties": {
        "elevation_m": 580,
        "is_index": false
      },
      "geometry": {
        "type": "MultiLineString",
        "coordinates": [
          [
            [
              -72.1044067,
              43.7774
            ],
            [
              -72.104402,
              43.7774224
            ],
            [
              -72.1043728,
              43.7774675
            ],
            [
              -72.1043637,
              43.7774867
            ],
            [
              -72.1043559,
              43.7775126
            ],
            [
              -72.1043296,
              43.7775577
            ],
            [
              -72.1043026,
              43.7776028
            ],
            [
              -72.1043016,
              43.7776038
            ],
            [
              -72.1042757,
              43.777648
            ],
            [
              -72.1042631,
              43.7776931
            ],
            [
              -72.1042395,
              43.7777205
            ],
            [
              -72.1042329,
              43.7777382
            ],
            [
              -72.1042286,
              43.7777833
            ],
            [
              -72.104223,
              43.7778284
            ],
            [
              -72.1041963,
              43.7778736
            ],
            [
              -72.1041774,
              43.7778933
            ],
            [
              -72.1041669,
              43.7779187
            ],
            [
              -72.1041526,
              43.7779638
            ],
            [
              -72.1041492,
              43.7780089
            ],
            [
              -72.1041542,
              43.778054
            ],
            [
              -72.1041774,
              43.7780681
            ],
            [
              -72.1042395,
              43.7780644
            ],
            [
              -72.1043016,
              43.778063
            ],
            [
              -72.1043637,
              43.7780653
            ],
            [
              -72.1044155,
              43.778054
            ],
            [
              -72.1044258,
              43.7780517
            ],
            [
              -72.1044879,
              43.7780448
            ],
            [
              -72.10455,
              43.7780398
            ],
            [
              -72.1046121,
              43.7780418
            ],
            [
              -72.1046742,
              43.7780437
            ],
            [
              -72.104694,
              43.778054
            ],
            [
              -72.1046742,
              43.7780716
            ],
            [
              -72.104651,
              43.7780991
            ],
            [
              -72.1046121,
              43.7781262
            ],
            [
              -72.104594,
              43.7781443
            ],
            [
              -72.10455,
              43.7781837
            ],
            [
              -72.1045444,
              43.7781894
            ],
            [
              -72.1044919,
              43.7782345
            ],
            [
              -72.1044961,
              43.7782796
            ],
            [
              -72.1045464,
              43.7783247
            ],
            [
              -72.10455,
              43.7783287
            ],
            [
              -72.1046121,
              43.7783595
            ],
            [
              -72.1046742,
              43.7783526
            ],
            [
              -72.1047363,
              43.7783295
            ],
            [
              -72.1047612,
              43.7783247
            ],
            [
              -72.1047984,
              43.7783154
            ],
            [
              -72.1048606,
              43.7782855
            ],
            [
              -72.1048629,
              43.7782796
            ],
            [
              -72.1049227,
              43.778246
            ],
            [
              -72.1049358,
              43.7782345
            ],
            [
              -72.104969,
              43.7781894
            ],
            [
              -72.1049848,
              43.7781743
            ],
            [
              -72.1050064,
              43.7781443
            ],
            [
              -72.1050206,
              43.7780991
            ],
            [
              -72.1050407,
              43.778054
            ],
            [
              -72.1050469,
              43.7780495
            ],
            [
              -72.105109,
              43.7780149
            ],
            [
              -72.1051175,
              43.7780089
            ],
            [
              -72.105109,
              43.7779856
            ],
            [
              -72.1050469,
              43.7779803
            ],
            [
              -72.1049848,
              43.7779701
            ],
            [
              -72.1049782,
              43.7779638
            ],
            [
              -72.1049519,
              43.7779187
            ],
            [
              -72.1049848,
              43.7779022
            ],
            [
              -72.1050139,
              43.7778736
            ],
            [
              -72.1050368,
              43.7778284
            ],
            [
              -72.1050469,
              43.7777953
            ],
            [
              -72.1050511,
              43.7777833
            ],
            [
              -72.1050649,
              43.7777382
            ],
            [
              -72.105109,
              43.7777066
            ],
            [
              -72.1051261,
              43.7776931
            ],
            [
              -72.105169,
              43.777648
            ],
            [
              -72.1051711,
              43.7776465
            ],
            [
              -72.1052138,
              43.7776028
            ],
            [
              -72.1052332,
              43.7775646
            ],
            [
              -72.1052366,
              43.7775577
            ],
            [
              -72.1052412,
              43.7775126
            ],
            [
              -72.1052367,
              43.7774675
            ],
            [
              -72.1052332,
              43.7774566
            ],
            [
              -72.105225,
              43.7774224
            ],
            [
              -72.1052213,
              43.7774
            ]
          ],
          [
            [
              -72.0857,
              43.7824107
            ],
            [
              -72.0857308,
              43.7824154
            ],
            [
              -72.085793,
              43.7824151
            ],
            [
              -72.0858551,
              43.7824077
            ],
            [
              -72.0859043,
              43.7823855
            ],
            [
              -72.0859172,
              43.7823536
            ],
            [
              -72.0859215,
              43.7823404
            ],
            [
              -72.0859486,
              43.7822952
            ],
            [
              -72.0859793,
              43.782268
            ],
            [
              -72.0859876,
              43.7822501
            ],
            [
              -72.0859793,
              43.7822223
            ],
            [
              -72.0859733,
              43.782205
            ],
            [
              -72.0859715,
              43.7821599
            ],
            [
              -72.0859793,
              43.7821478
            ],
            [
              -72.0860108,
              43.7821148
            ],
            [
              -72.0860414,
              43.782074
            ],
            [
              -72.086043,
              43.7820696
            ],
            [
              -72.0860429,
              43.7820245
            ],
            [
              -72.0860538,
              43.7819794
            ],
            [
              -72.0860657,
              43.7819343
            ],
            [
              -72.0860739,
              43.7818892
            ],
            [
              -72.0860917,
              43.781844
            ],
            [
              -72.0861035,
              43.7818263
            ],
            [
              -72.0861303,
              43.7817989
            ],
            [
              -72.0861511,
              43.7817538
            ],
            [
              -72.0861656,
              43.7817369
            ],
            [
              -72.0861817,
              43.7817087
            ],
            [
              -72.0861805,
              43.7816636
            ],
            [
              -72.0861707,
              43.7816184
            ],
            [
              -72.0861656,
              43.7816034
            ],
            [
              -72.0861546,
              43.7815733
            ],
            [
              -72.0861338,
              43.7815282
            ],
            [
              -72.0861228,
              43.7814831
            ],
            [
              -72.0861229,
              43.781438
            ],
            [
              -72.0861262,
              43.7813928
            ],
            [
              -72.086158,
              43.7813477
            ],
            [
              -72.0861656,
              43.7813044
            ],
            [
              -72.0861659,
              43.7813026
            ],
            [
              -72.0862091,
              43.7812575
            ],
            [
              -72.0862277,
              43.7812269
            ],
            [
              -72.0862346,
              43.7812124
            ],
            [
              -72.0862277,
              43.7811868
            ],
            [
              -72.0862235,
              43.7811673
            ],
            [
              -72.0862123,
              43.7811221
            ],
            [
              -72.086206,
              43.781077
            ],
            [
              -72.0862041,
              43.7810319
            ],
            [
              -72.0861995,
              43.7809868
            ],
            [
              -72.0861903,
              43.7809417
            ],
            [
              -72.0861783,
              43.7808965
            ],
            [
              -72.086195,
              43.7808514
            ],
            [
              -72.0862277,
              43.780832
            ],
            [
              -72.0862898,
              43.7808085
            ],
            [
              -72.0863017,
              43.7808063
            ],
            [
              -72.0863474,
              43.7807612
            ],
            [
              -72.0863519,
              43.7807539
            ],
            [
              -72.086377,
              43.7807161
            ],
            [
              -72.086414,
              43.7806966
            ],
            [
              -72.0864762,
              43.7806851
            ],
            [
              -72.0865383,
              43.7806856
            ],
            [
              -72.0866004,
              43.7806884
            ],
            [
              -72.0866625,
              43.7806878
            ],
            [
              -72.0867246,
              43.7806717
            ],
            [
              -72.086726,
              43.7806709
            ],
            [
              -72.0867498,
              43.7806258
            ],
            [
              -72.0867484,
              43.7805807
            ],
            [
              -72.0867463,
              43.7805356
            ],
            [
              -72.0867693,
              43.7804905
            ],
            [
              -72.0867867,
              43.7804701
            ],
            [
              -72.0868368,
              43.7804453
            ],
            [
              -72.0868488,
              43.7804415
            ],
            [
              -72.0869109,
              43.7804043
            ],
            [
              -72.086915,
              43.7804002
            ],
            [
              -72.0869311,
              43.7803551
            ],
            [
              -72.0869504,
              43.78031
            ],
            [
              -72.0869533,
              43.7802649
            ],
            [
              -72.0869414,
              43.7802198
            ],
            [
              -72.0869257,
              43.7801746
            ],
            [
              -72.0869242,
              43.7801295
            ],
            [
              -72.0869484,
              43.7800844
            ],
            [
              -72.086973,
              43.7800543
            ],
            [
              -72.086983,
              43.7800393
            ],
            [
              -72.0870008,
              43.7799942
            ],
            [
              -72.0869991,
              43.779949
            ],
            [
              -72.0869846,
              43.7799039
            ],
            [
              -72.086973,
              43.7798786
            ],
            [
              -72.0869653,
              43.7798588
            ],
            [
              -72.0869474,
              43.7798137
            ],
            [
              -72.0869161,
              43.7797686
            ],
            [
              -72.0869593,
              43.7797234
            ],
            [
              -72.0869665,
              43.7796783
            ],
            [
              -72.0869334,
              43.7796332
            ],
            [
              -72.0869399,
              43.7795881
            ],
            [
              -72.086973,
              43.7795476
            ],
            [
              -72.0869754,
              43.779543
            ],
            [
              -72.086973,
              43.7795249
            ],
            [
              -72.0869678,
              43.7794978
            ],
            [
              -72.0869351,
              43.7794527
            ],
            [
              -72.0869334,
              43.7794076
            ],
            [
              -72.0869109,
              43.7793907
            ],
            [
              -72.0868898,
              43.7793625
            ],
            [
              -72.0868488,
              43.7793179
            ],
            [
              -72.0868485,
              43.7793174
            ],
            [
              -72.0868199,
              43.7792722
            ],
            [
              -72.0867867,
              43.7792425
            ],
            [
              -72.0867702,
              43.7792271
            ],
            [
              -72.0867246,
              43.7791887
            ],
            [
              -72.0867174,
              43.779182
            ],
            [
              -72.0866791,
              43.7791369
            ],
            [
              -72.0866625,
              43.7791121
            ],
            [
              -72.0866481,
              43.7790918
            ],
            [
              -72.0866092,
              43.7790467
            ],
            [
              -72.0866004,
              43.7790383
            ],
            [
              -72.086562,
              43.7790015
            ],
            [
              -72.0865383,
              43.7789829
            ],
            [
              -72.0865043,
              43.7789564
            ],
            [
              -72.0864762,
              43.7789347
            ],
            [
              -72.0864473,
              43.7789113
            ],
            [
              -72.086414,
              43.7788772
            ],
            [
              -72.0863998,
              43.7788662
            ],
            [
              -72.0863519,
              43.7788337
            ],
            [
              -72.0863351,
              43.7788211
            ],
            [
              -72.0862898,
              43.7787863
            ],
            [
              -72.0862783,
              43.7787759
            ],
            [
              -72.0862277,
              43.7787321
            ],
            [
              -72.0862262,
              43.7787308
            ],
            [
              -72.08618,
              43.7786857
            ],
            [
              -72.0861656,
              43.7786723
            ],
            [
              -72.0861345,
              43.7786406
            ],
            [
              -72.0861035,
              43.778605
            ],
            [
              -72.0860953,
              43.7785955
            ],
            [
              -72.086063,
              43.7785503
            ],
            [
              -72.0860414,
              43.7785211
            ],
            [
              -72.0860311,
              43.7785052
            ],
            [
              -72.0860364,
              43.7784601
            ],
            [
              -72.0860367,
              43.778415
            ],
            [
              -72.0859793,
              43.7784002
            ],
            [
              -72.0859462,
              43.7783699
            ],
            [
              -72.0859172,
              43.7783535
            ],
            [
              -72.0858799,
              43.7783247
            ],
            [
              -72.0858551,
              43.7782996
            ],
            [
              -72.0858317,
              43.7782796
            ],
            [
              -72.085793,
              43.7782419
            ],
            [
              -72.0857849,
              43.7782345
            ],
            [
              -72.0857446,
              43.7781894
            ],
            [
              -72.0857373,
              43.7781443
            ],
            [
              -72.0857308,
              43.7781362
            ],
            [
              -72.0857,
              43.7781133
            ]
          ]
        ]
      }
    },
    {
      "type": "Feature",
      "id": "contour/600m",
      "properties": {
        "elevation_m": 600,
        "is_index": true
      },
      "geometry": {
        "type": "MultiLineString",
        "coordinates": [
          [
            [
              -72.0857,
              43.7794626
            ],
            [
              -72.0857019,
              43.7794527
            ],
            [
              -72.0857042,
              43.7794076
            ],
            [
              -72.0857035,
              43.7793625
            ],
            [
              -72.0857115,
              43.7793174
            ],
            [
              -72.0857308,
              43.779302
            ],
            [
              -72.0857593,
              43.7792722
            ],
            [
              -72.0857782,
              43.7792271
            ],
            [
              -72.085793,
              43.7791846
            ],
            [
              -72.085794,
              43.779182
            ],
            [
              -72.0858169,
              43.7791369
            ],
            [
              -72.0858135,
              43.7790918
            ],
            [
              -72.085823,
              43.7790467
            ],
            [
              -72.0858263,
              43.7790015
            ],
            [
              -72.0858551,
              43.7789912
            ],
            [
              -72.0858637,
              43.7789564
            ],
            [
              -72.0858585,
              43.7789113
            ],
            [
              -72.0858572,
              43.7788662
            ],
            [
              -72.0858551,
              43.7788636
            ],
            [
              -72.0858135,
              43.7788211
            ],
            [
              -72.085793,
              43.778797
            ],
            [
              -72.0857617,
              43.7787759
            ],
            [
              -72.0857429,
              43.7787308
            ],
            [
              -72.0857308,
              43.7787179
            ],
            [
              -72.0857023,
              43.7786857
            ],
            [
              -72.0857,
              43.7786823
            ]
          ]
        ]
      }
    }
  ]
}
